
--1. Insertar datos en tabla Region
INSERT INTO Region (RegionID,RegionDescription) VALUES (1,'Eastern');
INSERT INTO Region (RegionID,RegionDescription) VALUES (2,'Western');
INSERT INTO Region (RegionID,RegionDescription) VALUES (3,'Northern');
INSERT INTO Region (RegionID,RegionDescription) VALUES (4,'Southern');

--2. Insertar datos en tabla Territories
INSERT INTO Territories (TerritoryID,TerritoryDescription,RegionID) VALUES (01581,'Westboro',1);
INSERT INTO Territories (TerritoryID,TerritoryDescription,RegionID) VALUES (01730,'Bedford',1);
INSERT INTO Territories (TerritoryID,TerritoryDescription,RegionID) VALUES (01833,'Georgetow',1);
INSERT INTO Territories (TerritoryID,TerritoryDescription,RegionID) VALUES (02116,'Boston',1);
INSERT INTO Territories (TerritoryID,TerritoryDescription,RegionID) VALUES (02139,'Cambridge',1);
INSERT INTO Territories (TerritoryID,TerritoryDescription,RegionID) VALUES (02184,'Braintree',1);
INSERT INTO Territories (TerritoryID,TerritoryDescription,RegionID) VALUES (02903,'Providence',1);
INSERT INTO Territories (TerritoryID,TerritoryDescription,RegionID) VALUES (03049,'Hollis',3);
INSERT INTO Territories (TerritoryID,TerritoryDescription,RegionID) VALUES (03801,'Portsmouth',3);
INSERT INTO Territories (TerritoryID,TerritoryDescription,RegionID) VALUES (06897,'Wilton',1);
INSERT INTO Territories (TerritoryID,TerritoryDescription,RegionID) VALUES (07960,'Morristown',1);
INSERT INTO Territories (TerritoryID,TerritoryDescription,RegionID) VALUES (08837,'Edison',1);
INSERT INTO Territories (TerritoryID,TerritoryDescription,RegionID) VALUES (10019,'New York',1);
INSERT INTO Territories (TerritoryID,TerritoryDescription,RegionID) VALUES (10038,'New York',1);
INSERT INTO Territories (TerritoryID,TerritoryDescription,RegionID) VALUES (11747,'Mellvile',1);
INSERT INTO Territories (TerritoryID,TerritoryDescription,RegionID) VALUES (14450,'Fairport',1);
INSERT INTO Territories (TerritoryID,TerritoryDescription,RegionID) VALUES (19428,'Philadelphia',3);
INSERT INTO Territories (TerritoryID,TerritoryDescription,RegionID) VALUES (19713,'Neward',1);
INSERT INTO Territories (TerritoryID,TerritoryDescription,RegionID) VALUES (20852,'Rockville',1);
INSERT INTO Territories (TerritoryID,TerritoryDescription,RegionID) VALUES (27403,'Greensboro',1);
INSERT INTO Territories (TerritoryID,TerritoryDescription,RegionID) VALUES (27511,'Cary',1);
INSERT INTO Territories (TerritoryID,TerritoryDescription,RegionID) VALUES (29202,'Columbia',4);
INSERT INTO Territories (TerritoryID,TerritoryDescription,RegionID) VALUES (30346,'Atlanta',4);
INSERT INTO Territories (TerritoryID,TerritoryDescription,RegionID) VALUES (31406,'Savannah',4);
INSERT INTO Territories (TerritoryID,TerritoryDescription,RegionID) VALUES (32859,'Orlando',4);
INSERT INTO Territories (TerritoryID,TerritoryDescription,RegionID) VALUES (33607,'Tampa',4);
INSERT INTO Territories (TerritoryID,TerritoryDescription,RegionID) VALUES (40222,'Louisville',1);
INSERT INTO Territories (TerritoryID,TerritoryDescription,RegionID) VALUES (44122,'Beachwood',3);
INSERT INTO Territories (TerritoryID,TerritoryDescription,RegionID) VALUES (45839,'Findlay',3);
INSERT INTO Territories (TerritoryID,TerritoryDescription,RegionID) VALUES (48075,'Southfield',3);
INSERT INTO Territories (TerritoryID,TerritoryDescription,RegionID) VALUES (48084,'Troy',3);
INSERT INTO Territories (TerritoryID,TerritoryDescription,RegionID) VALUES (48304,'Bloomfield Hills',3);
INSERT INTO Territories (TerritoryID,TerritoryDescription,RegionID) VALUES (53404,'Racine',3);
INSERT INTO Territories (TerritoryID,TerritoryDescription,RegionID) VALUES (55113,'Roseville',3);
INSERT INTO Territories (TerritoryID,TerritoryDescription,RegionID) VALUES (55439,'Minneapolis',3);
INSERT INTO Territories (TerritoryID,TerritoryDescription,RegionID) VALUES (60179,'Hoffman Estates',2);
INSERT INTO Territories (TerritoryID,TerritoryDescription,RegionID) VALUES (60601,'Chicago',2);
INSERT INTO Territories (TerritoryID,TerritoryDescription,RegionID) VALUES (72716,'Bentonville',4);
INSERT INTO Territories (TerritoryID,TerritoryDescription,RegionID) VALUES (75234,'Dallas',4);
INSERT INTO Territories (TerritoryID,TerritoryDescription,RegionID) VALUES (78759,'Austin',4);
INSERT INTO Territories (TerritoryID,TerritoryDescription,RegionID) VALUES (80202,'Denver',2);
INSERT INTO Territories (TerritoryID,TerritoryDescription,RegionID) VALUES (80909,'Colorado Springs',2);
INSERT INTO Territories (TerritoryID,TerritoryDescription,RegionID) VALUES (85014,'Phoenix',2);
INSERT INTO Territories (TerritoryID,TerritoryDescription,RegionID) VALUES (85251,'Scottsdale',2);
INSERT INTO Territories (TerritoryID,TerritoryDescription,RegionID) VALUES (90405,'Santa Monica',2);
INSERT INTO Territories (TerritoryID,TerritoryDescription,RegionID) VALUES (94025,'Menlo Park',2);
INSERT INTO Territories (TerritoryID,TerritoryDescription,RegionID) VALUES (94105,'San Francisco',2);
INSERT INTO Territories (TerritoryID,TerritoryDescription,RegionID) VALUES (95008,'Campbell',2);
INSERT INTO Territories (TerritoryID,TerritoryDescription,RegionID) VALUES (95054,'Santa Clara',2);
INSERT INTO Territories (TerritoryID,TerritoryDescription,RegionID) VALUES (95060,'Santa Cruz',2);
INSERT INTO Territories (TerritoryID,TerritoryDescription,RegionID) VALUES (98004,'Bellevue',2);
INSERT INTO Territories (TerritoryID,TerritoryDescription,RegionID) VALUES (98052,'Redmond',2);
INSERT INTO Territories (TerritoryID,TerritoryDescription,RegionID) VALUES (98104,'Seattle',2);



--3. Insertar datos en tabla Employees
INSERT INTO Employees (EmployeeID,LastName,FirstName,Address,City,Region,Country,ReportsTo) VALUES (1,'Davolio','Nancy','507 - 20th Ave. E.  Apt. 2A','Seattle','WA','USA',NULL);
INSERT INTO Employees (EmployeeID,LastName,FirstName,Address,City,Region,Country,ReportsTo) VALUES (2,'Fuller','Andrew','908 W. Capital Way','Tacoma','WA','USA',NULL);
INSERT INTO Employees (EmployeeID,LastName,FirstName,Address,City,Region,Country,ReportsTo) VALUES (3,'Leverling','Janet','722 Moss Bay Blvd.','Kirkland','WA','USA',NULL);
INSERT INTO Employees (EmployeeID,LastName,FirstName,Address,City,Region,Country,ReportsTo) VALUES (4,'Peacock','Margaret','4110 Old Redmond Rd.','Redmond','WA','USA',NULL);
INSERT INTO Employees (EmployeeID,LastName,FirstName,Address,City,Region,Country,ReportsTo) VALUES (5,'Buchanan','Steven','14 Garrett Hill','London','NULL','UK',NULL);
INSERT INTO Employees (EmployeeID,LastName,FirstName,Address,City,Region,Country,ReportsTo) VALUES (6,'Suyama','Michael','Coventry House  Miner Rd.','London','NULL','UK',NULL);
INSERT INTO Employees (EmployeeID,LastName,FirstName,Address,City,Region,Country,ReportsTo) VALUES (7,'King','Robert','Edgeham Hollow  Winchester Way','London','NULL','UK',NULL);
INSERT INTO Employees (EmployeeID,LastName,FirstName,Address,City,Region,Country,ReportsTo) VALUES (8,'Callahan','Laura','4726 - 11th Ave. N.E.','Seattle','WA','USA',NULL);
INSERT INTO Employees (EmployeeID,LastName,FirstName,Address,City,Region,Country,ReportsTo) VALUES (9,'Dodsworth','Anne','7 Houndstooth Rd.','London','NULL','UK',NULL);

--Actualizar Llave FK
UPDATE Employees SET ReportsTo=2 WHERE EmployeeID=1;
UPDATE Employees SET ReportsTo=NULL WHERE EmployeeID=2;
UPDATE Employees SET ReportsTo=2 WHERE EmployeeID=3;
UPDATE Employees SET ReportsTo=2 WHERE EmployeeID=4;
UPDATE Employees SET ReportsTo=2 WHERE EmployeeID=5;
UPDATE Employees SET ReportsTo=5 WHERE EmployeeID=6;
UPDATE Employees SET ReportsTo=5 WHERE EmployeeID=7;
UPDATE Employees SET ReportsTo=2 WHERE EmployeeID=8;
UPDATE Employees SET ReportsTo=5 WHERE EmployeeID=9;


--4. Insertar datos en tabla EmployeeTerritories
INSERT INTO EmployeeTerritories (EmployeeID,TerritoryID) VALUES (1,06897);
INSERT INTO EmployeeTerritories (EmployeeID,TerritoryID) VALUES (1,19713);
INSERT INTO EmployeeTerritories (EmployeeID,TerritoryID) VALUES (2,01581);
INSERT INTO EmployeeTerritories (EmployeeID,TerritoryID) VALUES (2,01730);
INSERT INTO EmployeeTerritories (EmployeeID,TerritoryID) VALUES (2,01833);
INSERT INTO EmployeeTerritories (EmployeeID,TerritoryID) VALUES (2,02116);
INSERT INTO EmployeeTerritories (EmployeeID,TerritoryID) VALUES (2,02139);
INSERT INTO EmployeeTerritories (EmployeeID,TerritoryID) VALUES (2,02184);
INSERT INTO EmployeeTerritories (EmployeeID,TerritoryID) VALUES (2,40222);
INSERT INTO EmployeeTerritories (EmployeeID,TerritoryID) VALUES (3,30346);
INSERT INTO EmployeeTerritories (EmployeeID,TerritoryID) VALUES (3,31406);
INSERT INTO EmployeeTerritories (EmployeeID,TerritoryID) VALUES (3,32859);
INSERT INTO EmployeeTerritories (EmployeeID,TerritoryID) VALUES (3,33607);
INSERT INTO EmployeeTerritories (EmployeeID,TerritoryID) VALUES (4,20852);
INSERT INTO EmployeeTerritories (EmployeeID,TerritoryID) VALUES (4,27403);
INSERT INTO EmployeeTerritories (EmployeeID,TerritoryID) VALUES (4,27511);
INSERT INTO EmployeeTerritories (EmployeeID,TerritoryID) VALUES (5,02903);
INSERT INTO EmployeeTerritories (EmployeeID,TerritoryID) VALUES (5,07960);
INSERT INTO EmployeeTerritories (EmployeeID,TerritoryID) VALUES (5,08837);
INSERT INTO EmployeeTerritories (EmployeeID,TerritoryID) VALUES (5,10019);
INSERT INTO EmployeeTerritories (EmployeeID,TerritoryID) VALUES (5,10038);
INSERT INTO EmployeeTerritories (EmployeeID,TerritoryID) VALUES (5,11747);
INSERT INTO EmployeeTerritories (EmployeeID,TerritoryID) VALUES (5,14450);
INSERT INTO EmployeeTerritories (EmployeeID,TerritoryID) VALUES (6,85014);
INSERT INTO EmployeeTerritories (EmployeeID,TerritoryID) VALUES (6,85251);
INSERT INTO EmployeeTerritories (EmployeeID,TerritoryID) VALUES (6,98004);
INSERT INTO EmployeeTerritories (EmployeeID,TerritoryID) VALUES (6,98052);
INSERT INTO EmployeeTerritories (EmployeeID,TerritoryID) VALUES (6,98104);
INSERT INTO EmployeeTerritories (EmployeeID,TerritoryID) VALUES (7,60179);
INSERT INTO EmployeeTerritories (EmployeeID,TerritoryID) VALUES (7,60601);
INSERT INTO EmployeeTerritories (EmployeeID,TerritoryID) VALUES (7,80202);
INSERT INTO EmployeeTerritories (EmployeeID,TerritoryID) VALUES (7,80909);
INSERT INTO EmployeeTerritories (EmployeeID,TerritoryID) VALUES (7,90405);
INSERT INTO EmployeeTerritories (EmployeeID,TerritoryID) VALUES (7,94025);
INSERT INTO EmployeeTerritories (EmployeeID,TerritoryID) VALUES (7,94105);
INSERT INTO EmployeeTerritories (EmployeeID,TerritoryID) VALUES (7,95008);
INSERT INTO EmployeeTerritories (EmployeeID,TerritoryID) VALUES (7,95054);
INSERT INTO EmployeeTerritories (EmployeeID,TerritoryID) VALUES (7,95060);
INSERT INTO EmployeeTerritories (EmployeeID,TerritoryID) VALUES (8,19428);
INSERT INTO EmployeeTerritories (EmployeeID,TerritoryID) VALUES (8,44122);
INSERT INTO EmployeeTerritories (EmployeeID,TerritoryID) VALUES (8,45839);
INSERT INTO EmployeeTerritories (EmployeeID,TerritoryID) VALUES (8,53404);
INSERT INTO EmployeeTerritories (EmployeeID,TerritoryID) VALUES (9,03049);
INSERT INTO EmployeeTerritories (EmployeeID,TerritoryID) VALUES (9,03801);
INSERT INTO EmployeeTerritories (EmployeeID,TerritoryID) VALUES (9,48075);
INSERT INTO EmployeeTerritories (EmployeeID,TerritoryID) VALUES (9,48084);
INSERT INTO EmployeeTerritories (EmployeeID,TerritoryID) VALUES (9,48304);
INSERT INTO EmployeeTerritories (EmployeeID,TerritoryID) VALUES (9,55113);
INSERT INTO EmployeeTerritories (EmployeeID,TerritoryID) VALUES (9,55439);

INSERT INTO Orders (OrderID,EmployeeID,OrderDate,Freight,ShipCity,ShipCountry) VALUES (10248,5,'1996-07-04 00:00:00.000',32.38,'Reims','France');
INSERT INTO Orders (OrderID,EmployeeID,OrderDate,Freight,ShipCity,ShipCountry) VALUES (10249,6,'1996-07-05 00:00:00.000',11.61,'Münster','Germany');
INSERT INTO Orders (OrderID,EmployeeID,OrderDate,Freight,ShipCity,ShipCountry) VALUES (10250,4,'1996-07-08 00:00:00.000',65.83,'Rio de Janeiro','Brazil');
INSERT INTO Orders (OrderID,EmployeeID,OrderDate,Freight,ShipCity,ShipCountry) VALUES (10251,3,'1996-07-08 00:00:00.000',41.34,'Lyon','France');
INSERT INTO Orders (OrderID,EmployeeID,OrderDate,Freight,ShipCity,ShipCountry) VALUES (10252,4,'1996-07-09 00:00:00.000',51.3,'Charleroi','Belgium');
INSERT INTO Orders (OrderID,EmployeeID,OrderDate,Freight,ShipCity,ShipCountry) VALUES (10253,3,'1996-07-10 00:00:00.000',58.17,'Rio de Janeiro','Brazil');
INSERT INTO Orders (OrderID,EmployeeID,OrderDate,Freight,ShipCity,ShipCountry) VALUES (10254,5,'1996-07-11 00:00:00.000',22.98,'Bern','Switzerland');
INSERT INTO Orders (OrderID,EmployeeID,OrderDate,Freight,ShipCity,ShipCountry) VALUES (10255,9,'1996-07-12 00:00:00.000',148.33,'Genève','Switzerland');
INSERT INTO Orders (OrderID,EmployeeID,OrderDate,Freight,ShipCity,ShipCountry) VALUES (10256,3,'1996-07-15 00:00:00.000',13.97,'Resende','Brazil');
INSERT INTO Orders (OrderID,EmployeeID,OrderDate,Freight,ShipCity,ShipCountry) VALUES (10257,4,'1996-07-16 00:00:00.000',81.91,'San Cristóbal','Venezuela');
INSERT INTO Orders (OrderID,EmployeeID,OrderDate,Freight,ShipCity,ShipCountry) VALUES (10258,1,'1996-07-17 00:00:00.000',140.51,'Graz','Austria');
INSERT INTO Orders (OrderID,EmployeeID,OrderDate,Freight,ShipCity,ShipCountry) VALUES (10259,4,'1996-07-18 00:00:00.000',3.25,'México D.F.','Mexico');
INSERT INTO Orders (OrderID,EmployeeID,OrderDate,Freight,ShipCity,ShipCountry) VALUES (10260,4,'1996-07-19 00:00:00.000',55.09,'Köln','Germany');
INSERT INTO Orders (OrderID,EmployeeID,OrderDate,Freight,ShipCity,ShipCountry) VALUES (10261,4,'1996-07-19 00:00:00.000',3.05,'Rio de Janeiro','Brazil');
INSERT INTO Orders (OrderID,EmployeeID,OrderDate,Freight,ShipCity,ShipCountry) VALUES (10262,8,'1996-07-22 00:00:00.000',48.29,'Albuquerque','USA');
INSERT INTO Orders (OrderID,EmployeeID,OrderDate,Freight,ShipCity,ShipCountry) VALUES (10263,9,'1996-07-23 00:00:00.000',146.06,'Graz','Austria');
INSERT INTO Orders (OrderID,EmployeeID,OrderDate,Freight,ShipCity,ShipCountry) VALUES (10264,6,'1996-07-24 00:00:00.000',3.67,'Bräcke','Sweden');
INSERT INTO Orders (OrderID,EmployeeID,OrderDate,Freight,ShipCity,ShipCountry) VALUES (10265,2,'1996-07-25 00:00:00.000',55.28,'Strasbourg','France');
INSERT INTO Orders (OrderID,EmployeeID,OrderDate,Freight,ShipCity,ShipCountry) VALUES (10266,3,'1996-07-26 00:00:00.000',25.73,'Oulu','Finland');
INSERT INTO Orders (OrderID,EmployeeID,OrderDate,Freight,ShipCity,ShipCountry) VALUES (10267,4,'1996-07-29 00:00:00.000',208.58,'München','Germany');
INSERT INTO Orders (OrderID,EmployeeID,OrderDate,Freight,ShipCity,ShipCountry) VALUES (10268,8,'1996-07-30 00:00:00.000',66.29,'Caracas','Venezuela');
INSERT INTO Orders (OrderID,EmployeeID,OrderDate,Freight,ShipCity,ShipCountry) VALUES (10269,5,'1996-07-31 00:00:00.000',4.56,'Seattle','USA');
INSERT INTO Orders (OrderID,EmployeeID,OrderDate,Freight,ShipCity,ShipCountry) VALUES (10270,1,'1996-08-01 00:00:00.000',136.54,'Oulu','Finland');
INSERT INTO Orders (OrderID,EmployeeID,OrderDate,Freight,ShipCity,ShipCountry) VALUES (10271,6,'1996-08-01 00:00:00.000',4.54,'Lander','USA');
INSERT INTO Orders (OrderID,EmployeeID,OrderDate,Freight,ShipCity,ShipCountry) VALUES (10272,6,'1996-08-02 00:00:00.000',98.03,'Albuquerque','USA');
INSERT INTO Orders (OrderID,EmployeeID,OrderDate,Freight,ShipCity,ShipCountry) VALUES (10273,3,'1996-08-05 00:00:00.000',76.07,'Cunewalde','Germany');
INSERT INTO Orders (OrderID,EmployeeID,OrderDate,Freight,ShipCity,ShipCountry) VALUES (10274,6,'1996-08-06 00:00:00.000',6.01,'Reims','France');
INSERT INTO Orders (OrderID,EmployeeID,OrderDate,Freight,ShipCity,ShipCountry) VALUES (10275,1,'1996-08-07 00:00:00.000',26.93,'Bergamo','Italy');
INSERT INTO Orders (OrderID,EmployeeID,OrderDate,Freight,ShipCity,ShipCountry) VALUES (10276,8,'1996-08-08 00:00:00.000',13.84,'México D.F.','Mexico');
INSERT INTO Orders (OrderID,EmployeeID,OrderDate,Freight,ShipCity,ShipCountry) VALUES (10277,2,'1996-08-09 00:00:00.000',125.77,'Leipzig','Germany');
INSERT INTO Orders (OrderID,EmployeeID,OrderDate,Freight,ShipCity,ShipCountry) VALUES (10278,8,'1996-08-12 00:00:00.000',92.69,'Luleå','Sweden');
INSERT INTO Orders (OrderID,EmployeeID,OrderDate,Freight,ShipCity,ShipCountry) VALUES (10279,8,'1996-08-13 00:00:00.000',25.83,'Frankfurt a.M.','Germany');
INSERT INTO Orders (OrderID,EmployeeID,OrderDate,Freight,ShipCity,ShipCountry) VALUES (10280,2,'1996-08-14 00:00:00.000',8.98,'Luleå','Sweden');
INSERT INTO Orders (OrderID,EmployeeID,OrderDate,Freight,ShipCity,ShipCountry) VALUES (10281,4,'1996-08-14 00:00:00.000',2.94,'Madrid','Spain');
INSERT INTO Orders (OrderID,EmployeeID,OrderDate,Freight,ShipCity,ShipCountry) VALUES (10282,4,'1996-08-15 00:00:00.000',12.69,'Madrid','Spain');
INSERT INTO Orders (OrderID,EmployeeID,OrderDate,Freight,ShipCity,ShipCountry) VALUES (10283,3,'1996-08-16 00:00:00.000',84.81,'Barquisimeto','Venezuela');
INSERT INTO Orders (OrderID,EmployeeID,OrderDate,Freight,ShipCity,ShipCountry) VALUES (10284,4,'1996-08-19 00:00:00.000',76.56,'Frankfurt a.M.','Germany');
INSERT INTO Orders (OrderID,EmployeeID,OrderDate,Freight,ShipCity,ShipCountry) VALUES (10285,1,'1996-08-20 00:00:00.000',76.83,'Cunewalde','Germany');
INSERT INTO Orders (OrderID,EmployeeID,OrderDate,Freight,ShipCity,ShipCountry) VALUES (10286,8,'1996-08-21 00:00:00.000',229.24,'Cunewalde','Germany');
INSERT INTO Orders (OrderID,EmployeeID,OrderDate,Freight,ShipCity,ShipCountry) VALUES (10287,8,'1996-08-22 00:00:00.000',12.76,'Rio de Janeiro','Brazil');
INSERT INTO Orders (OrderID,EmployeeID,OrderDate,Freight,ShipCity,ShipCountry) VALUES (10288,4,'1996-08-23 00:00:00.000',7.45,'Reggio Emilia','Italy');
INSERT INTO Orders (OrderID,EmployeeID,OrderDate,Freight,ShipCity,ShipCountry) VALUES (10289,7,'1996-08-26 00:00:00.000',22.77,'London','UK');
INSERT INTO Orders (OrderID,EmployeeID,OrderDate,Freight,ShipCity,ShipCountry) VALUES (10290,8,'1996-08-27 00:00:00.000',79.7,'Sao Paulo','Brazil');
INSERT INTO Orders (OrderID,EmployeeID,OrderDate,Freight,ShipCity,ShipCountry) VALUES (10291,6,'1996-08-27 00:00:00.000',6.4,'Rio de Janeiro','Brazil');
INSERT INTO Orders (OrderID,EmployeeID,OrderDate,Freight,ShipCity,ShipCountry) VALUES (10292,1,'1996-08-28 00:00:00.000',1.35,'Sao Paulo','Brazil');
INSERT INTO Orders (OrderID,EmployeeID,OrderDate,Freight,ShipCity,ShipCountry) VALUES (10293,1,'1996-08-29 00:00:00.000',21.18,'México D.F.','Mexico');
INSERT INTO Orders (OrderID,EmployeeID,OrderDate,Freight,ShipCity,ShipCountry) VALUES (10294,4,'1996-08-30 00:00:00.000',147.26,'Albuquerque','USA');
INSERT INTO Orders (OrderID,EmployeeID,OrderDate,Freight,ShipCity,ShipCountry) VALUES (10295,2,'1996-09-02 00:00:00.000',1.15,'Reims','France');
INSERT INTO Orders (OrderID,EmployeeID,OrderDate,Freight,ShipCity,ShipCountry) VALUES (10296,6,'1996-09-03 00:00:00.000',0.12,'Barquisimeto','Venezuela');
INSERT INTO Orders (OrderID,EmployeeID,OrderDate,Freight,ShipCity,ShipCountry) VALUES (10297,5,'1996-09-04 00:00:00.000',5.74,'Strasbourg','France');
INSERT INTO Orders (OrderID,EmployeeID,OrderDate,Freight,ShipCity,ShipCountry) VALUES (10298,6,'1996-09-05 00:00:00.000',168.22,'Cork','Ireland');
INSERT INTO Orders (OrderID,EmployeeID,OrderDate,Freight,ShipCity,ShipCountry) VALUES (10299,4,'1996-09-06 00:00:00.000',29.76,'Rio de Janeiro','Brazil');
INSERT INTO Orders (OrderID,EmployeeID,OrderDate,Freight,ShipCity,ShipCountry) VALUES (10300,2,'1996-09-09 00:00:00.000',17.68,'Bergamo','Italy');
INSERT INTO Orders (OrderID,EmployeeID,OrderDate,Freight,ShipCity,ShipCountry) VALUES (10301,8,'1996-09-09 00:00:00.000',45.08,'Stuttgart','Germany');
INSERT INTO Orders (OrderID,EmployeeID,OrderDate,Freight,ShipCity,ShipCountry) VALUES (10302,4,'1996-09-10 00:00:00.000',6.27,'Charleroi','Belgium');
INSERT INTO Orders (OrderID,EmployeeID,OrderDate,Freight,ShipCity,ShipCountry) VALUES (10303,7,'1996-09-11 00:00:00.000',107.83,'Sevilla','Spain');
INSERT INTO Orders (OrderID,EmployeeID,OrderDate,Freight,ShipCity,ShipCountry) VALUES (10304,1,'1996-09-12 00:00:00.000',63.79,'México D.F.','Mexico');
INSERT INTO Orders (OrderID,EmployeeID,OrderDate,Freight,ShipCity,ShipCountry) VALUES (10305,8,'1996-09-13 00:00:00.000',257.62,'Anchorage','USA');
INSERT INTO Orders (OrderID,EmployeeID,OrderDate,Freight,ShipCity,ShipCountry) VALUES (10306,1,'1996-09-16 00:00:00.000',7.56,'Madrid','Spain');
INSERT INTO Orders (OrderID,EmployeeID,OrderDate,Freight,ShipCity,ShipCountry) VALUES (10307,2,'1996-09-17 00:00:00.000',0.56,'Portland','USA');
INSERT INTO Orders (OrderID,EmployeeID,OrderDate,Freight,ShipCity,ShipCountry) VALUES (10308,7,'1996-09-18 00:00:00.000',1.61,'México D.F.','Mexico');
INSERT INTO Orders (OrderID,EmployeeID,OrderDate,Freight,ShipCity,ShipCountry) VALUES (10309,3,'1996-09-19 00:00:00.000',47.3,'Cork','Ireland');
INSERT INTO Orders (OrderID,EmployeeID,OrderDate,Freight,ShipCity,ShipCountry) VALUES (10310,8,'1996-09-20 00:00:00.000',17.52,'Portland','USA');
INSERT INTO Orders (OrderID,EmployeeID,OrderDate,Freight,ShipCity,ShipCountry) VALUES (10311,1,'1996-09-20 00:00:00.000',24.69,'Nantes','France');
INSERT INTO Orders (OrderID,EmployeeID,OrderDate,Freight,ShipCity,ShipCountry) VALUES (10312,2,'1996-09-23 00:00:00.000',40.26,'Stuttgart','Germany');
INSERT INTO Orders (OrderID,EmployeeID,OrderDate,Freight,ShipCity,ShipCountry) VALUES (10313,2,'1996-09-24 00:00:00.000',1.96,'Cunewalde','Germany');
INSERT INTO Orders (OrderID,EmployeeID,OrderDate,Freight,ShipCity,ShipCountry) VALUES (10314,1,'1996-09-25 00:00:00.000',74.16,'Albuquerque','USA');
INSERT INTO Orders (OrderID,EmployeeID,OrderDate,Freight,ShipCity,ShipCountry) VALUES (10315,4,'1996-09-26 00:00:00.000',41.76,'Cowes','UK');
INSERT INTO Orders (OrderID,EmployeeID,OrderDate,Freight,ShipCity,ShipCountry) VALUES (10316,1,'1996-09-27 00:00:00.000',150.15,'Albuquerque','USA');
INSERT INTO Orders (OrderID,EmployeeID,OrderDate,Freight,ShipCity,ShipCountry) VALUES (10317,6,'1996-09-30 00:00:00.000',12.69,'Portland','USA');
INSERT INTO Orders (OrderID,EmployeeID,OrderDate,Freight,ShipCity,ShipCountry) VALUES (10318,8,'1996-10-01 00:00:00.000',4.73,'Cowes','UK');
INSERT INTO Orders (OrderID,EmployeeID,OrderDate,Freight,ShipCity,ShipCountry) VALUES (10319,7,'1996-10-02 00:00:00.000',64.5,'México D.F.','Mexico');
INSERT INTO Orders (OrderID,EmployeeID,OrderDate,Freight,ShipCity,ShipCountry) VALUES (10320,5,'1996-10-03 00:00:00.000',34.57,'Oulu','Finland');
INSERT INTO Orders (OrderID,EmployeeID,OrderDate,Freight,ShipCity,ShipCountry) VALUES (10321,3,'1996-10-03 00:00:00.000',3.43,'Cowes','UK');
INSERT INTO Orders (OrderID,EmployeeID,OrderDate,Freight,ShipCity,ShipCountry) VALUES (10322,7,'1996-10-04 00:00:00.000',0.4,'México D.F.','Mexico');
INSERT INTO Orders (OrderID,EmployeeID,OrderDate,Freight,ShipCity,ShipCountry) VALUES (10323,4,'1996-10-07 00:00:00.000',4.88,'Brandenburg','Germany');
INSERT INTO Orders (OrderID,EmployeeID,OrderDate,Freight,ShipCity,ShipCountry) VALUES (10324,9,'1996-10-08 00:00:00.000',214.27,'Boise','USA');
INSERT INTO Orders (OrderID,EmployeeID,OrderDate,Freight,ShipCity,ShipCountry) VALUES (10325,1,'1996-10-09 00:00:00.000',64.86,'Brandenburg','Germany');
INSERT INTO Orders (OrderID,EmployeeID,OrderDate,Freight,ShipCity,ShipCountry) VALUES (10326,4,'1996-10-10 00:00:00.000',77.92,'Madrid','Spain');
INSERT INTO Orders (OrderID,EmployeeID,OrderDate,Freight,ShipCity,ShipCountry) VALUES (10327,2,'1996-10-11 00:00:00.000',63.36,'Bräcke','Sweden');
INSERT INTO Orders (OrderID,EmployeeID,OrderDate,Freight,ShipCity,ShipCountry) VALUES (10328,4,'1996-10-14 00:00:00.000',87.03,'Lisboa','Portugal');
INSERT INTO Orders (OrderID,EmployeeID,OrderDate,Freight,ShipCity,ShipCountry) VALUES (10329,4,'1996-10-15 00:00:00.000',191.67,'Lander','USA');
INSERT INTO Orders (OrderID,EmployeeID,OrderDate,Freight,ShipCity,ShipCountry) VALUES (10330,3,'1996-10-16 00:00:00.000',12.75,'Barquisimeto','Venezuela');
INSERT INTO Orders (OrderID,EmployeeID,OrderDate,Freight,ShipCity,ShipCountry) VALUES (10331,9,'1996-10-16 00:00:00.000',10.19,'Marseille','France');
INSERT INTO Orders (OrderID,EmployeeID,OrderDate,Freight,ShipCity,ShipCountry) VALUES (10332,3,'1996-10-17 00:00:00.000',52.84,'Montréal','Canada');
INSERT INTO Orders (OrderID,EmployeeID,OrderDate,Freight,ShipCity,ShipCountry) VALUES (10333,5,'1996-10-18 00:00:00.000',0.59,'Oulu','Finland');
INSERT INTO Orders (OrderID,EmployeeID,OrderDate,Freight,ShipCity,ShipCountry) VALUES (10334,8,'1996-10-21 00:00:00.000',8.56,'Lyon','France');
INSERT INTO Orders (OrderID,EmployeeID,OrderDate,Freight,ShipCity,ShipCountry) VALUES (10335,7,'1996-10-22 00:00:00.000',42.11,'Cork','Ireland');
INSERT INTO Orders (OrderID,EmployeeID,OrderDate,Freight,ShipCity,ShipCountry) VALUES (10336,7,'1996-10-23 00:00:00.000',15.51,'Lisboa','Portugal');
INSERT INTO Orders (OrderID,EmployeeID,OrderDate,Freight,ShipCity,ShipCountry) VALUES (10337,4,'1996-10-24 00:00:00.000',108.26,'München','Germany');
INSERT INTO Orders (OrderID,EmployeeID,OrderDate,Freight,ShipCity,ShipCountry) VALUES (10338,4,'1996-10-25 00:00:00.000',84.21,'Anchorage','USA');
INSERT INTO Orders (OrderID,EmployeeID,OrderDate,Freight,ShipCity,ShipCountry) VALUES (10339,2,'1996-10-28 00:00:00.000',15.66,'Montréal','Canada');
INSERT INTO Orders (OrderID,EmployeeID,OrderDate,Freight,ShipCity,ShipCountry) VALUES (10340,1,'1996-10-29 00:00:00.000',166.31,'Marseille','France');
INSERT INTO Orders (OrderID,EmployeeID,OrderDate,Freight,ShipCity,ShipCountry) VALUES (10341,7,'1996-10-29 00:00:00.000',26.78,'Kobenhavn','Denmark');
INSERT INTO Orders (OrderID,EmployeeID,OrderDate,Freight,ShipCity,ShipCountry) VALUES (10342,4,'1996-10-30 00:00:00.000',54.83,'München','Germany');
INSERT INTO Orders (OrderID,EmployeeID,OrderDate,Freight,ShipCity,ShipCountry) VALUES (10343,4,'1996-10-31 00:00:00.000',110.37,'Frankfurt a.M.','Germany');
INSERT INTO Orders (OrderID,EmployeeID,OrderDate,Freight,ShipCity,ShipCountry) VALUES (10344,4,'1996-11-01 00:00:00.000',23.29,'Seattle','USA');
INSERT INTO Orders (OrderID,EmployeeID,OrderDate,Freight,ShipCity,ShipCountry) VALUES (10345,2,'1996-11-04 00:00:00.000',249.06,'Cunewalde','Germany');
INSERT INTO Orders (OrderID,EmployeeID,OrderDate,Freight,ShipCity,ShipCountry) VALUES (10346,3,'1996-11-05 00:00:00.000',142.08,'Albuquerque','USA');
INSERT INTO Orders (OrderID,EmployeeID,OrderDate,Freight,ShipCity,ShipCountry) VALUES (10347,4,'1996-11-06 00:00:00.000',3.1,'Sao Paulo','Brazil');
INSERT INTO Orders (OrderID,EmployeeID,OrderDate,Freight,ShipCity,ShipCountry) VALUES (10348,4,'1996-11-07 00:00:00.000',0.78,'Stuttgart','Germany');
INSERT INTO Orders (OrderID,EmployeeID,OrderDate,Freight,ShipCity,ShipCountry) VALUES (10349,7,'1996-11-08 00:00:00.000',8.63,'Lander','USA');
INSERT INTO Orders (OrderID,EmployeeID,OrderDate,Freight,ShipCity,ShipCountry) VALUES (10350,6,'1996-11-11 00:00:00.000',64.19,'Toulouse','France');
INSERT INTO Orders (OrderID,EmployeeID,OrderDate,Freight,ShipCity,ShipCountry) VALUES (10351,1,'1996-11-11 00:00:00.000',162.33,'Graz','Austria');
INSERT INTO Orders (OrderID,EmployeeID,OrderDate,Freight,ShipCity,ShipCountry) VALUES (10352,3,'1996-11-12 00:00:00.000',1.3,'Lisboa','Portugal');
INSERT INTO Orders (OrderID,EmployeeID,OrderDate,Freight,ShipCity,ShipCountry) VALUES (10353,7,'1996-11-13 00:00:00.000',360.63,'Salzburg','Austria');
INSERT INTO Orders (OrderID,EmployeeID,OrderDate,Freight,ShipCity,ShipCountry) VALUES (10354,8,'1996-11-14 00:00:00.000',53.8,'México D.F.','Mexico');
INSERT INTO Orders (OrderID,EmployeeID,OrderDate,Freight,ShipCity,ShipCountry) VALUES (10355,6,'1996-11-15 00:00:00.000',41.95,'Colchester','UK');
INSERT INTO Orders (OrderID,EmployeeID,OrderDate,Freight,ShipCity,ShipCountry) VALUES (10356,6,'1996-11-18 00:00:00.000',36.71,'Stuttgart','Germany');
INSERT INTO Orders (OrderID,EmployeeID,OrderDate,Freight,ShipCity,ShipCountry) VALUES (10357,1,'1996-11-19 00:00:00.000',34.88,'Barquisimeto','Venezuela');
INSERT INTO Orders (OrderID,EmployeeID,OrderDate,Freight,ShipCity,ShipCountry) VALUES (10358,5,'1996-11-20 00:00:00.000',19.64,'Toulouse','France');
INSERT INTO Orders (OrderID,EmployeeID,OrderDate,Freight,ShipCity,ShipCountry) VALUES (10359,5,'1996-11-21 00:00:00.000',288.43,'London','UK');
INSERT INTO Orders (OrderID,EmployeeID,OrderDate,Freight,ShipCity,ShipCountry) VALUES (10360,4,'1996-11-22 00:00:00.000',131.7,'Strasbourg','France');
INSERT INTO Orders (OrderID,EmployeeID,OrderDate,Freight,ShipCity,ShipCountry) VALUES (10361,1,'1996-11-22 00:00:00.000',183.17,'Cunewalde','Germany');
INSERT INTO Orders (OrderID,EmployeeID,OrderDate,Freight,ShipCity,ShipCountry) VALUES (10362,3,'1996-11-25 00:00:00.000',96.04,'Marseille','France');
INSERT INTO Orders (OrderID,EmployeeID,OrderDate,Freight,ShipCity,ShipCountry) VALUES (10363,4,'1996-11-26 00:00:00.000',30.54,'Aachen','Germany');
INSERT INTO Orders (OrderID,EmployeeID,OrderDate,Freight,ShipCity,ShipCountry) VALUES (10364,1,'1996-11-26 00:00:00.000',71.97,'London','UK');
INSERT INTO Orders (OrderID,EmployeeID,OrderDate,Freight,ShipCity,ShipCountry) VALUES (10365,3,'1996-11-27 00:00:00.000',22,'México D.F.','Mexico');
INSERT INTO Orders (OrderID,EmployeeID,OrderDate,Freight,ShipCity,ShipCountry) VALUES (10366,8,'1996-11-28 00:00:00.000',10.14,'Barcelona','Spain');
INSERT INTO Orders (OrderID,EmployeeID,OrderDate,Freight,ShipCity,ShipCountry) VALUES (10367,7,'1996-11-28 00:00:00.000',13.55,'Århus','Denmark');
INSERT INTO Orders (OrderID,EmployeeID,OrderDate,Freight,ShipCity,ShipCountry) VALUES (10368,2,'1996-11-29 00:00:00.000',101.95,'Graz','Austria');
INSERT INTO Orders (OrderID,EmployeeID,OrderDate,Freight,ShipCity,ShipCountry) VALUES (10369,8,'1996-12-02 00:00:00.000',195.68,'Lander','USA');
INSERT INTO Orders (OrderID,EmployeeID,OrderDate,Freight,ShipCity,ShipCountry) VALUES (10370,6,'1996-12-03 00:00:00.000',1.17,'Bern','Switzerland');
INSERT INTO Orders (OrderID,EmployeeID,OrderDate,Freight,ShipCity,ShipCountry) VALUES (10371,1,'1996-12-03 00:00:00.000',0.45,'Toulouse','France');
INSERT INTO Orders (OrderID,EmployeeID,OrderDate,Freight,ShipCity,ShipCountry) VALUES (10372,5,'1996-12-04 00:00:00.000',890.78,'Sao Paulo','Brazil');
INSERT INTO Orders (OrderID,EmployeeID,OrderDate,Freight,ShipCity,ShipCountry) VALUES (10373,4,'1996-12-05 00:00:00.000',124.12,'Cork','Ireland');
INSERT INTO Orders (OrderID,EmployeeID,OrderDate,Freight,ShipCity,ShipCountry) VALUES (10374,1,'1996-12-05 00:00:00.000',3.94,'Warszawa','Poland');
INSERT INTO Orders (OrderID,EmployeeID,OrderDate,Freight,ShipCity,ShipCountry) VALUES (10375,3,'1996-12-06 00:00:00.000',20.12,'Elgin','USA');
INSERT INTO Orders (OrderID,EmployeeID,OrderDate,Freight,ShipCity,ShipCountry) VALUES (10376,1,'1996-12-09 00:00:00.000',20.39,'Montréal','Canada');
INSERT INTO Orders (OrderID,EmployeeID,OrderDate,Freight,ShipCity,ShipCountry) VALUES (10377,1,'1996-12-09 00:00:00.000',22.21,'London','UK');
INSERT INTO Orders (OrderID,EmployeeID,OrderDate,Freight,ShipCity,ShipCountry) VALUES (10378,5,'1996-12-10 00:00:00.000',5.44,'Bräcke','Sweden');
INSERT INTO Orders (OrderID,EmployeeID,OrderDate,Freight,ShipCity,ShipCountry) VALUES (10379,2,'1996-12-11 00:00:00.000',45.03,'Rio de Janeiro','Brazil');
INSERT INTO Orders (OrderID,EmployeeID,OrderDate,Freight,ShipCity,ShipCountry) VALUES (10380,8,'1996-12-12 00:00:00.000',35.03,'Cork','Ireland');
INSERT INTO Orders (OrderID,EmployeeID,OrderDate,Freight,ShipCity,ShipCountry) VALUES (10381,3,'1996-12-12 00:00:00.000',7.99,'Barquisimeto','Venezuela');
INSERT INTO Orders (OrderID,EmployeeID,OrderDate,Freight,ShipCity,ShipCountry) VALUES (10382,4,'1996-12-13 00:00:00.000',94.77,'Graz','Austria');
INSERT INTO Orders (OrderID,EmployeeID,OrderDate,Freight,ShipCity,ShipCountry) VALUES (10383,8,'1996-12-16 00:00:00.000',34.24,'Colchester','UK');
INSERT INTO Orders (OrderID,EmployeeID,OrderDate,Freight,ShipCity,ShipCountry) VALUES (10384,3,'1996-12-16 00:00:00.000',168.64,'Luleå','Sweden');
INSERT INTO Orders (OrderID,EmployeeID,OrderDate,Freight,ShipCity,ShipCountry) VALUES (10385,1,'1996-12-17 00:00:00.000',30.96,'Lander','USA');
INSERT INTO Orders (OrderID,EmployeeID,OrderDate,Freight,ShipCity,ShipCountry) VALUES (10386,9,'1996-12-18 00:00:00.000',13.99,'Sao Paulo','Brazil');
INSERT INTO Orders (OrderID,EmployeeID,OrderDate,Freight,ShipCity,ShipCountry) VALUES (10387,1,'1996-12-18 00:00:00.000',93.63,'Stavern','Norway');
INSERT INTO Orders (OrderID,EmployeeID,OrderDate,Freight,ShipCity,ShipCountry) VALUES (10388,2,'1996-12-19 00:00:00.000',34.86,'London','UK');
INSERT INTO Orders (OrderID,EmployeeID,OrderDate,Freight,ShipCity,ShipCountry) VALUES (10389,4,'1996-12-20 00:00:00.000',47.42,'Tsawassen','Canada');
INSERT INTO Orders (OrderID,EmployeeID,OrderDate,Freight,ShipCity,ShipCountry) VALUES (10390,6,'1996-12-23 00:00:00.000',126.38,'Graz','Austria');
INSERT INTO Orders (OrderID,EmployeeID,OrderDate,Freight,ShipCity,ShipCountry) VALUES (10391,3,'1996-12-23 00:00:00.000',5.45,'Aachen','Germany');
INSERT INTO Orders (OrderID,EmployeeID,OrderDate,Freight,ShipCity,ShipCountry) VALUES (10392,2,'1996-12-24 00:00:00.000',122.46,'Salzburg','Austria');
INSERT INTO Orders (OrderID,EmployeeID,OrderDate,Freight,ShipCity,ShipCountry) VALUES (10393,1,'1996-12-25 00:00:00.000',126.56,'Boise','USA');
INSERT INTO Orders (OrderID,EmployeeID,OrderDate,Freight,ShipCity,ShipCountry) VALUES (10394,1,'1996-12-25 00:00:00.000',30.34,'Elgin','USA');
INSERT INTO Orders (OrderID,EmployeeID,OrderDate,Freight,ShipCity,ShipCountry) VALUES (10395,6,'1996-12-26 00:00:00.000',184.41,'San Cristóbal','Venezuela');
INSERT INTO Orders (OrderID,EmployeeID,OrderDate,Freight,ShipCity,ShipCountry) VALUES (10396,1,'1996-12-27 00:00:00.000',135.35,'München','Germany');
INSERT INTO Orders (OrderID,EmployeeID,OrderDate,Freight,ShipCity,ShipCountry) VALUES (10397,5,'1996-12-27 00:00:00.000',60.26,'Lisboa','Portugal');
INSERT INTO Orders (OrderID,EmployeeID,OrderDate,Freight,ShipCity,ShipCountry) VALUES (10398,2,'1996-12-30 00:00:00.000',89.16,'Boise','USA');
INSERT INTO Orders (OrderID,EmployeeID,OrderDate,Freight,ShipCity,ShipCountry) VALUES (10399,8,'1996-12-31 00:00:00.000',27.36,'Århus','Denmark');
INSERT INTO Orders (OrderID,EmployeeID,OrderDate,Freight,ShipCity,ShipCountry) VALUES (10400,1,'1997-01-01 00:00:00.000',83.93,'London','UK');
INSERT INTO Orders (OrderID,EmployeeID,OrderDate,Freight,ShipCity,ShipCountry) VALUES (10401,1,'1997-01-01 00:00:00.000',12.51,'Albuquerque','USA');
INSERT INTO Orders (OrderID,EmployeeID,OrderDate,Freight,ShipCity,ShipCountry) VALUES (10402,8,'1997-01-02 00:00:00.000',67.88,'Graz','Austria');
INSERT INTO Orders (OrderID,EmployeeID,OrderDate,Freight,ShipCity,ShipCountry) VALUES (10403,4,'1997-01-03 00:00:00.000',73.79,'Graz','Austria');
INSERT INTO Orders (OrderID,EmployeeID,OrderDate,Freight,ShipCity,ShipCountry) VALUES (10404,2,'1997-01-03 00:00:00.000',155.97,'Bergamo','Italy');
INSERT INTO Orders (OrderID,EmployeeID,OrderDate,Freight,ShipCity,ShipCountry) VALUES (10405,1,'1997-01-06 00:00:00.000',34.82,'I. de Margarita','Venezuela');
INSERT INTO Orders (OrderID,EmployeeID,OrderDate,Freight,ShipCity,ShipCountry) VALUES (10406,7,'1997-01-07 00:00:00.000',108.04,'Sao Paulo','Brazil');
INSERT INTO Orders (OrderID,EmployeeID,OrderDate,Freight,ShipCity,ShipCountry) VALUES (10407,2,'1997-01-07 00:00:00.000',91.48,'Köln','Germany');
INSERT INTO Orders (OrderID,EmployeeID,OrderDate,Freight,ShipCity,ShipCountry) VALUES (10408,8,'1997-01-08 00:00:00.000',11.26,'Lille','France');
INSERT INTO Orders (OrderID,EmployeeID,OrderDate,Freight,ShipCity,ShipCountry) VALUES (10409,3,'1997-01-09 00:00:00.000',29.83,'Buenos Aires','Argentina');
INSERT INTO Orders (OrderID,EmployeeID,OrderDate,Freight,ShipCity,ShipCountry) VALUES (10410,3,'1997-01-10 00:00:00.000',2.4,'Tsawassen','Canada');
INSERT INTO Orders (OrderID,EmployeeID,OrderDate,Freight,ShipCity,ShipCountry) VALUES (10411,9,'1997-01-10 00:00:00.000',23.65,'Tsawassen','Canada');
INSERT INTO Orders (OrderID,EmployeeID,OrderDate,Freight,ShipCity,ShipCountry) VALUES (10412,8,'1997-01-13 00:00:00.000',3.77,'Oulu','Finland');
INSERT INTO Orders (OrderID,EmployeeID,OrderDate,Freight,ShipCity,ShipCountry) VALUES (10413,3,'1997-01-14 00:00:00.000',95.66,'Toulouse','France');
INSERT INTO Orders (OrderID,EmployeeID,OrderDate,Freight,ShipCity,ShipCountry) VALUES (10414,2,'1997-01-14 00:00:00.000',21.48,'Sao Paulo','Brazil');
INSERT INTO Orders (OrderID,EmployeeID,OrderDate,Freight,ShipCity,ShipCountry) VALUES (10415,3,'1997-01-15 00:00:00.000',0.2,'Elgin','USA');
INSERT INTO Orders (OrderID,EmployeeID,OrderDate,Freight,ShipCity,ShipCountry) VALUES (10416,8,'1997-01-16 00:00:00.000',22.72,'Oulu','Finland');
INSERT INTO Orders (OrderID,EmployeeID,OrderDate,Freight,ShipCity,ShipCountry) VALUES (10417,4,'1997-01-16 00:00:00.000',70.29,'Kobenhavn','Denmark');
INSERT INTO Orders (OrderID,EmployeeID,OrderDate,Freight,ShipCity,ShipCountry) VALUES (10418,4,'1997-01-17 00:00:00.000',17.55,'Cunewalde','Germany');
INSERT INTO Orders (OrderID,EmployeeID,OrderDate,Freight,ShipCity,ShipCountry) VALUES (10419,4,'1997-01-20 00:00:00.000',137.35,'Genève','Switzerland');
INSERT INTO Orders (OrderID,EmployeeID,OrderDate,Freight,ShipCity,ShipCountry) VALUES (10420,3,'1997-01-21 00:00:00.000',44.12,'Resende','Brazil');
INSERT INTO Orders (OrderID,EmployeeID,OrderDate,Freight,ShipCity,ShipCountry) VALUES (10421,8,'1997-01-21 00:00:00.000',99.23,'Rio de Janeiro','Brazil');
INSERT INTO Orders (OrderID,EmployeeID,OrderDate,Freight,ShipCity,ShipCountry) VALUES (10422,2,'1997-01-22 00:00:00.000',3.02,'Torino','Italy');
INSERT INTO Orders (OrderID,EmployeeID,OrderDate,Freight,ShipCity,ShipCountry) VALUES (10423,6,'1997-01-23 00:00:00.000',24.5,'Campinas','Brazil');
INSERT INTO Orders (OrderID,EmployeeID,OrderDate,Freight,ShipCity,ShipCountry) VALUES (10424,7,'1997-01-23 00:00:00.000',370.61,'Montréal','Canada');
INSERT INTO Orders (OrderID,EmployeeID,OrderDate,Freight,ShipCity,ShipCountry) VALUES (10425,6,'1997-01-24 00:00:00.000',7.93,'Toulouse','France');
INSERT INTO Orders (OrderID,EmployeeID,OrderDate,Freight,ShipCity,ShipCountry) VALUES (10426,4,'1997-01-27 00:00:00.000',18.69,'Barcelona','Spain');
INSERT INTO Orders (OrderID,EmployeeID,OrderDate,Freight,ShipCity,ShipCountry) VALUES (10427,4,'1997-01-27 00:00:00.000',31.29,'Salzburg','Austria');
INSERT INTO Orders (OrderID,EmployeeID,OrderDate,Freight,ShipCity,ShipCountry) VALUES (10428,7,'1997-01-28 00:00:00.000',11.09,'Reggio Emilia','Italy');
INSERT INTO Orders (OrderID,EmployeeID,OrderDate,Freight,ShipCity,ShipCountry) VALUES (10429,3,'1997-01-29 00:00:00.000',56.63,'Cork','Ireland');
INSERT INTO Orders (OrderID,EmployeeID,OrderDate,Freight,ShipCity,ShipCountry) VALUES (10430,4,'1997-01-30 00:00:00.000',458.78,'Graz','Austria');
INSERT INTO Orders (OrderID,EmployeeID,OrderDate,Freight,ShipCity,ShipCountry) VALUES (10431,4,'1997-01-30 00:00:00.000',44.17,'Tsawassen','Canada');
INSERT INTO Orders (OrderID,EmployeeID,OrderDate,Freight,ShipCity,ShipCountry) VALUES (10432,3,'1997-01-31 00:00:00.000',4.34,'Lander','USA');
INSERT INTO Orders (OrderID,EmployeeID,OrderDate,Freight,ShipCity,ShipCountry) VALUES (10433,3,'1997-02-03 00:00:00.000',73.83,'Lisboa','Portugal');
INSERT INTO Orders (OrderID,EmployeeID,OrderDate,Freight,ShipCity,ShipCountry) VALUES (10434,3,'1997-02-03 00:00:00.000',17.92,'Bräcke','Sweden');
INSERT INTO Orders (OrderID,EmployeeID,OrderDate,Freight,ShipCity,ShipCountry) VALUES (10435,8,'1997-02-04 00:00:00.000',9.21,'London','UK');
INSERT INTO Orders (OrderID,EmployeeID,OrderDate,Freight,ShipCity,ShipCountry) VALUES (10436,3,'1997-02-05 00:00:00.000',156.66,'Strasbourg','France');
INSERT INTO Orders (OrderID,EmployeeID,OrderDate,Freight,ShipCity,ShipCountry) VALUES (10437,8,'1997-02-05 00:00:00.000',19.97,'Oulu','Finland');
INSERT INTO Orders (OrderID,EmployeeID,OrderDate,Freight,ShipCity,ShipCountry) VALUES (10438,3,'1997-02-06 00:00:00.000',8.24,'Münster','Germany');
INSERT INTO Orders (OrderID,EmployeeID,OrderDate,Freight,ShipCity,ShipCountry) VALUES (10439,6,'1997-02-07 00:00:00.000',4.07,'Montréal','Canada');
INSERT INTO Orders (OrderID,EmployeeID,OrderDate,Freight,ShipCity,ShipCountry) VALUES (10440,4,'1997-02-10 00:00:00.000',86.53,'Boise','USA');
INSERT INTO Orders (OrderID,EmployeeID,OrderDate,Freight,ShipCity,ShipCountry) VALUES (10441,3,'1997-02-10 00:00:00.000',73.02,'Anchorage','USA');
INSERT INTO Orders (OrderID,EmployeeID,OrderDate,Freight,ShipCity,ShipCountry) VALUES (10442,3,'1997-02-11 00:00:00.000',47.94,'Graz','Austria');
INSERT INTO Orders (OrderID,EmployeeID,OrderDate,Freight,ShipCity,ShipCountry) VALUES (10443,8,'1997-02-12 00:00:00.000',13.95,'Reggio Emilia','Italy');
INSERT INTO Orders (OrderID,EmployeeID,OrderDate,Freight,ShipCity,ShipCountry) VALUES (10444,3,'1997-02-12 00:00:00.000',3.5,'Luleå','Sweden');
INSERT INTO Orders (OrderID,EmployeeID,OrderDate,Freight,ShipCity,ShipCountry) VALUES (10445,3,'1997-02-13 00:00:00.000',9.3,'Luleå','Sweden');
INSERT INTO Orders (OrderID,EmployeeID,OrderDate,Freight,ShipCity,ShipCountry) VALUES (10446,6,'1997-02-14 00:00:00.000',14.68,'Münster','Germany');
INSERT INTO Orders (OrderID,EmployeeID,OrderDate,Freight,ShipCity,ShipCountry) VALUES (10447,4,'1997-02-14 00:00:00.000',68.66,'Rio de Janeiro','Brazil');
INSERT INTO Orders (OrderID,EmployeeID,OrderDate,Freight,ShipCity,ShipCountry) VALUES (10448,4,'1997-02-17 00:00:00.000',38.82,'Buenos Aires','Argentina');
INSERT INTO Orders (OrderID,EmployeeID,OrderDate,Freight,ShipCity,ShipCountry) VALUES (10449,3,'1997-02-18 00:00:00.000',53.3,'Strasbourg','France');
INSERT INTO Orders (OrderID,EmployeeID,OrderDate,Freight,ShipCity,ShipCountry) VALUES (10450,8,'1997-02-19 00:00:00.000',7.23,'Lyon','France');
INSERT INTO Orders (OrderID,EmployeeID,OrderDate,Freight,ShipCity,ShipCountry) VALUES (10451,4,'1997-02-19 00:00:00.000',189.09,'Cunewalde','Germany');
INSERT INTO Orders (OrderID,EmployeeID,OrderDate,Freight,ShipCity,ShipCountry) VALUES (10452,8,'1997-02-20 00:00:00.000',140.26,'Boise','USA');
INSERT INTO Orders (OrderID,EmployeeID,OrderDate,Freight,ShipCity,ShipCountry) VALUES (10453,1,'1997-02-21 00:00:00.000',25.36,'Colchester','UK');
INSERT INTO Orders (OrderID,EmployeeID,OrderDate,Freight,ShipCity,ShipCountry) VALUES (10454,4,'1997-02-21 00:00:00.000',2.74,'Toulouse','France');
INSERT INTO Orders (OrderID,EmployeeID,OrderDate,Freight,ShipCity,ShipCountry) VALUES (10455,8,'1997-02-24 00:00:00.000',180.45,'Oulu','Finland');
INSERT INTO Orders (OrderID,EmployeeID,OrderDate,Freight,ShipCity,ShipCountry) VALUES (10456,8,'1997-02-25 00:00:00.000',8.12,'Brandenburg','Germany');
INSERT INTO Orders (OrderID,EmployeeID,OrderDate,Freight,ShipCity,ShipCountry) VALUES (10457,2,'1997-02-25 00:00:00.000',11.57,'Brandenburg','Germany');
INSERT INTO Orders (OrderID,EmployeeID,OrderDate,Freight,ShipCity,ShipCountry) VALUES (10458,7,'1997-02-26 00:00:00.000',147.06,'Charleroi','Belgium');
INSERT INTO Orders (OrderID,EmployeeID,OrderDate,Freight,ShipCity,ShipCountry) VALUES (10459,4,'1997-02-27 00:00:00.000',25.09,'Lyon','France');
INSERT INTO Orders (OrderID,EmployeeID,OrderDate,Freight,ShipCity,ShipCountry) VALUES (10460,8,'1997-02-28 00:00:00.000',16.27,'Bräcke','Sweden');
INSERT INTO Orders (OrderID,EmployeeID,OrderDate,Freight,ShipCity,ShipCountry) VALUES (10461,1,'1997-02-28 00:00:00.000',148.61,'Barquisimeto','Venezuela');
INSERT INTO Orders (OrderID,EmployeeID,OrderDate,Freight,ShipCity,ShipCountry) VALUES (10462,2,'1997-03-03 00:00:00.000',6.17,'London','UK');
INSERT INTO Orders (OrderID,EmployeeID,OrderDate,Freight,ShipCity,ShipCountry) VALUES (10463,5,'1997-03-04 00:00:00.000',14.78,'Charleroi','Belgium');
INSERT INTO Orders (OrderID,EmployeeID,OrderDate,Freight,ShipCity,ShipCountry) VALUES (10464,4,'1997-03-04 00:00:00.000',89,'Lisboa','Portugal');
INSERT INTO Orders (OrderID,EmployeeID,OrderDate,Freight,ShipCity,ShipCountry) VALUES (10465,1,'1997-03-05 00:00:00.000',145.04,'Århus','Denmark');
INSERT INTO Orders (OrderID,EmployeeID,OrderDate,Freight,ShipCity,ShipCountry) VALUES (10466,4,'1997-03-06 00:00:00.000',11.93,'Sao Paulo','Brazil');
INSERT INTO Orders (OrderID,EmployeeID,OrderDate,Freight,ShipCity,ShipCountry) VALUES (10467,8,'1997-03-06 00:00:00.000',4.93,'Bergamo','Italy');
INSERT INTO Orders (OrderID,EmployeeID,OrderDate,Freight,ShipCity,ShipCountry) VALUES (10468,3,'1997-03-07 00:00:00.000',44.12,'Brandenburg','Germany');
INSERT INTO Orders (OrderID,EmployeeID,OrderDate,Freight,ShipCity,ShipCountry) VALUES (10469,1,'1997-03-10 00:00:00.000',60.18,'Seattle','USA');
INSERT INTO Orders (OrderID,EmployeeID,OrderDate,Freight,ShipCity,ShipCountry) VALUES (10470,4,'1997-03-11 00:00:00.000',64.56,'Marseille','France');
INSERT INTO Orders (OrderID,EmployeeID,OrderDate,Freight,ShipCity,ShipCountry) VALUES (10471,2,'1997-03-11 00:00:00.000',45.59,'London','UK');
INSERT INTO Orders (OrderID,EmployeeID,OrderDate,Freight,ShipCity,ShipCountry) VALUES (10472,8,'1997-03-12 00:00:00.000',4.2,'London','UK');
INSERT INTO Orders (OrderID,EmployeeID,OrderDate,Freight,ShipCity,ShipCountry) VALUES (10473,1,'1997-03-13 00:00:00.000',16.37,'Cowes','UK');
INSERT INTO Orders (OrderID,EmployeeID,OrderDate,Freight,ShipCity,ShipCountry) VALUES (10474,5,'1997-03-13 00:00:00.000',83.49,'México D.F.','Mexico');
INSERT INTO Orders (OrderID,EmployeeID,OrderDate,Freight,ShipCity,ShipCountry) VALUES (10475,9,'1997-03-14 00:00:00.000',68.52,'Charleroi','Belgium');
INSERT INTO Orders (OrderID,EmployeeID,OrderDate,Freight,ShipCity,ShipCountry) VALUES (10476,8,'1997-03-17 00:00:00.000',4.41,'San Cristóbal','Venezuela');
INSERT INTO Orders (OrderID,EmployeeID,OrderDate,Freight,ShipCity,ShipCountry) VALUES (10477,5,'1997-03-17 00:00:00.000',13.02,'Lisboa','Portugal');
INSERT INTO Orders (OrderID,EmployeeID,OrderDate,Freight,ShipCity,ShipCountry) VALUES (10478,2,'1997-03-18 00:00:00.000',4.81,'Lyon','France');
INSERT INTO Orders (OrderID,EmployeeID,OrderDate,Freight,ShipCity,ShipCountry) VALUES (10479,3,'1997-03-19 00:00:00.000',708.95,'Albuquerque','USA');
INSERT INTO Orders (OrderID,EmployeeID,OrderDate,Freight,ShipCity,ShipCountry) VALUES (10480,6,'1997-03-20 00:00:00.000',1.35,'Lille','France');
INSERT INTO Orders (OrderID,EmployeeID,OrderDate,Freight,ShipCity,ShipCountry) VALUES (10481,8,'1997-03-20 00:00:00.000',64.33,'Rio de Janeiro','Brazil');
INSERT INTO Orders (OrderID,EmployeeID,OrderDate,Freight,ShipCity,ShipCountry) VALUES (10482,1,'1997-03-21 00:00:00.000',7.48,'Walla Walla','USA');
INSERT INTO Orders (OrderID,EmployeeID,OrderDate,Freight,ShipCity,ShipCountry) VALUES (10483,7,'1997-03-24 00:00:00.000',15.28,'Seattle','USA');
INSERT INTO Orders (OrderID,EmployeeID,OrderDate,Freight,ShipCity,ShipCountry) VALUES (10484,3,'1997-03-24 00:00:00.000',6.88,'London','UK');
INSERT INTO Orders (OrderID,EmployeeID,OrderDate,Freight,ShipCity,ShipCountry) VALUES (10485,4,'1997-03-25 00:00:00.000',64.45,'I. de Margarita','Venezuela');
INSERT INTO Orders (OrderID,EmployeeID,OrderDate,Freight,ShipCity,ShipCountry) VALUES (10486,1,'1997-03-26 00:00:00.000',30.53,'San Cristóbal','Venezuela');
INSERT INTO Orders (OrderID,EmployeeID,OrderDate,Freight,ShipCity,ShipCountry) VALUES (10487,2,'1997-03-26 00:00:00.000',71.07,'Sao Paulo','Brazil');
INSERT INTO Orders (OrderID,EmployeeID,OrderDate,Freight,ShipCity,ShipCountry) VALUES (10488,8,'1997-03-27 00:00:00.000',4.93,'München','Germany');
INSERT INTO Orders (OrderID,EmployeeID,OrderDate,Freight,ShipCity,ShipCountry) VALUES (10489,6,'1997-03-28 00:00:00.000',5.29,'Salzburg','Austria');
INSERT INTO Orders (OrderID,EmployeeID,OrderDate,Freight,ShipCity,ShipCountry) VALUES (10490,7,'1997-03-31 00:00:00.000',210.19,'San Cristóbal','Venezuela');
INSERT INTO Orders (OrderID,EmployeeID,OrderDate,Freight,ShipCity,ShipCountry) VALUES (10491,8,'1997-03-31 00:00:00.000',16.96,'Lisboa','Portugal');
INSERT INTO Orders (OrderID,EmployeeID,OrderDate,Freight,ShipCity,ShipCountry) VALUES (10492,3,'1997-04-01 00:00:00.000',62.89,'Tsawassen','Canada');
INSERT INTO Orders (OrderID,EmployeeID,OrderDate,Freight,ShipCity,ShipCountry) VALUES (10493,4,'1997-04-02 00:00:00.000',10.64,'Toulouse','France');
INSERT INTO Orders (OrderID,EmployeeID,OrderDate,Freight,ShipCity,ShipCountry) VALUES (10494,4,'1997-04-02 00:00:00.000',65.99,'Sao Paulo','Brazil');
INSERT INTO Orders (OrderID,EmployeeID,OrderDate,Freight,ShipCity,ShipCountry) VALUES (10495,3,'1997-04-03 00:00:00.000',4.65,'Vancouver','Canada');
INSERT INTO Orders (OrderID,EmployeeID,OrderDate,Freight,ShipCity,ShipCountry) VALUES (10496,7,'1997-04-04 00:00:00.000',46.77,'Sao Paulo','Brazil');
INSERT INTO Orders (OrderID,EmployeeID,OrderDate,Freight,ShipCity,ShipCountry) VALUES (10497,7,'1997-04-04 00:00:00.000',36.21,'Frankfurt a.M.','Germany');
INSERT INTO Orders (OrderID,EmployeeID,OrderDate,Freight,ShipCity,ShipCountry) VALUES (10498,8,'1997-04-07 00:00:00.000',29.75,'San Cristóbal','Venezuela');
INSERT INTO Orders (OrderID,EmployeeID,OrderDate,Freight,ShipCity,ShipCountry) VALUES (10499,4,'1997-04-08 00:00:00.000',102.02,'Barquisimeto','Venezuela');
INSERT INTO Orders (OrderID,EmployeeID,OrderDate,Freight,ShipCity,ShipCountry) VALUES (10500,6,'1997-04-09 00:00:00.000',42.68,'Toulouse','France');
INSERT INTO Orders (OrderID,EmployeeID,OrderDate,Freight,ShipCity,ShipCountry) VALUES (10501,9,'1997-04-09 00:00:00.000',8.85,'Mannheim','Germany');
INSERT INTO Orders (OrderID,EmployeeID,OrderDate,Freight,ShipCity,ShipCountry) VALUES (10502,2,'1997-04-10 00:00:00.000',69.32,'México D.F.','Mexico');
INSERT INTO Orders (OrderID,EmployeeID,OrderDate,Freight,ShipCity,ShipCountry) VALUES (10503,6,'1997-04-11 00:00:00.000',16.74,'Cork','Ireland');
INSERT INTO Orders (OrderID,EmployeeID,OrderDate,Freight,ShipCity,ShipCountry) VALUES (10504,4,'1997-04-11 00:00:00.000',59.13,'Seattle','USA');
INSERT INTO Orders (OrderID,EmployeeID,OrderDate,Freight,ShipCity,ShipCountry) VALUES (10505,3,'1997-04-14 00:00:00.000',7.13,'Montréal','Canada');
INSERT INTO Orders (OrderID,EmployeeID,OrderDate,Freight,ShipCity,ShipCountry) VALUES (10506,9,'1997-04-15 00:00:00.000',21.19,'Brandenburg','Germany');
INSERT INTO Orders (OrderID,EmployeeID,OrderDate,Freight,ShipCity,ShipCountry) VALUES (10507,7,'1997-04-15 00:00:00.000',47.45,'México D.F.','Mexico');
INSERT INTO Orders (OrderID,EmployeeID,OrderDate,Freight,ShipCity,ShipCountry) VALUES (10508,1,'1997-04-16 00:00:00.000',4.99,'Köln','Germany');
INSERT INTO Orders (OrderID,EmployeeID,OrderDate,Freight,ShipCity,ShipCountry) VALUES (10509,4,'1997-04-17 00:00:00.000',0.15,'Mannheim','Germany');
INSERT INTO Orders (OrderID,EmployeeID,OrderDate,Freight,ShipCity,ShipCountry) VALUES (10510,6,'1997-04-18 00:00:00.000',367.63,'Boise','USA');
INSERT INTO Orders (OrderID,EmployeeID,OrderDate,Freight,ShipCity,ShipCountry) VALUES (10511,4,'1997-04-18 00:00:00.000',350.64,'Marseille','France');
INSERT INTO Orders (OrderID,EmployeeID,OrderDate,Freight,ShipCity,ShipCountry) VALUES (10512,7,'1997-04-21 00:00:00.000',3.53,'Sao Paulo','Brazil');
INSERT INTO Orders (OrderID,EmployeeID,OrderDate,Freight,ShipCity,ShipCountry) VALUES (10513,7,'1997-04-22 00:00:00.000',105.65,'Stuttgart','Germany');
INSERT INTO Orders (OrderID,EmployeeID,OrderDate,Freight,ShipCity,ShipCountry) VALUES (10514,3,'1997-04-22 00:00:00.000',789.95,'Graz','Austria');
INSERT INTO Orders (OrderID,EmployeeID,OrderDate,Freight,ShipCity,ShipCountry) VALUES (10515,2,'1997-04-23 00:00:00.000',204.47,'Cunewalde','Germany');
INSERT INTO Orders (OrderID,EmployeeID,OrderDate,Freight,ShipCity,ShipCountry) VALUES (10516,2,'1997-04-24 00:00:00.000',62.78,'Cork','Ireland');
INSERT INTO Orders (OrderID,EmployeeID,OrderDate,Freight,ShipCity,ShipCountry) VALUES (10517,3,'1997-04-24 00:00:00.000',32.07,'London','UK');
INSERT INTO Orders (OrderID,EmployeeID,OrderDate,Freight,ShipCity,ShipCountry) VALUES (10518,4,'1997-04-25 00:00:00.000',218.15,'México D.F.','Mexico');
INSERT INTO Orders (OrderID,EmployeeID,OrderDate,Freight,ShipCity,ShipCountry) VALUES (10519,6,'1997-04-28 00:00:00.000',91.76,'Bern','Switzerland');
INSERT INTO Orders (OrderID,EmployeeID,OrderDate,Freight,ShipCity,ShipCountry) VALUES (10520,7,'1997-04-29 00:00:00.000',13.37,'Stavern','Norway');
INSERT INTO Orders (OrderID,EmployeeID,OrderDate,Freight,ShipCity,ShipCountry) VALUES (10521,8,'1997-04-29 00:00:00.000',17.22,'Buenos Aires','Argentina');
INSERT INTO Orders (OrderID,EmployeeID,OrderDate,Freight,ShipCity,ShipCountry) VALUES (10522,4,'1997-04-30 00:00:00.000',45.33,'Frankfurt a.M.','Germany');
INSERT INTO Orders (OrderID,EmployeeID,OrderDate,Freight,ShipCity,ShipCountry) VALUES (10523,7,'1997-05-01 00:00:00.000',77.63,'London','UK');
INSERT INTO Orders (OrderID,EmployeeID,OrderDate,Freight,ShipCity,ShipCountry) VALUES (10524,1,'1997-05-01 00:00:00.000',244.79,'Luleå','Sweden');
INSERT INTO Orders (OrderID,EmployeeID,OrderDate,Freight,ShipCity,ShipCountry) VALUES (10525,1,'1997-05-02 00:00:00.000',11.06,'Marseille','France');
INSERT INTO Orders (OrderID,EmployeeID,OrderDate,Freight,ShipCity,ShipCountry) VALUES (10526,4,'1997-05-05 00:00:00.000',58.59,'Oulu','Finland');
INSERT INTO Orders (OrderID,EmployeeID,OrderDate,Freight,ShipCity,ShipCountry) VALUES (10527,7,'1997-05-05 00:00:00.000',41.9,'Cunewalde','Germany');
INSERT INTO Orders (OrderID,EmployeeID,OrderDate,Freight,ShipCity,ShipCountry) VALUES (10528,6,'1997-05-06 00:00:00.000',3.35,'Eugene','USA');
INSERT INTO Orders (OrderID,EmployeeID,OrderDate,Freight,ShipCity,ShipCountry) VALUES (10529,5,'1997-05-07 00:00:00.000',66.69,'Bruxelles','Belgium');
INSERT INTO Orders (OrderID,EmployeeID,OrderDate,Freight,ShipCity,ShipCountry) VALUES (10530,3,'1997-05-08 00:00:00.000',339.22,'Salzburg','Austria');
INSERT INTO Orders (OrderID,EmployeeID,OrderDate,Freight,ShipCity,ShipCountry) VALUES (10531,7,'1997-05-08 00:00:00.000',8.12,'Buenos Aires','Argentina');
INSERT INTO Orders (OrderID,EmployeeID,OrderDate,Freight,ShipCity,ShipCountry) VALUES (10532,7,'1997-05-09 00:00:00.000',74.46,'London','UK');
INSERT INTO Orders (OrderID,EmployeeID,OrderDate,Freight,ShipCity,ShipCountry) VALUES (10533,8,'1997-05-12 00:00:00.000',188.04,'Bräcke','Sweden');
INSERT INTO Orders (OrderID,EmployeeID,OrderDate,Freight,ShipCity,ShipCountry) VALUES (10534,8,'1997-05-12 00:00:00.000',27.94,'Frankfurt a.M.','Germany');
INSERT INTO Orders (OrderID,EmployeeID,OrderDate,Freight,ShipCity,ShipCountry) VALUES (10535,4,'1997-05-13 00:00:00.000',15.64,'México D.F.','Mexico');
INSERT INTO Orders (OrderID,EmployeeID,OrderDate,Freight,ShipCity,ShipCountry) VALUES (10536,3,'1997-05-14 00:00:00.000',58.88,'Frankfurt a.M.','Germany');
INSERT INTO Orders (OrderID,EmployeeID,OrderDate,Freight,ShipCity,ShipCountry) VALUES (10537,1,'1997-05-14 00:00:00.000',78.85,'Genève','Switzerland');
INSERT INTO Orders (OrderID,EmployeeID,OrderDate,Freight,ShipCity,ShipCountry) VALUES (10538,9,'1997-05-15 00:00:00.000',4.87,'London','UK');
INSERT INTO Orders (OrderID,EmployeeID,OrderDate,Freight,ShipCity,ShipCountry) VALUES (10539,6,'1997-05-16 00:00:00.000',12.36,'London','UK');
INSERT INTO Orders (OrderID,EmployeeID,OrderDate,Freight,ShipCity,ShipCountry) VALUES (10540,3,'1997-05-19 00:00:00.000',1007.64,'Cunewalde','Germany');
INSERT INTO Orders (OrderID,EmployeeID,OrderDate,Freight,ShipCity,ShipCountry) VALUES (10541,2,'1997-05-19 00:00:00.000',68.65,'Rio de Janeiro','Brazil');
INSERT INTO Orders (OrderID,EmployeeID,OrderDate,Freight,ShipCity,ShipCountry) VALUES (10542,1,'1997-05-20 00:00:00.000',10.95,'Brandenburg','Germany');
INSERT INTO Orders (OrderID,EmployeeID,OrderDate,Freight,ShipCity,ShipCountry) VALUES (10543,8,'1997-05-21 00:00:00.000',48.17,'Barquisimeto','Venezuela');
INSERT INTO Orders (OrderID,EmployeeID,OrderDate,Freight,ShipCity,ShipCountry) VALUES (10544,4,'1997-05-21 00:00:00.000',24.91,'Portland','USA');
INSERT INTO Orders (OrderID,EmployeeID,OrderDate,Freight,ShipCity,ShipCountry) VALUES (10545,8,'1997-05-22 00:00:00.000',11.92,'Walla Walla','USA');
INSERT INTO Orders (OrderID,EmployeeID,OrderDate,Freight,ShipCity,ShipCountry) VALUES (10546,1,'1997-05-23 00:00:00.000',194.72,'Lyon','France');
INSERT INTO Orders (OrderID,EmployeeID,OrderDate,Freight,ShipCity,ShipCountry) VALUES (10547,3,'1997-05-23 00:00:00.000',178.43,'London','UK');
INSERT INTO Orders (OrderID,EmployeeID,OrderDate,Freight,ShipCity,ShipCountry) VALUES (10548,3,'1997-05-26 00:00:00.000',1.43,'Münster','Germany');
INSERT INTO Orders (OrderID,EmployeeID,OrderDate,Freight,ShipCity,ShipCountry) VALUES (10549,5,'1997-05-27 00:00:00.000',171.24,'Cunewalde','Germany');
INSERT INTO Orders (OrderID,EmployeeID,OrderDate,Freight,ShipCity,ShipCountry) VALUES (10550,7,'1997-05-28 00:00:00.000',4.32,'Sevilla','Spain');
INSERT INTO Orders (OrderID,EmployeeID,OrderDate,Freight,ShipCity,ShipCountry) VALUES (10551,4,'1997-05-28 00:00:00.000',72.95,'Lisboa','Portugal');
INSERT INTO Orders (OrderID,EmployeeID,OrderDate,Freight,ShipCity,ShipCountry) VALUES (10552,2,'1997-05-29 00:00:00.000',83.22,'San Cristóbal','Venezuela');
INSERT INTO Orders (OrderID,EmployeeID,OrderDate,Freight,ShipCity,ShipCountry) VALUES (10553,2,'1997-05-30 00:00:00.000',149.49,'Oulu','Finland');
INSERT INTO Orders (OrderID,EmployeeID,OrderDate,Freight,ShipCity,ShipCountry) VALUES (10554,4,'1997-05-30 00:00:00.000',120.97,'Köln','Germany');
INSERT INTO Orders (OrderID,EmployeeID,OrderDate,Freight,ShipCity,ShipCountry) VALUES (10555,6,'1997-06-02 00:00:00.000',252.49,'Boise','USA');
INSERT INTO Orders (OrderID,EmployeeID,OrderDate,Freight,ShipCity,ShipCountry) VALUES (10556,2,'1997-06-03 00:00:00.000',9.8,'Kobenhavn','Denmark');
INSERT INTO Orders (OrderID,EmployeeID,OrderDate,Freight,ShipCity,ShipCountry) VALUES (10557,9,'1997-06-03 00:00:00.000',96.72,'Frankfurt a.M.','Germany');
INSERT INTO Orders (OrderID,EmployeeID,OrderDate,Freight,ShipCity,ShipCountry) VALUES (10558,1,'1997-06-04 00:00:00.000',72.97,'Colchester','UK');
INSERT INTO Orders (OrderID,EmployeeID,OrderDate,Freight,ShipCity,ShipCountry) VALUES (10559,6,'1997-06-05 00:00:00.000',8.05,'Strasbourg','France');
INSERT INTO Orders (OrderID,EmployeeID,OrderDate,Freight,ShipCity,ShipCountry) VALUES (10560,8,'1997-06-06 00:00:00.000',36.65,'München','Germany');
INSERT INTO Orders (OrderID,EmployeeID,OrderDate,Freight,ShipCity,ShipCountry) VALUES (10561,2,'1997-06-06 00:00:00.000',242.21,'Bräcke','Sweden');
INSERT INTO Orders (OrderID,EmployeeID,OrderDate,Freight,ShipCity,ShipCountry) VALUES (10562,1,'1997-06-09 00:00:00.000',22.95,'Reggio Emilia','Italy');
INSERT INTO Orders (OrderID,EmployeeID,OrderDate,Freight,ShipCity,ShipCountry) VALUES (10563,2,'1997-06-10 00:00:00.000',60.43,'Rio de Janeiro','Brazil');
INSERT INTO Orders (OrderID,EmployeeID,OrderDate,Freight,ShipCity,ShipCountry) VALUES (10564,4,'1997-06-10 00:00:00.000',13.75,'Albuquerque','USA');
INSERT INTO Orders (OrderID,EmployeeID,OrderDate,Freight,ShipCity,ShipCountry) VALUES (10565,8,'1997-06-11 00:00:00.000',7.15,'Montréal','Canada');
INSERT INTO Orders (OrderID,EmployeeID,OrderDate,Freight,ShipCity,ShipCountry) VALUES (10566,9,'1997-06-12 00:00:00.000',88.4,'Strasbourg','France');
INSERT INTO Orders (OrderID,EmployeeID,OrderDate,Freight,ShipCity,ShipCountry) VALUES (10567,1,'1997-06-12 00:00:00.000',33.97,'Cork','Ireland');
INSERT INTO Orders (OrderID,EmployeeID,OrderDate,Freight,ShipCity,ShipCountry) VALUES (10568,3,'1997-06-13 00:00:00.000',6.54,'Barcelona','Spain');
INSERT INTO Orders (OrderID,EmployeeID,OrderDate,Freight,ShipCity,ShipCountry) VALUES (10569,5,'1997-06-16 00:00:00.000',58.98,'Albuquerque','USA');
INSERT INTO Orders (OrderID,EmployeeID,OrderDate,Freight,ShipCity,ShipCountry) VALUES (10570,3,'1997-06-17 00:00:00.000',188.99,'Montréal','Canada');
INSERT INTO Orders (OrderID,EmployeeID,OrderDate,Freight,ShipCity,ShipCountry) VALUES (10571,8,'1997-06-17 00:00:00.000',26.06,'Graz','Austria');
INSERT INTO Orders (OrderID,EmployeeID,OrderDate,Freight,ShipCity,ShipCountry) VALUES (10572,3,'1997-06-18 00:00:00.000',116.43,'Luleå','Sweden');
INSERT INTO Orders (OrderID,EmployeeID,OrderDate,Freight,ShipCity,ShipCountry) VALUES (10573,7,'1997-06-19 00:00:00.000',84.84,'México D.F.','Mexico');
INSERT INTO Orders (OrderID,EmployeeID,OrderDate,Freight,ShipCity,ShipCountry) VALUES (10574,4,'1997-06-19 00:00:00.000',37.6,'Kirkland','USA');
INSERT INTO Orders (OrderID,EmployeeID,OrderDate,Freight,ShipCity,ShipCountry) VALUES (10575,5,'1997-06-20 00:00:00.000',127.34,'Leipzig','Germany');
INSERT INTO Orders (OrderID,EmployeeID,OrderDate,Freight,ShipCity,ShipCountry) VALUES (10576,3,'1997-06-23 00:00:00.000',18.56,'México D.F.','Mexico');
INSERT INTO Orders (OrderID,EmployeeID,OrderDate,Freight,ShipCity,ShipCountry) VALUES (10577,9,'1997-06-23 00:00:00.000',25.41,'Kirkland','USA');
INSERT INTO Orders (OrderID,EmployeeID,OrderDate,Freight,ShipCity,ShipCountry) VALUES (10578,4,'1997-06-24 00:00:00.000',29.6,'London','UK');
INSERT INTO Orders (OrderID,EmployeeID,OrderDate,Freight,ShipCity,ShipCountry) VALUES (10579,1,'1997-06-25 00:00:00.000',13.73,'San Francisco','USA');
INSERT INTO Orders (OrderID,EmployeeID,OrderDate,Freight,ShipCity,ShipCountry) VALUES (10580,4,'1997-06-26 00:00:00.000',75.89,'Köln','Germany');
INSERT INTO Orders (OrderID,EmployeeID,OrderDate,Freight,ShipCity,ShipCountry) VALUES (10581,3,'1997-06-26 00:00:00.000',3.01,'Sao Paulo','Brazil');
INSERT INTO Orders (OrderID,EmployeeID,OrderDate,Freight,ShipCity,ShipCountry) VALUES (10582,3,'1997-06-27 00:00:00.000',27.71,'Mannheim','Germany');
INSERT INTO Orders (OrderID,EmployeeID,OrderDate,Freight,ShipCity,ShipCountry) VALUES (10583,2,'1997-06-30 00:00:00.000',7.28,'Oulu','Finland');
INSERT INTO Orders (OrderID,EmployeeID,OrderDate,Freight,ShipCity,ShipCountry) VALUES (10584,4,'1997-06-30 00:00:00.000',59.14,'Strasbourg','France');
INSERT INTO Orders (OrderID,EmployeeID,OrderDate,Freight,ShipCity,ShipCountry) VALUES (10585,7,'1997-07-01 00:00:00.000',13.41,'Resende','Brazil');
INSERT INTO Orders (OrderID,EmployeeID,OrderDate,Freight,ShipCity,ShipCountry) VALUES (10586,9,'1997-07-02 00:00:00.000',0.48,'Reggio Emilia','Italy');
INSERT INTO Orders (OrderID,EmployeeID,OrderDate,Freight,ShipCity,ShipCountry) VALUES (10587,1,'1997-07-02 00:00:00.000',62.52,'Rio de Janeiro','Brazil');
INSERT INTO Orders (OrderID,EmployeeID,OrderDate,Freight,ShipCity,ShipCountry) VALUES (10588,2,'1997-07-03 00:00:00.000',194.67,'Cunewalde','Germany');
INSERT INTO Orders (OrderID,EmployeeID,OrderDate,Freight,ShipCity,ShipCountry) VALUES (10589,8,'1997-07-04 00:00:00.000',4.42,'Eugene','USA');
INSERT INTO Orders (OrderID,EmployeeID,OrderDate,Freight,ShipCity,ShipCountry) VALUES (10590,4,'1997-07-07 00:00:00.000',44.77,'Montréal','Canada');
INSERT INTO Orders (OrderID,EmployeeID,OrderDate,Freight,ShipCity,ShipCountry) VALUES (10591,1,'1997-07-07 00:00:00.000',55.92,'Århus','Denmark');
INSERT INTO Orders (OrderID,EmployeeID,OrderDate,Freight,ShipCity,ShipCountry) VALUES (10592,3,'1997-07-08 00:00:00.000',32.1,'Frankfurt a.M.','Germany');
INSERT INTO Orders (OrderID,EmployeeID,OrderDate,Freight,ShipCity,ShipCountry) VALUES (10593,7,'1997-07-09 00:00:00.000',174.2,'Frankfurt a.M.','Germany');
INSERT INTO Orders (OrderID,EmployeeID,OrderDate,Freight,ShipCity,ShipCountry) VALUES (10594,3,'1997-07-09 00:00:00.000',5.24,'Anchorage','USA');
INSERT INTO Orders (OrderID,EmployeeID,OrderDate,Freight,ShipCity,ShipCountry) VALUES (10595,2,'1997-07-10 00:00:00.000',96.78,'Graz','Austria');
INSERT INTO Orders (OrderID,EmployeeID,OrderDate,Freight,ShipCity,ShipCountry) VALUES (10596,8,'1997-07-11 00:00:00.000',16.34,'Seattle','USA');
INSERT INTO Orders (OrderID,EmployeeID,OrderDate,Freight,ShipCity,ShipCountry) VALUES (10597,7,'1997-07-11 00:00:00.000',35.12,'Salzburg','Austria');
INSERT INTO Orders (OrderID,EmployeeID,OrderDate,Freight,ShipCity,ShipCountry) VALUES (10598,1,'1997-07-14 00:00:00.000',44.42,'Albuquerque','USA');
INSERT INTO Orders (OrderID,EmployeeID,OrderDate,Freight,ShipCity,ShipCountry) VALUES (10599,6,'1997-07-15 00:00:00.000',29.98,'London','UK');
INSERT INTO Orders (OrderID,EmployeeID,OrderDate,Freight,ShipCity,ShipCountry) VALUES (10600,4,'1997-07-16 00:00:00.000',45.13,'Elgin','USA');
INSERT INTO Orders (OrderID,EmployeeID,OrderDate,Freight,ShipCity,ShipCountry) VALUES (10601,7,'1997-07-16 00:00:00.000',58.3,'San Cristóbal','Venezuela');
INSERT INTO Orders (OrderID,EmployeeID,OrderDate,Freight,ShipCity,ShipCountry) VALUES (10602,8,'1997-07-17 00:00:00.000',2.92,'Århus','Denmark');
INSERT INTO Orders (OrderID,EmployeeID,OrderDate,Freight,ShipCity,ShipCountry) VALUES (10603,8,'1997-07-18 00:00:00.000',48.77,'Boise','USA');
INSERT INTO Orders (OrderID,EmployeeID,OrderDate,Freight,ShipCity,ShipCountry) VALUES (10604,1,'1997-07-18 00:00:00.000',7.46,'Lisboa','Portugal');
INSERT INTO Orders (OrderID,EmployeeID,OrderDate,Freight,ShipCity,ShipCountry) VALUES (10605,1,'1997-07-21 00:00:00.000',379.13,'Montréal','Canada');
INSERT INTO Orders (OrderID,EmployeeID,OrderDate,Freight,ShipCity,ShipCountry) VALUES (10606,4,'1997-07-22 00:00:00.000',79.4,'Sao Paulo','Brazil');
INSERT INTO Orders (OrderID,EmployeeID,OrderDate,Freight,ShipCity,ShipCountry) VALUES (10607,5,'1997-07-22 00:00:00.000',200.24,'Boise','USA');
INSERT INTO Orders (OrderID,EmployeeID,OrderDate,Freight,ShipCity,ShipCountry) VALUES (10608,4,'1997-07-23 00:00:00.000',27.79,'Münster','Germany');
INSERT INTO Orders (OrderID,EmployeeID,OrderDate,Freight,ShipCity,ShipCountry) VALUES (10609,7,'1997-07-24 00:00:00.000',1.85,'Nantes','France');
INSERT INTO Orders (OrderID,EmployeeID,OrderDate,Freight,ShipCity,ShipCountry) VALUES (10610,8,'1997-07-25 00:00:00.000',26.78,'Toulouse','France');
INSERT INTO Orders (OrderID,EmployeeID,OrderDate,Freight,ShipCity,ShipCountry) VALUES (10611,6,'1997-07-25 00:00:00.000',80.65,'Warszawa','Poland');
INSERT INTO Orders (OrderID,EmployeeID,OrderDate,Freight,ShipCity,ShipCountry) VALUES (10612,1,'1997-07-28 00:00:00.000',544.08,'Boise','USA');
INSERT INTO Orders (OrderID,EmployeeID,OrderDate,Freight,ShipCity,ShipCountry) VALUES (10613,4,'1997-07-29 00:00:00.000',8.11,'San Cristóbal','Venezuela');
INSERT INTO Orders (OrderID,EmployeeID,OrderDate,Freight,ShipCity,ShipCountry) VALUES (10614,8,'1997-07-29 00:00:00.000',1.93,'Mannheim','Germany');
INSERT INTO Orders (OrderID,EmployeeID,OrderDate,Freight,ShipCity,ShipCountry) VALUES (10615,2,'1997-07-30 00:00:00.000',0.75,'Helsinki','Finland');
INSERT INTO Orders (OrderID,EmployeeID,OrderDate,Freight,ShipCity,ShipCountry) VALUES (10616,1,'1997-07-31 00:00:00.000',116.53,'Eugene','USA');
INSERT INTO Orders (OrderID,EmployeeID,OrderDate,Freight,ShipCity,ShipCountry) VALUES (10617,4,'1997-07-31 00:00:00.000',18.53,'Eugene','USA');
INSERT INTO Orders (OrderID,EmployeeID,OrderDate,Freight,ShipCity,ShipCountry) VALUES (10618,1,'1997-08-01 00:00:00.000',154.68,'Montréal','Canada');
INSERT INTO Orders (OrderID,EmployeeID,OrderDate,Freight,ShipCity,ShipCountry) VALUES (10619,3,'1997-08-04 00:00:00.000',91.05,'Montréal','Canada');
INSERT INTO Orders (OrderID,EmployeeID,OrderDate,Freight,ShipCity,ShipCountry) VALUES (10620,2,'1997-08-05 00:00:00.000',0.94,'Vancouver','Canada');
INSERT INTO Orders (OrderID,EmployeeID,OrderDate,Freight,ShipCity,ShipCountry) VALUES (10621,4,'1997-08-05 00:00:00.000',23.73,'Cowes','UK');
INSERT INTO Orders (OrderID,EmployeeID,OrderDate,Freight,ShipCity,ShipCountry) VALUES (10622,4,'1997-08-06 00:00:00.000',50.97,'Rio de Janeiro','Brazil');
INSERT INTO Orders (OrderID,EmployeeID,OrderDate,Freight,ShipCity,ShipCountry) VALUES (10623,8,'1997-08-07 00:00:00.000',97.18,'München','Germany');
INSERT INTO Orders (OrderID,EmployeeID,OrderDate,Freight,ShipCity,ShipCountry) VALUES (10624,4,'1997-08-07 00:00:00.000',94.8,'Butte','USA');
INSERT INTO Orders (OrderID,EmployeeID,OrderDate,Freight,ShipCity,ShipCountry) VALUES (10625,3,'1997-08-08 00:00:00.000',43.9,'México D.F.','Mexico');
INSERT INTO Orders (OrderID,EmployeeID,OrderDate,Freight,ShipCity,ShipCountry) VALUES (10626,1,'1997-08-11 00:00:00.000',138.69,'Luleå','Sweden');
INSERT INTO Orders (OrderID,EmployeeID,OrderDate,Freight,ShipCity,ShipCountry) VALUES (10627,8,'1997-08-11 00:00:00.000',107.46,'Boise','USA');
INSERT INTO Orders (OrderID,EmployeeID,OrderDate,Freight,ShipCity,ShipCountry) VALUES (10628,4,'1997-08-12 00:00:00.000',30.36,'Strasbourg','France');
INSERT INTO Orders (OrderID,EmployeeID,OrderDate,Freight,ShipCity,ShipCountry) VALUES (10629,4,'1997-08-12 00:00:00.000',85.46,'Sevilla','Spain');
INSERT INTO Orders (OrderID,EmployeeID,OrderDate,Freight,ShipCity,ShipCountry) VALUES (10630,1,'1997-08-13 00:00:00.000',32.35,'Brandenburg','Germany');
INSERT INTO Orders (OrderID,EmployeeID,OrderDate,Freight,ShipCity,ShipCountry) VALUES (10631,8,'1997-08-14 00:00:00.000',0.87,'Toulouse','France');
INSERT INTO Orders (OrderID,EmployeeID,OrderDate,Freight,ShipCity,ShipCountry) VALUES (10632,8,'1997-08-14 00:00:00.000',41.38,'Stuttgart','Germany');
INSERT INTO Orders (OrderID,EmployeeID,OrderDate,Freight,ShipCity,ShipCountry) VALUES (10633,7,'1997-08-15 00:00:00.000',477.9,'Graz','Austria');
INSERT INTO Orders (OrderID,EmployeeID,OrderDate,Freight,ShipCity,ShipCountry) VALUES (10634,4,'1997-08-15 00:00:00.000',487.38,'Lille','France');
INSERT INTO Orders (OrderID,EmployeeID,OrderDate,Freight,ShipCity,ShipCountry) VALUES (10635,8,'1997-08-18 00:00:00.000',47.46,'Bergamo','Italy');
INSERT INTO Orders (OrderID,EmployeeID,OrderDate,Freight,ShipCity,ShipCountry) VALUES (10636,4,'1997-08-19 00:00:00.000',1.15,'Oulu','Finland');
INSERT INTO Orders (OrderID,EmployeeID,OrderDate,Freight,ShipCity,ShipCountry) VALUES (10637,6,'1997-08-19 00:00:00.000',201.29,'Sao Paulo','Brazil');
INSERT INTO Orders (OrderID,EmployeeID,OrderDate,Freight,ShipCity,ShipCountry) VALUES (10638,3,'1997-08-20 00:00:00.000',158.44,'I. de Margarita','Venezuela');
INSERT INTO Orders (OrderID,EmployeeID,OrderDate,Freight,ShipCity,ShipCountry) VALUES (10639,7,'1997-08-20 00:00:00.000',38.64,'Stavern','Norway');
INSERT INTO Orders (OrderID,EmployeeID,OrderDate,Freight,ShipCity,ShipCountry) VALUES (10640,4,'1997-08-21 00:00:00.000',23.55,'Stuttgart','Germany');
INSERT INTO Orders (OrderID,EmployeeID,OrderDate,Freight,ShipCity,ShipCountry) VALUES (10641,4,'1997-08-22 00:00:00.000',179.61,'San Cristóbal','Venezuela');
INSERT INTO Orders (OrderID,EmployeeID,OrderDate,Freight,ShipCity,ShipCountry) VALUES (10642,7,'1997-08-22 00:00:00.000',41.89,'Kobenhavn','Denmark');
INSERT INTO Orders (OrderID,EmployeeID,OrderDate,Freight,ShipCity,ShipCountry) VALUES (10643,6,'1997-08-25 00:00:00.000',29.46,'Berlin','Germany');
INSERT INTO Orders (OrderID,EmployeeID,OrderDate,Freight,ShipCity,ShipCountry) VALUES (10644,3,'1997-08-25 00:00:00.000',0.14,'Resende','Brazil');
INSERT INTO Orders (OrderID,EmployeeID,OrderDate,Freight,ShipCity,ShipCountry) VALUES (10645,4,'1997-08-26 00:00:00.000',12.41,'Rio de Janeiro','Brazil');
INSERT INTO Orders (OrderID,EmployeeID,OrderDate,Freight,ShipCity,ShipCountry) VALUES (10646,9,'1997-08-27 00:00:00.000',142.33,'Cork','Ireland');
INSERT INTO Orders (OrderID,EmployeeID,OrderDate,Freight,ShipCity,ShipCountry) VALUES (10647,4,'1997-08-27 00:00:00.000',45.54,'Rio de Janeiro','Brazil');
INSERT INTO Orders (OrderID,EmployeeID,OrderDate,Freight,ShipCity,ShipCountry) VALUES (10648,5,'1997-08-28 00:00:00.000',14.25,'Rio de Janeiro','Brazil');
INSERT INTO Orders (OrderID,EmployeeID,OrderDate,Freight,ShipCity,ShipCountry) VALUES (10649,5,'1997-08-28 00:00:00.000',6.2,'Bruxelles','Belgium');
INSERT INTO Orders (OrderID,EmployeeID,OrderDate,Freight,ShipCity,ShipCountry) VALUES (10650,5,'1997-08-29 00:00:00.000',176.81,'Sao Paulo','Brazil');
INSERT INTO Orders (OrderID,EmployeeID,OrderDate,Freight,ShipCity,ShipCountry) VALUES (10651,8,'1997-09-01 00:00:00.000',20.6,'Stuttgart','Germany');
INSERT INTO Orders (OrderID,EmployeeID,OrderDate,Freight,ShipCity,ShipCountry) VALUES (10652,4,'1997-09-01 00:00:00.000',7.14,'Campinas','Brazil');
INSERT INTO Orders (OrderID,EmployeeID,OrderDate,Freight,ShipCity,ShipCountry) VALUES (10653,1,'1997-09-02 00:00:00.000',93.25,'München','Germany');
INSERT INTO Orders (OrderID,EmployeeID,OrderDate,Freight,ShipCity,ShipCountry) VALUES (10654,5,'1997-09-02 00:00:00.000',55.26,'Luleå','Sweden');
INSERT INTO Orders (OrderID,EmployeeID,OrderDate,Freight,ShipCity,ShipCountry) VALUES (10655,1,'1997-09-03 00:00:00.000',4.41,'Reggio Emilia','Italy');
INSERT INTO Orders (OrderID,EmployeeID,OrderDate,Freight,ShipCity,ShipCountry) VALUES (10656,6,'1997-09-04 00:00:00.000',57.15,'Eugene','USA');
INSERT INTO Orders (OrderID,EmployeeID,OrderDate,Freight,ShipCity,ShipCountry) VALUES (10657,2,'1997-09-04 00:00:00.000',352.69,'Boise','USA');
INSERT INTO Orders (OrderID,EmployeeID,OrderDate,Freight,ShipCity,ShipCountry) VALUES (10658,4,'1997-09-05 00:00:00.000',364.15,'Cunewalde','Germany');
INSERT INTO Orders (OrderID,EmployeeID,OrderDate,Freight,ShipCity,ShipCountry) VALUES (10659,7,'1997-09-05 00:00:00.000',105.81,'Sao Paulo','Brazil');
INSERT INTO Orders (OrderID,EmployeeID,OrderDate,Freight,ShipCity,ShipCountry) VALUES (10660,8,'1997-09-08 00:00:00.000',111.29,'Elgin','USA');
INSERT INTO Orders (OrderID,EmployeeID,OrderDate,Freight,ShipCity,ShipCountry) VALUES (10661,7,'1997-09-09 00:00:00.000',17.55,'Cork','Ireland');
INSERT INTO Orders (OrderID,EmployeeID,OrderDate,Freight,ShipCity,ShipCountry) VALUES (10662,3,'1997-09-09 00:00:00.000',1.28,'Portland','USA');
INSERT INTO Orders (OrderID,EmployeeID,OrderDate,Freight,ShipCity,ShipCountry) VALUES (10663,2,'1997-09-10 00:00:00.000',113.15,'Marseille','France');
INSERT INTO Orders (OrderID,EmployeeID,OrderDate,Freight,ShipCity,ShipCountry) VALUES (10664,1,'1997-09-10 00:00:00.000',1.27,'Lisboa','Portugal');
INSERT INTO Orders (OrderID,EmployeeID,OrderDate,Freight,ShipCity,ShipCountry) VALUES (10665,1,'1997-09-11 00:00:00.000',26.31,'Portland','USA');
INSERT INTO Orders (OrderID,EmployeeID,OrderDate,Freight,ShipCity,ShipCountry) VALUES (10666,7,'1997-09-12 00:00:00.000',232.42,'Genève','Switzerland');
INSERT INTO Orders (OrderID,EmployeeID,OrderDate,Freight,ShipCity,ShipCountry) VALUES (10667,7,'1997-09-12 00:00:00.000',78.09,'Graz','Austria');
INSERT INTO Orders (OrderID,EmployeeID,OrderDate,Freight,ShipCity,ShipCountry) VALUES (10668,1,'1997-09-15 00:00:00.000',47.22,'Stuttgart','Germany');
INSERT INTO Orders (OrderID,EmployeeID,OrderDate,Freight,ShipCity,ShipCountry) VALUES (10669,2,'1997-09-15 00:00:00.000',24.39,'Kobenhavn','Denmark');
INSERT INTO Orders (OrderID,EmployeeID,OrderDate,Freight,ShipCity,ShipCountry) VALUES (10670,4,'1997-09-16 00:00:00.000',203.48,'München','Germany');
INSERT INTO Orders (OrderID,EmployeeID,OrderDate,Freight,ShipCity,ShipCountry) VALUES (10671,1,'1997-09-17 00:00:00.000',30.34,'Nantes','France');
INSERT INTO Orders (OrderID,EmployeeID,OrderDate,Freight,ShipCity,ShipCountry) VALUES (10672,9,'1997-09-17 00:00:00.000',95.75,'Luleå','Sweden');
INSERT INTO Orders (OrderID,EmployeeID,OrderDate,Freight,ShipCity,ShipCountry) VALUES (10673,2,'1997-09-18 00:00:00.000',22.76,'Helsinki','Finland');
INSERT INTO Orders (OrderID,EmployeeID,OrderDate,Freight,ShipCity,ShipCountry) VALUES (10674,4,'1997-09-18 00:00:00.000',0.9,'Cowes','UK');
INSERT INTO Orders (OrderID,EmployeeID,OrderDate,Freight,ShipCity,ShipCountry) VALUES (10675,5,'1997-09-19 00:00:00.000',31.85,'München','Germany');
INSERT INTO Orders (OrderID,EmployeeID,OrderDate,Freight,ShipCity,ShipCountry) VALUES (10676,2,'1997-09-22 00:00:00.000',2.01,'México D.F.','Mexico');
INSERT INTO Orders (OrderID,EmployeeID,OrderDate,Freight,ShipCity,ShipCountry) VALUES (10677,1,'1997-09-22 00:00:00.000',4.03,'México D.F.','Mexico');
INSERT INTO Orders (OrderID,EmployeeID,OrderDate,Freight,ShipCity,ShipCountry) VALUES (10678,7,'1997-09-23 00:00:00.000',388.98,'Boise','USA');
INSERT INTO Orders (OrderID,EmployeeID,OrderDate,Freight,ShipCity,ShipCountry) VALUES (10679,8,'1997-09-23 00:00:00.000',27.94,'Strasbourg','France');
INSERT INTO Orders (OrderID,EmployeeID,OrderDate,Freight,ShipCity,ShipCountry) VALUES (10680,1,'1997-09-24 00:00:00.000',26.61,'Anchorage','USA');
INSERT INTO Orders (OrderID,EmployeeID,OrderDate,Freight,ShipCity,ShipCountry) VALUES (10681,3,'1997-09-25 00:00:00.000',76.13,'Eugene','USA');
INSERT INTO Orders (OrderID,EmployeeID,OrderDate,Freight,ShipCity,ShipCountry) VALUES (10682,3,'1997-09-25 00:00:00.000',36.13,'México D.F.','Mexico');
INSERT INTO Orders (OrderID,EmployeeID,OrderDate,Freight,ShipCity,ShipCountry) VALUES (10683,2,'1997-09-26 00:00:00.000',4.4,'Nantes','France');
INSERT INTO Orders (OrderID,EmployeeID,OrderDate,Freight,ShipCity,ShipCountry) VALUES (10684,3,'1997-09-26 00:00:00.000',145.63,'Köln','Germany');
INSERT INTO Orders (OrderID,EmployeeID,OrderDate,Freight,ShipCity,ShipCountry) VALUES (10685,4,'1997-09-29 00:00:00.000',33.75,'Campinas','Brazil');
INSERT INTO Orders (OrderID,EmployeeID,OrderDate,Freight,ShipCity,ShipCountry) VALUES (10686,2,'1997-09-30 00:00:00.000',96.5,'Salzburg','Austria');
INSERT INTO Orders (OrderID,EmployeeID,OrderDate,Freight,ShipCity,ShipCountry) VALUES (10687,9,'1997-09-30 00:00:00.000',296.43,'Cork','Ireland');
INSERT INTO Orders (OrderID,EmployeeID,OrderDate,Freight,ShipCity,ShipCountry) VALUES (10688,4,'1997-10-01 00:00:00.000',299.09,'Århus','Denmark');
INSERT INTO Orders (OrderID,EmployeeID,OrderDate,Freight,ShipCity,ShipCountry) VALUES (10689,1,'1997-10-01 00:00:00.000',13.42,'Luleå','Sweden');
INSERT INTO Orders (OrderID,EmployeeID,OrderDate,Freight,ShipCity,ShipCountry) VALUES (10690,1,'1997-10-02 00:00:00.000',15.8,'Rio de Janeiro','Brazil');
INSERT INTO Orders (OrderID,EmployeeID,OrderDate,Freight,ShipCity,ShipCountry) VALUES (10691,2,'1997-10-03 00:00:00.000',810.05,'Cunewalde','Germany');
INSERT INTO Orders (OrderID,EmployeeID,OrderDate,Freight,ShipCity,ShipCountry) VALUES (10692,4,'1997-10-03 00:00:00.000',61.02,'Berlin','Germany');
INSERT INTO Orders (OrderID,EmployeeID,OrderDate,Freight,ShipCity,ShipCountry) VALUES (10693,3,'1997-10-06 00:00:00.000',139.34,'Seattle','USA');
INSERT INTO Orders (OrderID,EmployeeID,OrderDate,Freight,ShipCity,ShipCountry) VALUES (10694,8,'1997-10-06 00:00:00.000',398.36,'Cunewalde','Germany');
INSERT INTO Orders (OrderID,EmployeeID,OrderDate,Freight,ShipCity,ShipCountry) VALUES (10695,7,'1997-10-07 00:00:00.000',16.72,'Helsinki','Finland');
INSERT INTO Orders (OrderID,EmployeeID,OrderDate,Freight,ShipCity,ShipCountry) VALUES (10696,8,'1997-10-08 00:00:00.000',102.55,'Seattle','USA');
INSERT INTO Orders (OrderID,EmployeeID,OrderDate,Freight,ShipCity,ShipCountry) VALUES (10697,3,'1997-10-08 00:00:00.000',45.52,'I. de Margarita','Venezuela');
INSERT INTO Orders (OrderID,EmployeeID,OrderDate,Freight,ShipCity,ShipCountry) VALUES (10698,4,'1997-10-09 00:00:00.000',272.47,'Graz','Austria');
INSERT INTO Orders (OrderID,EmployeeID,OrderDate,Freight,ShipCity,ShipCountry) VALUES (10699,3,'1997-10-09 00:00:00.000',0.58,'Leipzig','Germany');
INSERT INTO Orders (OrderID,EmployeeID,OrderDate,Freight,ShipCity,ShipCountry) VALUES (10700,3,'1997-10-10 00:00:00.000',65.1,'Boise','USA');
INSERT INTO Orders (OrderID,EmployeeID,OrderDate,Freight,ShipCity,ShipCountry) VALUES (10701,6,'1997-10-13 00:00:00.000',220.31,'Cork','Ireland');
INSERT INTO Orders (OrderID,EmployeeID,OrderDate,Freight,ShipCity,ShipCountry) VALUES (10702,4,'1997-10-13 00:00:00.000',23.94,'Berlin','Germany');
INSERT INTO Orders (OrderID,EmployeeID,OrderDate,Freight,ShipCity,ShipCountry) VALUES (10703,6,'1997-10-14 00:00:00.000',152.3,'Bräcke','Sweden');
INSERT INTO Orders (OrderID,EmployeeID,OrderDate,Freight,ShipCity,ShipCountry) VALUES (10704,6,'1997-10-14 00:00:00.000',4.78,'Sao Paulo','Brazil');
INSERT INTO Orders (OrderID,EmployeeID,OrderDate,Freight,ShipCity,ShipCountry) VALUES (10705,9,'1997-10-15 00:00:00.000',3.52,'San Cristóbal','Venezuela');
INSERT INTO Orders (OrderID,EmployeeID,OrderDate,Freight,ShipCity,ShipCountry) VALUES (10706,8,'1997-10-16 00:00:00.000',135.63,'Anchorage','USA');
INSERT INTO Orders (OrderID,EmployeeID,OrderDate,Freight,ShipCity,ShipCountry) VALUES (10707,4,'1997-10-16 00:00:00.000',21.74,'Colchester','UK');
INSERT INTO Orders (OrderID,EmployeeID,OrderDate,Freight,ShipCity,ShipCountry) VALUES (10708,6,'1997-10-17 00:00:00.000',2.96,'Portland','USA');
INSERT INTO Orders (OrderID,EmployeeID,OrderDate,Freight,ShipCity,ShipCountry) VALUES (10709,1,'1997-10-17 00:00:00.000',210.8,'Campinas','Brazil');
INSERT INTO Orders (OrderID,EmployeeID,OrderDate,Freight,ShipCity,ShipCountry) VALUES (10710,1,'1997-10-20 00:00:00.000',4.98,'Torino','Italy');
INSERT INTO Orders (OrderID,EmployeeID,OrderDate,Freight,ShipCity,ShipCountry) VALUES (10711,5,'1997-10-21 00:00:00.000',52.41,'Boise','USA');
INSERT INTO Orders (OrderID,EmployeeID,OrderDate,Freight,ShipCity,ShipCountry) VALUES (10712,3,'1997-10-21 00:00:00.000',89.93,'Cork','Ireland');
INSERT INTO Orders (OrderID,EmployeeID,OrderDate,Freight,ShipCity,ShipCountry) VALUES (10713,1,'1997-10-22 00:00:00.000',167.05,'Boise','USA');
INSERT INTO Orders (OrderID,EmployeeID,OrderDate,Freight,ShipCity,ShipCountry) VALUES (10714,5,'1997-10-22 00:00:00.000',24.49,'Boise','USA');
INSERT INTO Orders (OrderID,EmployeeID,OrderDate,Freight,ShipCity,ShipCountry) VALUES (10715,3,'1997-10-23 00:00:00.000',63.2,'Marseille','France');
INSERT INTO Orders (OrderID,EmployeeID,OrderDate,Freight,ShipCity,ShipCountry) VALUES (10716,4,'1997-10-24 00:00:00.000',22.57,'Buenos Aires','Argentina');
INSERT INTO Orders (OrderID,EmployeeID,OrderDate,Freight,ShipCity,ShipCountry) VALUES (10717,1,'1997-10-24 00:00:00.000',59.25,'München','Germany');
INSERT INTO Orders (OrderID,EmployeeID,OrderDate,Freight,ShipCity,ShipCountry) VALUES (10718,1,'1997-10-27 00:00:00.000',170.88,'Brandenburg','Germany');
INSERT INTO Orders (OrderID,EmployeeID,OrderDate,Freight,ShipCity,ShipCountry) VALUES (10719,8,'1997-10-27 00:00:00.000',51.44,'San Francisco','USA');
INSERT INTO Orders (OrderID,EmployeeID,OrderDate,Freight,ShipCity,ShipCountry) VALUES (10720,8,'1997-10-28 00:00:00.000',9.53,'Rio de Janeiro','Brazil');
INSERT INTO Orders (OrderID,EmployeeID,OrderDate,Freight,ShipCity,ShipCountry) VALUES (10721,5,'1997-10-29 00:00:00.000',48.92,'Cunewalde','Germany');
INSERT INTO Orders (OrderID,EmployeeID,OrderDate,Freight,ShipCity,ShipCountry) VALUES (10722,8,'1997-10-29 00:00:00.000',74.58,'Boise','USA');
INSERT INTO Orders (OrderID,EmployeeID,OrderDate,Freight,ShipCity,ShipCountry) VALUES (10723,3,'1997-10-30 00:00:00.000',21.72,'Seattle','USA');
INSERT INTO Orders (OrderID,EmployeeID,OrderDate,Freight,ShipCity,ShipCountry) VALUES (10724,8,'1997-10-30 00:00:00.000',57.75,'Montréal','Canada');
INSERT INTO Orders (OrderID,EmployeeID,OrderDate,Freight,ShipCity,ShipCountry) VALUES (10725,4,'1997-10-31 00:00:00.000',10.83,'Sao Paulo','Brazil');
INSERT INTO Orders (OrderID,EmployeeID,OrderDate,Freight,ShipCity,ShipCountry) VALUES (10726,4,'1997-11-03 00:00:00.000',16.56,'London','UK');
INSERT INTO Orders (OrderID,EmployeeID,OrderDate,Freight,ShipCity,ShipCountry) VALUES (10727,2,'1997-11-03 00:00:00.000',89.9,'Reggio Emilia','Italy');
INSERT INTO Orders (OrderID,EmployeeID,OrderDate,Freight,ShipCity,ShipCountry) VALUES (10728,4,'1997-11-04 00:00:00.000',58.33,'Sao Paulo','Brazil');
INSERT INTO Orders (OrderID,EmployeeID,OrderDate,Freight,ShipCity,ShipCountry) VALUES (10729,8,'1997-11-04 00:00:00.000',141.06,'I. de Margarita','Venezuela');
INSERT INTO Orders (OrderID,EmployeeID,OrderDate,Freight,ShipCity,ShipCountry) VALUES (10730,5,'1997-11-05 00:00:00.000',20.12,'Marseille','France');
INSERT INTO Orders (OrderID,EmployeeID,OrderDate,Freight,ShipCity,ShipCountry) VALUES (10731,7,'1997-11-06 00:00:00.000',96.65,'Bern','Switzerland');
INSERT INTO Orders (OrderID,EmployeeID,OrderDate,Freight,ShipCity,ShipCountry) VALUES (10732,3,'1997-11-06 00:00:00.000',16.97,'Marseille','France');
INSERT INTO Orders (OrderID,EmployeeID,OrderDate,Freight,ShipCity,ShipCountry) VALUES (10733,1,'1997-11-07 00:00:00.000',110.11,'Luleå','Sweden');
INSERT INTO Orders (OrderID,EmployeeID,OrderDate,Freight,ShipCity,ShipCountry) VALUES (10734,2,'1997-11-07 00:00:00.000',1.63,'Campinas','Brazil');
INSERT INTO Orders (OrderID,EmployeeID,OrderDate,Freight,ShipCity,ShipCountry) VALUES (10735,6,'1997-11-10 00:00:00.000',45.97,'San Francisco','USA');
INSERT INTO Orders (OrderID,EmployeeID,OrderDate,Freight,ShipCity,ShipCountry) VALUES (10736,9,'1997-11-11 00:00:00.000',44.1,'Cork','Ireland');
INSERT INTO Orders (OrderID,EmployeeID,OrderDate,Freight,ShipCity,ShipCountry) VALUES (10737,2,'1997-11-11 00:00:00.000',7.79,'Reims','France');
INSERT INTO Orders (OrderID,EmployeeID,OrderDate,Freight,ShipCity,ShipCountry) VALUES (10738,2,'1997-11-12 00:00:00.000',2.91,'Paris','France');
INSERT INTO Orders (OrderID,EmployeeID,OrderDate,Freight,ShipCity,ShipCountry) VALUES (10739,3,'1997-11-12 00:00:00.000',11.08,'Reims','France');
INSERT INTO Orders (OrderID,EmployeeID,OrderDate,Freight,ShipCity,ShipCountry) VALUES (10740,4,'1997-11-13 00:00:00.000',81.88,'Seattle','USA');
INSERT INTO Orders (OrderID,EmployeeID,OrderDate,Freight,ShipCity,ShipCountry) VALUES (10741,4,'1997-11-14 00:00:00.000',10.96,'Colchester','UK');
INSERT INTO Orders (OrderID,EmployeeID,OrderDate,Freight,ShipCity,ShipCountry) VALUES (10742,3,'1997-11-14 00:00:00.000',243.73,'Tsawassen','Canada');
INSERT INTO Orders (OrderID,EmployeeID,OrderDate,Freight,ShipCity,ShipCountry) VALUES (10743,1,'1997-11-17 00:00:00.000',23.72,'Colchester','UK');
INSERT INTO Orders (OrderID,EmployeeID,OrderDate,Freight,ShipCity,ShipCountry) VALUES (10744,6,'1997-11-17 00:00:00.000',69.19,'Århus','Denmark');
INSERT INTO Orders (OrderID,EmployeeID,OrderDate,Freight,ShipCity,ShipCountry) VALUES (10745,9,'1997-11-18 00:00:00.000',3.52,'Cunewalde','Germany');
INSERT INTO Orders (OrderID,EmployeeID,OrderDate,Freight,ShipCity,ShipCountry) VALUES (10746,1,'1997-11-19 00:00:00.000',31.43,'Bern','Switzerland');
INSERT INTO Orders (OrderID,EmployeeID,OrderDate,Freight,ShipCity,ShipCountry) VALUES (10747,6,'1997-11-19 00:00:00.000',117.33,'Salzburg','Austria');
INSERT INTO Orders (OrderID,EmployeeID,OrderDate,Freight,ShipCity,ShipCountry) VALUES (10748,3,'1997-11-20 00:00:00.000',232.55,'Boise','USA');
INSERT INTO Orders (OrderID,EmployeeID,OrderDate,Freight,ShipCity,ShipCountry) VALUES (10749,4,'1997-11-20 00:00:00.000',61.53,'Cowes','UK');
INSERT INTO Orders (OrderID,EmployeeID,OrderDate,Freight,ShipCity,ShipCountry) VALUES (10750,9,'1997-11-21 00:00:00.000',79.3,'Oulu','Finland');
INSERT INTO Orders (OrderID,EmployeeID,OrderDate,Freight,ShipCity,ShipCountry) VALUES (10751,3,'1997-11-24 00:00:00.000',130.79,'Genève','Switzerland');
INSERT INTO Orders (OrderID,EmployeeID,OrderDate,Freight,ShipCity,ShipCountry) VALUES (10752,2,'1997-11-24 00:00:00.000',1.39,'London','UK');
INSERT INTO Orders (OrderID,EmployeeID,OrderDate,Freight,ShipCity,ShipCountry) VALUES (10753,3,'1997-11-25 00:00:00.000',7.7,'Torino','Italy');
INSERT INTO Orders (OrderID,EmployeeID,OrderDate,Freight,ShipCity,ShipCountry) VALUES (10754,6,'1997-11-25 00:00:00.000',2.38,'Bergamo','Italy');
INSERT INTO Orders (OrderID,EmployeeID,OrderDate,Freight,ShipCity,ShipCountry) VALUES (10755,4,'1997-11-26 00:00:00.000',16.71,'Marseille','France');
INSERT INTO Orders (OrderID,EmployeeID,OrderDate,Freight,ShipCity,ShipCountry) VALUES (10756,8,'1997-11-27 00:00:00.000',73.21,'Lander','USA');
INSERT INTO Orders (OrderID,EmployeeID,OrderDate,Freight,ShipCity,ShipCountry) VALUES (10757,6,'1997-11-27 00:00:00.000',8.19,'Boise','USA');
INSERT INTO Orders (OrderID,EmployeeID,OrderDate,Freight,ShipCity,ShipCountry) VALUES (10758,3,'1997-11-28 00:00:00.000',138.17,'Genève','Switzerland');
INSERT INTO Orders (OrderID,EmployeeID,OrderDate,Freight,ShipCity,ShipCountry) VALUES (10759,3,'1997-11-28 00:00:00.000',11.99,'México D.F.','Mexico');
INSERT INTO Orders (OrderID,EmployeeID,OrderDate,Freight,ShipCity,ShipCountry) VALUES (10760,4,'1997-12-01 00:00:00.000',155.64,'Bruxelles','Belgium');
INSERT INTO Orders (OrderID,EmployeeID,OrderDate,Freight,ShipCity,ShipCountry) VALUES (10761,5,'1997-12-02 00:00:00.000',18.66,'Albuquerque','USA');
INSERT INTO Orders (OrderID,EmployeeID,OrderDate,Freight,ShipCity,ShipCountry) VALUES (10762,3,'1997-12-02 00:00:00.000',328.74,'Bräcke','Sweden');
INSERT INTO Orders (OrderID,EmployeeID,OrderDate,Freight,ShipCity,ShipCountry) VALUES (10763,3,'1997-12-03 00:00:00.000',37.35,'Lille','France');
INSERT INTO Orders (OrderID,EmployeeID,OrderDate,Freight,ShipCity,ShipCountry) VALUES (10764,6,'1997-12-03 00:00:00.000',145.45,'Graz','Austria');
INSERT INTO Orders (OrderID,EmployeeID,OrderDate,Freight,ShipCity,ShipCountry) VALUES (10765,3,'1997-12-04 00:00:00.000',42.74,'Cunewalde','Germany');
INSERT INTO Orders (OrderID,EmployeeID,OrderDate,Freight,ShipCity,ShipCountry) VALUES (10766,4,'1997-12-05 00:00:00.000',157.55,'Köln','Germany');
INSERT INTO Orders (OrderID,EmployeeID,OrderDate,Freight,ShipCity,ShipCountry) VALUES (10767,4,'1997-12-05 00:00:00.000',1.59,'Charleroi','Belgium');
INSERT INTO Orders (OrderID,EmployeeID,OrderDate,Freight,ShipCity,ShipCountry) VALUES (10768,3,'1997-12-08 00:00:00.000',146.32,'Colchester','UK');
INSERT INTO Orders (OrderID,EmployeeID,OrderDate,Freight,ShipCity,ShipCountry) VALUES (10769,3,'1997-12-08 00:00:00.000',65.06,'Århus','Denmark');
INSERT INTO Orders (OrderID,EmployeeID,OrderDate,Freight,ShipCity,ShipCountry) VALUES (10770,8,'1997-12-09 00:00:00.000',5.32,'Rio de Janeiro','Brazil');
INSERT INTO Orders (OrderID,EmployeeID,OrderDate,Freight,ShipCity,ShipCountry) VALUES (10771,9,'1997-12-10 00:00:00.000',11.19,'Graz','Austria');
INSERT INTO Orders (OrderID,EmployeeID,OrderDate,Freight,ShipCity,ShipCountry) VALUES (10772,3,'1997-12-10 00:00:00.000',91.28,'Frankfurt a.M.','Germany');
INSERT INTO Orders (OrderID,EmployeeID,OrderDate,Freight,ShipCity,ShipCountry) VALUES (10773,1,'1997-12-11 00:00:00.000',96.43,'Graz','Austria');
INSERT INTO Orders (OrderID,EmployeeID,OrderDate,Freight,ShipCity,ShipCountry) VALUES (10774,4,'1997-12-11 00:00:00.000',48.2,'Bräcke','Sweden');
INSERT INTO Orders (OrderID,EmployeeID,OrderDate,Freight,ShipCity,ShipCountry) VALUES (10775,7,'1997-12-12 00:00:00.000',20.25,'Butte','USA');
INSERT INTO Orders (OrderID,EmployeeID,OrderDate,Freight,ShipCity,ShipCountry) VALUES (10776,1,'1997-12-15 00:00:00.000',351.53,'Graz','Austria');
INSERT INTO Orders (OrderID,EmployeeID,OrderDate,Freight,ShipCity,ShipCountry) VALUES (10777,7,'1997-12-15 00:00:00.000',3.01,'Campinas','Brazil');
INSERT INTO Orders (OrderID,EmployeeID,OrderDate,Freight,ShipCity,ShipCountry) VALUES (10778,3,'1997-12-16 00:00:00.000',6.79,'Luleå','Sweden');
INSERT INTO Orders (OrderID,EmployeeID,OrderDate,Freight,ShipCity,ShipCountry) VALUES (10779,3,'1997-12-16 00:00:00.000',58.13,'Leipzig','Germany');
INSERT INTO Orders (OrderID,EmployeeID,OrderDate,Freight,ShipCity,ShipCountry) VALUES (10780,2,'1997-12-16 00:00:00.000',42.13,'Barquisimeto','Venezuela');
INSERT INTO Orders (OrderID,EmployeeID,OrderDate,Freight,ShipCity,ShipCountry) VALUES (10781,2,'1997-12-17 00:00:00.000',73.16,'Oulu','Finland');
INSERT INTO Orders (OrderID,EmployeeID,OrderDate,Freight,ShipCity,ShipCountry) VALUES (10782,9,'1997-12-17 00:00:00.000',1.1,'Buenos Aires','Argentina');
INSERT INTO Orders (OrderID,EmployeeID,OrderDate,Freight,ShipCity,ShipCountry) VALUES (10783,4,'1997-12-18 00:00:00.000',124.98,'Rio de Janeiro','Brazil');
INSERT INTO Orders (OrderID,EmployeeID,OrderDate,Freight,ShipCity,ShipCountry) VALUES (10784,4,'1997-12-18 00:00:00.000',70.09,'Bergamo','Italy');
INSERT INTO Orders (OrderID,EmployeeID,OrderDate,Freight,ShipCity,ShipCountry) VALUES (10785,1,'1997-12-18 00:00:00.000',1.51,'Caracas','Venezuela');
INSERT INTO Orders (OrderID,EmployeeID,OrderDate,Freight,ShipCity,ShipCountry) VALUES (10786,8,'1997-12-19 00:00:00.000',110.87,'Sao Paulo','Brazil');
INSERT INTO Orders (OrderID,EmployeeID,OrderDate,Freight,ShipCity,ShipCountry) VALUES (10787,2,'1997-12-19 00:00:00.000',249.93,'Toulouse','France');
INSERT INTO Orders (OrderID,EmployeeID,OrderDate,Freight,ShipCity,ShipCountry) VALUES (10788,1,'1997-12-22 00:00:00.000',42.7,'Cunewalde','Germany');
INSERT INTO Orders (OrderID,EmployeeID,OrderDate,Freight,ShipCity,ShipCountry) VALUES (10789,1,'1997-12-22 00:00:00.000',100.6,'Lille','France');
INSERT INTO Orders (OrderID,EmployeeID,OrderDate,Freight,ShipCity,ShipCountry) VALUES (10790,6,'1997-12-22 00:00:00.000',28.23,'Campinas','Brazil');
INSERT INTO Orders (OrderID,EmployeeID,OrderDate,Freight,ShipCity,ShipCountry) VALUES (10791,6,'1997-12-23 00:00:00.000',16.85,'München','Germany');
INSERT INTO Orders (OrderID,EmployeeID,OrderDate,Freight,ShipCity,ShipCountry) VALUES (10792,1,'1997-12-23 00:00:00.000',23.79,'Warszawa','Poland');
INSERT INTO Orders (OrderID,EmployeeID,OrderDate,Freight,ShipCity,ShipCountry) VALUES (10793,3,'1997-12-24 00:00:00.000',4.52,'Colchester','UK');
INSERT INTO Orders (OrderID,EmployeeID,OrderDate,Freight,ShipCity,ShipCountry) VALUES (10794,6,'1997-12-24 00:00:00.000',21.49,'Rio de Janeiro','Brazil');
INSERT INTO Orders (OrderID,EmployeeID,OrderDate,Freight,ShipCity,ShipCountry) VALUES (10795,8,'1997-12-24 00:00:00.000',126.66,'Graz','Austria');
INSERT INTO Orders (OrderID,EmployeeID,OrderDate,Freight,ShipCity,ShipCountry) VALUES (10796,3,'1997-12-25 00:00:00.000',26.52,'San Cristóbal','Venezuela');
INSERT INTO Orders (OrderID,EmployeeID,OrderDate,Freight,ShipCity,ShipCountry) VALUES (10797,7,'1997-12-25 00:00:00.000',33.35,'Aachen','Germany');
INSERT INTO Orders (OrderID,EmployeeID,OrderDate,Freight,ShipCity,ShipCountry) VALUES (10798,2,'1997-12-26 00:00:00.000',2.33,'Cowes','UK');
INSERT INTO Orders (OrderID,EmployeeID,OrderDate,Freight,ShipCity,ShipCountry) VALUES (10799,9,'1997-12-26 00:00:00.000',30.76,'Brandenburg','Germany');
INSERT INTO Orders (OrderID,EmployeeID,OrderDate,Freight,ShipCity,ShipCountry) VALUES (10800,1,'1997-12-26 00:00:00.000',137.44,'London','UK');
INSERT INTO Orders (OrderID,EmployeeID,OrderDate,Freight,ShipCity,ShipCountry) VALUES (10801,4,'1997-12-29 00:00:00.000',97.09,'Madrid','Spain');
INSERT INTO Orders (OrderID,EmployeeID,OrderDate,Freight,ShipCity,ShipCountry) VALUES (10802,4,'1997-12-29 00:00:00.000',257.26,'Kobenhavn','Denmark');
INSERT INTO Orders (OrderID,EmployeeID,OrderDate,Freight,ShipCity,ShipCountry) VALUES (10803,4,'1997-12-30 00:00:00.000',55.23,'Resende','Brazil');
INSERT INTO Orders (OrderID,EmployeeID,OrderDate,Freight,ShipCity,ShipCountry) VALUES (10804,6,'1997-12-30 00:00:00.000',27.33,'London','UK');
INSERT INTO Orders (OrderID,EmployeeID,OrderDate,Freight,ShipCity,ShipCountry) VALUES (10805,2,'1997-12-30 00:00:00.000',237.34,'Portland','USA');
INSERT INTO Orders (OrderID,EmployeeID,OrderDate,Freight,ShipCity,ShipCountry) VALUES (10806,3,'1997-12-31 00:00:00.000',22.11,'Lyon','France');
INSERT INTO Orders (OrderID,EmployeeID,OrderDate,Freight,ShipCity,ShipCountry) VALUES (10807,4,'1997-12-31 00:00:00.000',1.36,'Torino','Italy');
INSERT INTO Orders (OrderID,EmployeeID,OrderDate,Freight,ShipCity,ShipCountry) VALUES (10808,2,'1998-01-01 00:00:00.000',45.53,'Anchorage','USA');
INSERT INTO Orders (OrderID,EmployeeID,OrderDate,Freight,ShipCity,ShipCountry) VALUES (10809,7,'1998-01-01 00:00:00.000',4.87,'Resende','Brazil');
INSERT INTO Orders (OrderID,EmployeeID,OrderDate,Freight,ShipCity,ShipCountry) VALUES (10810,2,'1998-01-01 00:00:00.000',4.33,'Vancouver','Canada');
INSERT INTO Orders (OrderID,EmployeeID,OrderDate,Freight,ShipCity,ShipCountry) VALUES (10811,8,'1998-01-02 00:00:00.000',31.22,'I. de Margarita','Venezuela');
INSERT INTO Orders (OrderID,EmployeeID,OrderDate,Freight,ShipCity,ShipCountry) VALUES (10812,5,'1998-01-02 00:00:00.000',59.78,'Reggio Emilia','Italy');
INSERT INTO Orders (OrderID,EmployeeID,OrderDate,Freight,ShipCity,ShipCountry) VALUES (10813,1,'1998-01-05 00:00:00.000',47.38,'Rio de Janeiro','Brazil');
INSERT INTO Orders (OrderID,EmployeeID,OrderDate,Freight,ShipCity,ShipCountry) VALUES (10814,3,'1998-01-05 00:00:00.000',130.94,'Lyon','France');
INSERT INTO Orders (OrderID,EmployeeID,OrderDate,Freight,ShipCity,ShipCountry) VALUES (10815,2,'1998-01-05 00:00:00.000',14.62,'Boise','USA');
INSERT INTO Orders (OrderID,EmployeeID,OrderDate,Freight,ShipCity,ShipCountry) VALUES (10816,4,'1998-01-06 00:00:00.000',719.78,'Eugene','USA');
INSERT INTO Orders (OrderID,EmployeeID,OrderDate,Freight,ShipCity,ShipCountry) VALUES (10817,3,'1998-01-06 00:00:00.000',306.07,'Brandenburg','Germany');
INSERT INTO Orders (OrderID,EmployeeID,OrderDate,Freight,ShipCity,ShipCountry) VALUES (10818,7,'1998-01-07 00:00:00.000',65.48,'Bergamo','Italy');
INSERT INTO Orders (OrderID,EmployeeID,OrderDate,Freight,ShipCity,ShipCountry) VALUES (10819,2,'1998-01-07 00:00:00.000',19.76,'Buenos Aires','Argentina');
INSERT INTO Orders (OrderID,EmployeeID,OrderDate,Freight,ShipCity,ShipCountry) VALUES (10820,3,'1998-01-07 00:00:00.000',37.52,'Albuquerque','USA');
INSERT INTO Orders (OrderID,EmployeeID,OrderDate,Freight,ShipCity,ShipCountry) VALUES (10821,1,'1998-01-08 00:00:00.000',36.68,'Lander','USA');
INSERT INTO Orders (OrderID,EmployeeID,OrderDate,Freight,ShipCity,ShipCountry) VALUES (10822,6,'1998-01-08 00:00:00.000',7,'Kirkland','USA');
INSERT INTO Orders (OrderID,EmployeeID,OrderDate,Freight,ShipCity,ShipCountry) VALUES (10823,5,'1998-01-09 00:00:00.000',163.97,'Barquisimeto','Venezuela');
INSERT INTO Orders (OrderID,EmployeeID,OrderDate,Freight,ShipCity,ShipCountry) VALUES (10824,8,'1998-01-09 00:00:00.000',1.23,'Bräcke','Sweden');
INSERT INTO Orders (OrderID,EmployeeID,OrderDate,Freight,ShipCity,ShipCountry) VALUES (10825,1,'1998-01-09 00:00:00.000',79.25,'Aachen','Germany');
INSERT INTO Orders (OrderID,EmployeeID,OrderDate,Freight,ShipCity,ShipCountry) VALUES (10826,6,'1998-01-12 00:00:00.000',7.09,'Strasbourg','France');
INSERT INTO Orders (OrderID,EmployeeID,OrderDate,Freight,ShipCity,ShipCountry) VALUES (10827,1,'1998-01-12 00:00:00.000',63.54,'Marseille','France');
INSERT INTO Orders (OrderID,EmployeeID,OrderDate,Freight,ShipCity,ShipCountry) VALUES (10828,9,'1998-01-13 00:00:00.000',90.85,'Buenos Aires','Argentina');
INSERT INTO Orders (OrderID,EmployeeID,OrderDate,Freight,ShipCity,ShipCountry) VALUES (10829,9,'1998-01-13 00:00:00.000',154.72,'Cowes','UK');
INSERT INTO Orders (OrderID,EmployeeID,OrderDate,Freight,ShipCity,ShipCountry) VALUES (10830,4,'1998-01-13 00:00:00.000',81.83,'Sao Paulo','Brazil');
INSERT INTO Orders (OrderID,EmployeeID,OrderDate,Freight,ShipCity,ShipCountry) VALUES (10831,3,'1998-01-14 00:00:00.000',72.19,'Stavern','Norway');
INSERT INTO Orders (OrderID,EmployeeID,OrderDate,Freight,ShipCity,ShipCountry) VALUES (10832,2,'1998-01-14 00:00:00.000',43.26,'Toulouse','France');
INSERT INTO Orders (OrderID,EmployeeID,OrderDate,Freight,ShipCity,ShipCountry) VALUES (10833,6,'1998-01-15 00:00:00.000',71.49,'Köln','Germany');
INSERT INTO Orders (OrderID,EmployeeID,OrderDate,Freight,ShipCity,ShipCountry) VALUES (10834,1,'1998-01-15 00:00:00.000',29.78,'Sao Paulo','Brazil');
INSERT INTO Orders (OrderID,EmployeeID,OrderDate,Freight,ShipCity,ShipCountry) VALUES (10835,1,'1998-01-15 00:00:00.000',69.53,'Berlin','Germany');
INSERT INTO Orders (OrderID,EmployeeID,OrderDate,Freight,ShipCity,ShipCountry) VALUES (10836,7,'1998-01-16 00:00:00.000',411.88,'Graz','Austria');
INSERT INTO Orders (OrderID,EmployeeID,OrderDate,Freight,ShipCity,ShipCountry) VALUES (10837,9,'1998-01-16 00:00:00.000',13.32,'Luleå','Sweden');
INSERT INTO Orders (OrderID,EmployeeID,OrderDate,Freight,ShipCity,ShipCountry) VALUES (10838,3,'1998-01-19 00:00:00.000',59.28,'I. de Margarita','Venezuela');
INSERT INTO Orders (OrderID,EmployeeID,OrderDate,Freight,ShipCity,ShipCountry) VALUES (10839,3,'1998-01-19 00:00:00.000',35.43,'Sao Paulo','Brazil');
INSERT INTO Orders (OrderID,EmployeeID,OrderDate,Freight,ShipCity,ShipCountry) VALUES (10840,4,'1998-01-19 00:00:00.000',2.71,'I. de Margarita','Venezuela');
INSERT INTO Orders (OrderID,EmployeeID,OrderDate,Freight,ShipCity,ShipCountry) VALUES (10841,5,'1998-01-20 00:00:00.000',424.3,'Charleroi','Belgium');
INSERT INTO Orders (OrderID,EmployeeID,OrderDate,Freight,ShipCity,ShipCountry) VALUES (10842,1,'1998-01-20 00:00:00.000',54.42,'México D.F.','Mexico');
INSERT INTO Orders (OrderID,EmployeeID,OrderDate,Freight,ShipCity,ShipCountry) VALUES (10843,4,'1998-01-21 00:00:00.000',9.26,'Lyon','France');
INSERT INTO Orders (OrderID,EmployeeID,OrderDate,Freight,ShipCity,ShipCountry) VALUES (10844,8,'1998-01-21 00:00:00.000',25.22,'Salzburg','Austria');
INSERT INTO Orders (OrderID,EmployeeID,OrderDate,Freight,ShipCity,ShipCountry) VALUES (10845,8,'1998-01-21 00:00:00.000',212.98,'Cunewalde','Germany');
INSERT INTO Orders (OrderID,EmployeeID,OrderDate,Freight,ShipCity,ShipCountry) VALUES (10846,2,'1998-01-22 00:00:00.000',56.46,'Charleroi','Belgium');
INSERT INTO Orders (OrderID,EmployeeID,OrderDate,Freight,ShipCity,ShipCountry) VALUES (10847,4,'1998-01-22 00:00:00.000',487.57,'Boise','USA');
INSERT INTO Orders (OrderID,EmployeeID,OrderDate,Freight,ShipCity,ShipCountry) VALUES (10848,7,'1998-01-23 00:00:00.000',38.24,'London','UK');
INSERT INTO Orders (OrderID,EmployeeID,OrderDate,Freight,ShipCity,ShipCountry) VALUES (10849,9,'1998-01-23 00:00:00.000',0.56,'Brandenburg','Germany');
INSERT INTO Orders (OrderID,EmployeeID,OrderDate,Freight,ShipCity,ShipCountry) VALUES (10850,1,'1998-01-23 00:00:00.000',49.19,'Lyon','France');
INSERT INTO Orders (OrderID,EmployeeID,OrderDate,Freight,ShipCity,ShipCountry) VALUES (10851,5,'1998-01-26 00:00:00.000',160.55,'Rio de Janeiro','Brazil');
INSERT INTO Orders (OrderID,EmployeeID,OrderDate,Freight,ShipCity,ShipCountry) VALUES (10852,8,'1998-01-26 00:00:00.000',174.05,'Albuquerque','USA');
INSERT INTO Orders (OrderID,EmployeeID,OrderDate,Freight,ShipCity,ShipCountry) VALUES (10853,9,'1998-01-27 00:00:00.000',53.83,'Mannheim','Germany');
INSERT INTO Orders (OrderID,EmployeeID,OrderDate,Freight,ShipCity,ShipCountry) VALUES (10854,3,'1998-01-27 00:00:00.000',100.22,'Graz','Austria');
INSERT INTO Orders (OrderID,EmployeeID,OrderDate,Freight,ShipCity,ShipCountry) VALUES (10855,3,'1998-01-27 00:00:00.000',170.97,'Anchorage','USA');
INSERT INTO Orders (OrderID,EmployeeID,OrderDate,Freight,ShipCity,ShipCountry) VALUES (10856,3,'1998-01-28 00:00:00.000',58.43,'México D.F.','Mexico');
INSERT INTO Orders (OrderID,EmployeeID,OrderDate,Freight,ShipCity,ShipCountry) VALUES (10857,8,'1998-01-28 00:00:00.000',188.85,'Luleå','Sweden');
INSERT INTO Orders (OrderID,EmployeeID,OrderDate,Freight,ShipCity,ShipCountry) VALUES (10858,2,'1998-01-29 00:00:00.000',52.51,'Versailles','France');
INSERT INTO Orders (OrderID,EmployeeID,OrderDate,Freight,ShipCity,ShipCountry) VALUES (10859,1,'1998-01-29 00:00:00.000',76.1,'München','Germany');
INSERT INTO Orders (OrderID,EmployeeID,OrderDate,Freight,ShipCity,ShipCountry) VALUES (10860,3,'1998-01-29 00:00:00.000',19.26,'Nantes','France');
INSERT INTO Orders (OrderID,EmployeeID,OrderDate,Freight,ShipCity,ShipCountry) VALUES (10861,4,'1998-01-30 00:00:00.000',14.93,'Seattle','USA');
INSERT INTO Orders (OrderID,EmployeeID,OrderDate,Freight,ShipCity,ShipCountry) VALUES (10862,8,'1998-01-30 00:00:00.000',53.23,'Frankfurt a.M.','Germany');
INSERT INTO Orders (OrderID,EmployeeID,OrderDate,Freight,ShipCity,ShipCountry) VALUES (10863,4,'1998-02-02 00:00:00.000',30.26,'San Cristóbal','Venezuela');
INSERT INTO Orders (OrderID,EmployeeID,OrderDate,Freight,ShipCity,ShipCountry) VALUES (10864,4,'1998-02-02 00:00:00.000',3.04,'Colchester','UK');
INSERT INTO Orders (OrderID,EmployeeID,OrderDate,Freight,ShipCity,ShipCountry) VALUES (10865,2,'1998-02-02 00:00:00.000',348.14,'Cunewalde','Germany');
INSERT INTO Orders (OrderID,EmployeeID,OrderDate,Freight,ShipCity,ShipCountry) VALUES (10866,5,'1998-02-03 00:00:00.000',109.11,'Luleå','Sweden');
INSERT INTO Orders (OrderID,EmployeeID,OrderDate,Freight,ShipCity,ShipCountry) VALUES (10867,6,'1998-02-03 00:00:00.000',1.93,'Portland','USA');
INSERT INTO Orders (OrderID,EmployeeID,OrderDate,Freight,ShipCity,ShipCountry) VALUES (10868,7,'1998-02-04 00:00:00.000',191.27,'Sao Paulo','Brazil');
INSERT INTO Orders (OrderID,EmployeeID,OrderDate,Freight,ShipCity,ShipCountry) VALUES (10869,5,'1998-02-04 00:00:00.000',143.28,'London','UK');
INSERT INTO Orders (OrderID,EmployeeID,OrderDate,Freight,ShipCity,ShipCountry) VALUES (10870,5,'1998-02-04 00:00:00.000',12.04,'Warszawa','Poland');
INSERT INTO Orders (OrderID,EmployeeID,OrderDate,Freight,ShipCity,ShipCountry) VALUES (10871,9,'1998-02-05 00:00:00.000',112.27,'Marseille','France');
INSERT INTO Orders (OrderID,EmployeeID,OrderDate,Freight,ShipCity,ShipCountry) VALUES (10872,5,'1998-02-05 00:00:00.000',175.32,'Sevilla','Spain');
INSERT INTO Orders (OrderID,EmployeeID,OrderDate,Freight,ShipCity,ShipCountry) VALUES (10873,4,'1998-02-06 00:00:00.000',0.82,'Helsinki','Finland');
INSERT INTO Orders (OrderID,EmployeeID,OrderDate,Freight,ShipCity,ShipCountry) VALUES (10874,5,'1998-02-06 00:00:00.000',19.58,'Sevilla','Spain');
INSERT INTO Orders (OrderID,EmployeeID,OrderDate,Freight,ShipCity,ShipCountry) VALUES (10875,4,'1998-02-06 00:00:00.000',32.37,'Luleå','Sweden');
INSERT INTO Orders (OrderID,EmployeeID,OrderDate,Freight,ShipCity,ShipCountry) VALUES (10876,7,'1998-02-09 00:00:00.000',60.42,'Marseille','France');
INSERT INTO Orders (OrderID,EmployeeID,OrderDate,Freight,ShipCity,ShipCountry) VALUES (10877,1,'1998-02-09 00:00:00.000',38.06,'Rio de Janeiro','Brazil');
INSERT INTO Orders (OrderID,EmployeeID,OrderDate,Freight,ShipCity,ShipCountry) VALUES (10878,4,'1998-02-10 00:00:00.000',46.69,'Cunewalde','Germany');
INSERT INTO Orders (OrderID,EmployeeID,OrderDate,Freight,ShipCity,ShipCountry) VALUES (10879,3,'1998-02-10 00:00:00.000',8.5,'Helsinki','Finland');
INSERT INTO Orders (OrderID,EmployeeID,OrderDate,Freight,ShipCity,ShipCountry) VALUES (10880,7,'1998-02-10 00:00:00.000',88.01,'Bräcke','Sweden');
INSERT INTO Orders (OrderID,EmployeeID,OrderDate,Freight,ShipCity,ShipCountry) VALUES (10881,4,'1998-02-11 00:00:00.000',2.84,'Buenos Aires','Argentina');
INSERT INTO Orders (OrderID,EmployeeID,OrderDate,Freight,ShipCity,ShipCountry) VALUES (10882,4,'1998-02-11 00:00:00.000',23.1,'Boise','USA');
INSERT INTO Orders (OrderID,EmployeeID,OrderDate,Freight,ShipCity,ShipCountry) VALUES (10883,8,'1998-02-12 00:00:00.000',0.53,'Portland','USA');
INSERT INTO Orders (OrderID,EmployeeID,OrderDate,Freight,ShipCity,ShipCountry) VALUES (10884,4,'1998-02-12 00:00:00.000',90.97,'San Francisco','USA');
INSERT INTO Orders (OrderID,EmployeeID,OrderDate,Freight,ShipCity,ShipCountry) VALUES (10885,6,'1998-02-12 00:00:00.000',5.64,'Charleroi','Belgium');
INSERT INTO Orders (OrderID,EmployeeID,OrderDate,Freight,ShipCity,ShipCountry) VALUES (10886,1,'1998-02-13 00:00:00.000',4.99,'Rio de Janeiro','Brazil');
INSERT INTO Orders (OrderID,EmployeeID,OrderDate,Freight,ShipCity,ShipCountry) VALUES (10887,8,'1998-02-13 00:00:00.000',1.25,'Barcelona','Spain');
INSERT INTO Orders (OrderID,EmployeeID,OrderDate,Freight,ShipCity,ShipCountry) VALUES (10888,1,'1998-02-16 00:00:00.000',51.87,'Sevilla','Spain');
INSERT INTO Orders (OrderID,EmployeeID,OrderDate,Freight,ShipCity,ShipCountry) VALUES (10889,9,'1998-02-16 00:00:00.000',280.61,'Albuquerque','USA');
INSERT INTO Orders (OrderID,EmployeeID,OrderDate,Freight,ShipCity,ShipCountry) VALUES (10890,7,'1998-02-16 00:00:00.000',32.76,'Nantes','France');
INSERT INTO Orders (OrderID,EmployeeID,OrderDate,Freight,ShipCity,ShipCountry) VALUES (10891,7,'1998-02-17 00:00:00.000',20.37,'Frankfurt a.M.','Germany');
INSERT INTO Orders (OrderID,EmployeeID,OrderDate,Freight,ShipCity,ShipCountry) VALUES (10892,4,'1998-02-17 00:00:00.000',120.27,'Bruxelles','Belgium');
INSERT INTO Orders (OrderID,EmployeeID,OrderDate,Freight,ShipCity,ShipCountry) VALUES (10893,9,'1998-02-18 00:00:00.000',77.78,'Brandenburg','Germany');
INSERT INTO Orders (OrderID,EmployeeID,OrderDate,Freight,ShipCity,ShipCountry) VALUES (10894,1,'1998-02-18 00:00:00.000',116.13,'Boise','USA');
INSERT INTO Orders (OrderID,EmployeeID,OrderDate,Freight,ShipCity,ShipCountry) VALUES (10895,3,'1998-02-18 00:00:00.000',162.75,'Graz','Austria');
INSERT INTO Orders (OrderID,EmployeeID,OrderDate,Freight,ShipCity,ShipCountry) VALUES (10896,7,'1998-02-19 00:00:00.000',32.45,'Bruxelles','Belgium');
INSERT INTO Orders (OrderID,EmployeeID,OrderDate,Freight,ShipCity,ShipCountry) VALUES (10897,3,'1998-02-19 00:00:00.000',603.54,'Cork','Ireland');
INSERT INTO Orders (OrderID,EmployeeID,OrderDate,Freight,ShipCity,ShipCountry) VALUES (10898,4,'1998-02-20 00:00:00.000',1.27,'Buenos Aires','Argentina');
INSERT INTO Orders (OrderID,EmployeeID,OrderDate,Freight,ShipCity,ShipCountry) VALUES (10899,5,'1998-02-20 00:00:00.000',1.21,'Barquisimeto','Venezuela');
INSERT INTO Orders (OrderID,EmployeeID,OrderDate,Freight,ShipCity,ShipCountry) VALUES (10900,1,'1998-02-20 00:00:00.000',1.66,'Resende','Brazil');
INSERT INTO Orders (OrderID,EmployeeID,OrderDate,Freight,ShipCity,ShipCountry) VALUES (10901,4,'1998-02-23 00:00:00.000',62.09,'San Cristóbal','Venezuela');
INSERT INTO Orders (OrderID,EmployeeID,OrderDate,Freight,ShipCity,ShipCountry) VALUES (10902,1,'1998-02-23 00:00:00.000',44.15,'Bräcke','Sweden');
INSERT INTO Orders (OrderID,EmployeeID,OrderDate,Freight,ShipCity,ShipCountry) VALUES (10903,3,'1998-02-24 00:00:00.000',36.71,'Rio de Janeiro','Brazil');
INSERT INTO Orders (OrderID,EmployeeID,OrderDate,Freight,ShipCity,ShipCountry) VALUES (10904,3,'1998-02-24 00:00:00.000',162.95,'Seattle','USA');
INSERT INTO Orders (OrderID,EmployeeID,OrderDate,Freight,ShipCity,ShipCountry) VALUES (10905,9,'1998-02-24 00:00:00.000',13.72,'Resende','Brazil');
INSERT INTO Orders (OrderID,EmployeeID,OrderDate,Freight,ShipCity,ShipCountry) VALUES (10906,4,'1998-02-25 00:00:00.000',26.29,'Warszawa','Poland');
INSERT INTO Orders (OrderID,EmployeeID,OrderDate,Freight,ShipCity,ShipCountry) VALUES (10907,6,'1998-02-25 00:00:00.000',9.19,'Paris','France');
INSERT INTO Orders (OrderID,EmployeeID,OrderDate,Freight,ShipCity,ShipCountry) VALUES (10908,4,'1998-02-26 00:00:00.000',32.96,'Reggio Emilia','Italy');
INSERT INTO Orders (OrderID,EmployeeID,OrderDate,Freight,ShipCity,ShipCountry) VALUES (10909,1,'1998-02-26 00:00:00.000',53.05,'Stavern','Norway');
INSERT INTO Orders (OrderID,EmployeeID,OrderDate,Freight,ShipCity,ShipCountry) VALUES (10910,1,'1998-02-26 00:00:00.000',38.11,'Helsinki','Finland');
INSERT INTO Orders (OrderID,EmployeeID,OrderDate,Freight,ShipCity,ShipCountry) VALUES (10911,3,'1998-02-26 00:00:00.000',38.19,'Sevilla','Spain');
INSERT INTO Orders (OrderID,EmployeeID,OrderDate,Freight,ShipCity,ShipCountry) VALUES (10912,2,'1998-02-26 00:00:00.000',580.91,'Cork','Ireland');
INSERT INTO Orders (OrderID,EmployeeID,OrderDate,Freight,ShipCity,ShipCountry) VALUES (10913,4,'1998-02-26 00:00:00.000',33.05,'Sao Paulo','Brazil');
INSERT INTO Orders (OrderID,EmployeeID,OrderDate,Freight,ShipCity,ShipCountry) VALUES (10914,6,'1998-02-27 00:00:00.000',21.19,'Sao Paulo','Brazil');
INSERT INTO Orders (OrderID,EmployeeID,OrderDate,Freight,ShipCity,ShipCountry) VALUES (10915,2,'1998-02-27 00:00:00.000',3.51,'México D.F.','Mexico');
INSERT INTO Orders (OrderID,EmployeeID,OrderDate,Freight,ShipCity,ShipCountry) VALUES (10916,1,'1998-02-27 00:00:00.000',63.77,'Buenos Aires','Argentina');
INSERT INTO Orders (OrderID,EmployeeID,OrderDate,Freight,ShipCity,ShipCountry) VALUES (10917,4,'1998-03-02 00:00:00.000',8.29,'Madrid','Spain');
INSERT INTO Orders (OrderID,EmployeeID,OrderDate,Freight,ShipCity,ShipCountry) VALUES (10918,3,'1998-03-02 00:00:00.000',48.83,'Tsawassen','Canada');
INSERT INTO Orders (OrderID,EmployeeID,OrderDate,Freight,ShipCity,ShipCountry) VALUES (10919,2,'1998-03-02 00:00:00.000',19.8,'I. de Margarita','Venezuela');
INSERT INTO Orders (OrderID,EmployeeID,OrderDate,Freight,ShipCity,ShipCountry) VALUES (10920,4,'1998-03-03 00:00:00.000',29.61,'Colchester','UK');
INSERT INTO Orders (OrderID,EmployeeID,OrderDate,Freight,ShipCity,ShipCountry) VALUES (10921,1,'1998-03-03 00:00:00.000',176.48,'Århus','Denmark');
INSERT INTO Orders (OrderID,EmployeeID,OrderDate,Freight,ShipCity,ShipCountry) VALUES (10922,5,'1998-03-03 00:00:00.000',62.74,'Rio de Janeiro','Brazil');
INSERT INTO Orders (OrderID,EmployeeID,OrderDate,Freight,ShipCity,ShipCountry) VALUES (10923,7,'1998-03-03 00:00:00.000',68.26,'Toulouse','France');
INSERT INTO Orders (OrderID,EmployeeID,OrderDate,Freight,ShipCity,ShipCountry) VALUES (10924,3,'1998-03-04 00:00:00.000',151.52,'Luleå','Sweden');
INSERT INTO Orders (OrderID,EmployeeID,OrderDate,Freight,ShipCity,ShipCountry) VALUES (10925,3,'1998-03-04 00:00:00.000',2.27,'Rio de Janeiro','Brazil');
INSERT INTO Orders (OrderID,EmployeeID,OrderDate,Freight,ShipCity,ShipCountry) VALUES (10926,4,'1998-03-04 00:00:00.000',39.92,'México D.F.','Mexico');
INSERT INTO Orders (OrderID,EmployeeID,OrderDate,Freight,ShipCity,ShipCountry) VALUES (10927,4,'1998-03-05 00:00:00.000',19.79,'Versailles','France');
INSERT INTO Orders (OrderID,EmployeeID,OrderDate,Freight,ShipCity,ShipCountry) VALUES (10928,1,'1998-03-05 00:00:00.000',1.36,'Barcelona','Spain');
INSERT INTO Orders (OrderID,EmployeeID,OrderDate,Freight,ShipCity,ShipCountry) VALUES (10929,6,'1998-03-05 00:00:00.000',33.93,'München','Germany');
INSERT INTO Orders (OrderID,EmployeeID,OrderDate,Freight,ShipCity,ShipCountry) VALUES (10930,4,'1998-03-06 00:00:00.000',15.55,'Charleroi','Belgium');
INSERT INTO Orders (OrderID,EmployeeID,OrderDate,Freight,ShipCity,ShipCountry) VALUES (10931,4,'1998-03-06 00:00:00.000',13.6,'Genève','Switzerland');
INSERT INTO Orders (OrderID,EmployeeID,OrderDate,Freight,ShipCity,ShipCountry) VALUES (10932,8,'1998-03-06 00:00:00.000',134.64,'Marseille','France');
INSERT INTO Orders (OrderID,EmployeeID,OrderDate,Freight,ShipCity,ShipCountry) VALUES (10933,6,'1998-03-06 00:00:00.000',54.15,'Cowes','UK');
INSERT INTO Orders (OrderID,EmployeeID,OrderDate,Freight,ShipCity,ShipCountry) VALUES (10934,3,'1998-03-09 00:00:00.000',32.01,'Frankfurt a.M.','Germany');
INSERT INTO Orders (OrderID,EmployeeID,OrderDate,Freight,ShipCity,ShipCountry) VALUES (10935,4,'1998-03-09 00:00:00.000',47.59,'Resende','Brazil');
INSERT INTO Orders (OrderID,EmployeeID,OrderDate,Freight,ShipCity,ShipCountry) VALUES (10936,3,'1998-03-09 00:00:00.000',33.68,'Eugene','USA');
INSERT INTO Orders (OrderID,EmployeeID,OrderDate,Freight,ShipCity,ShipCountry) VALUES (10937,7,'1998-03-10 00:00:00.000',31.51,'Buenos Aires','Argentina');
INSERT INTO Orders (OrderID,EmployeeID,OrderDate,Freight,ShipCity,ShipCountry) VALUES (10938,3,'1998-03-10 00:00:00.000',31.89,'Cunewalde','Germany');
INSERT INTO Orders (OrderID,EmployeeID,OrderDate,Freight,ShipCity,ShipCountry) VALUES (10939,2,'1998-03-10 00:00:00.000',76.33,'Bergamo','Italy');
INSERT INTO Orders (OrderID,EmployeeID,OrderDate,Freight,ShipCity,ShipCountry) VALUES (10940,8,'1998-03-11 00:00:00.000',19.77,'Marseille','France');
INSERT INTO Orders (OrderID,EmployeeID,OrderDate,Freight,ShipCity,ShipCountry) VALUES (10941,7,'1998-03-11 00:00:00.000',400.81,'Boise','USA');
INSERT INTO Orders (OrderID,EmployeeID,OrderDate,Freight,ShipCity,ShipCountry) VALUES (10942,9,'1998-03-11 00:00:00.000',17.95,'Reggio Emilia','Italy');
INSERT INTO Orders (OrderID,EmployeeID,OrderDate,Freight,ShipCity,ShipCountry) VALUES (10943,4,'1998-03-11 00:00:00.000',2.17,'London','UK');
INSERT INTO Orders (OrderID,EmployeeID,OrderDate,Freight,ShipCity,ShipCountry) VALUES (10944,6,'1998-03-12 00:00:00.000',52.92,'Tsawassen','Canada');
INSERT INTO Orders (OrderID,EmployeeID,OrderDate,Freight,ShipCity,ShipCountry) VALUES (10945,4,'1998-03-12 00:00:00.000',10.22,'Leipzig','Germany');
INSERT INTO Orders (OrderID,EmployeeID,OrderDate,Freight,ShipCity,ShipCountry) VALUES (10946,1,'1998-03-12 00:00:00.000',27.2,'Århus','Denmark');
INSERT INTO Orders (OrderID,EmployeeID,OrderDate,Freight,ShipCity,ShipCountry) VALUES (10947,3,'1998-03-13 00:00:00.000',3.26,'London','UK');
INSERT INTO Orders (OrderID,EmployeeID,OrderDate,Freight,ShipCity,ShipCountry) VALUES (10948,3,'1998-03-13 00:00:00.000',23.39,'Sevilla','Spain');
INSERT INTO Orders (OrderID,EmployeeID,OrderDate,Freight,ShipCity,ShipCountry) VALUES (10949,2,'1998-03-13 00:00:00.000',74.44,'Tsawassen','Canada');
INSERT INTO Orders (OrderID,EmployeeID,OrderDate,Freight,ShipCity,ShipCountry) VALUES (10950,1,'1998-03-16 00:00:00.000',2.5,'Bergamo','Italy');
INSERT INTO Orders (OrderID,EmployeeID,OrderDate,Freight,ShipCity,ShipCountry) VALUES (10951,9,'1998-03-16 00:00:00.000',30.85,'Genève','Switzerland');
INSERT INTO Orders (OrderID,EmployeeID,OrderDate,Freight,ShipCity,ShipCountry) VALUES (10952,1,'1998-03-16 00:00:00.000',40.42,'Berlin','Germany');
INSERT INTO Orders (OrderID,EmployeeID,OrderDate,Freight,ShipCity,ShipCountry) VALUES (10953,9,'1998-03-16 00:00:00.000',23.72,'Colchester','UK');
INSERT INTO Orders (OrderID,EmployeeID,OrderDate,Freight,ShipCity,ShipCountry) VALUES (10954,5,'1998-03-17 00:00:00.000',27.91,'I. de Margarita','Venezuela');
INSERT INTO Orders (OrderID,EmployeeID,OrderDate,Freight,ShipCity,ShipCountry) VALUES (10955,8,'1998-03-17 00:00:00.000',3.26,'Bräcke','Sweden');
INSERT INTO Orders (OrderID,EmployeeID,OrderDate,Freight,ShipCity,ShipCountry) VALUES (10956,6,'1998-03-17 00:00:00.000',44.65,'Mannheim','Germany');
INSERT INTO Orders (OrderID,EmployeeID,OrderDate,Freight,ShipCity,ShipCountry) VALUES (10957,8,'1998-03-18 00:00:00.000',105.36,'San Cristóbal','Venezuela');
INSERT INTO Orders (OrderID,EmployeeID,OrderDate,Freight,ShipCity,ShipCountry) VALUES (10958,7,'1998-03-18 00:00:00.000',49.56,'Buenos Aires','Argentina');
INSERT INTO Orders (OrderID,EmployeeID,OrderDate,Freight,ShipCity,ShipCountry) VALUES (10959,6,'1998-03-18 00:00:00.000',4.98,'Campinas','Brazil');
INSERT INTO Orders (OrderID,EmployeeID,OrderDate,Freight,ShipCity,ShipCountry) VALUES (10960,3,'1998-03-19 00:00:00.000',2.08,'San Cristóbal','Venezuela');
INSERT INTO Orders (OrderID,EmployeeID,OrderDate,Freight,ShipCity,ShipCountry) VALUES (10961,8,'1998-03-19 00:00:00.000',104.47,'Sao Paulo','Brazil');
INSERT INTO Orders (OrderID,EmployeeID,OrderDate,Freight,ShipCity,ShipCountry) VALUES (10962,8,'1998-03-19 00:00:00.000',275.79,'Cunewalde','Germany');
INSERT INTO Orders (OrderID,EmployeeID,OrderDate,Freight,ShipCity,ShipCountry) VALUES (10963,9,'1998-03-19 00:00:00.000',2.7,'Lisboa','Portugal');
INSERT INTO Orders (OrderID,EmployeeID,OrderDate,Freight,ShipCity,ShipCountry) VALUES (10964,3,'1998-03-20 00:00:00.000',87.38,'Paris','France');
INSERT INTO Orders (OrderID,EmployeeID,OrderDate,Freight,ShipCity,ShipCountry) VALUES (10965,6,'1998-03-20 00:00:00.000',144.38,'Anchorage','USA');
INSERT INTO Orders (OrderID,EmployeeID,OrderDate,Freight,ShipCity,ShipCountry) VALUES (10966,4,'1998-03-20 00:00:00.000',27.19,'Bern','Switzerland');
INSERT INTO Orders (OrderID,EmployeeID,OrderDate,Freight,ShipCity,ShipCountry) VALUES (10967,2,'1998-03-23 00:00:00.000',62.22,'Münster','Germany');
INSERT INTO Orders (OrderID,EmployeeID,OrderDate,Freight,ShipCity,ShipCountry) VALUES (10968,1,'1998-03-23 00:00:00.000',74.6,'Graz','Austria');
INSERT INTO Orders (OrderID,EmployeeID,OrderDate,Freight,ShipCity,ShipCountry) VALUES (10969,1,'1998-03-23 00:00:00.000',0.21,'Sao Paulo','Brazil');
INSERT INTO Orders (OrderID,EmployeeID,OrderDate,Freight,ShipCity,ShipCountry) VALUES (10970,9,'1998-03-24 00:00:00.000',16.16,'Madrid','Spain');
INSERT INTO Orders (OrderID,EmployeeID,OrderDate,Freight,ShipCity,ShipCountry) VALUES (10971,2,'1998-03-24 00:00:00.000',121.82,'Nantes','France');
INSERT INTO Orders (OrderID,EmployeeID,OrderDate,Freight,ShipCity,ShipCountry) VALUES (10972,4,'1998-03-24 00:00:00.000',0.02,'Versailles','France');
INSERT INTO Orders (OrderID,EmployeeID,OrderDate,Freight,ShipCity,ShipCountry) VALUES (10973,6,'1998-03-24 00:00:00.000',15.17,'Versailles','France');
INSERT INTO Orders (OrderID,EmployeeID,OrderDate,Freight,ShipCity,ShipCountry) VALUES (10974,3,'1998-03-25 00:00:00.000',12.96,'Lander','USA');
INSERT INTO Orders (OrderID,EmployeeID,OrderDate,Freight,ShipCity,ShipCountry) VALUES (10975,1,'1998-03-25 00:00:00.000',32.27,'Tsawassen','Canada');
INSERT INTO Orders (OrderID,EmployeeID,OrderDate,Freight,ShipCity,ShipCountry) VALUES (10976,1,'1998-03-25 00:00:00.000',37.97,'San Cristóbal','Venezuela');
INSERT INTO Orders (OrderID,EmployeeID,OrderDate,Freight,ShipCity,ShipCountry) VALUES (10977,8,'1998-03-26 00:00:00.000',208.5,'Bräcke','Sweden');
INSERT INTO Orders (OrderID,EmployeeID,OrderDate,Freight,ShipCity,ShipCountry) VALUES (10978,9,'1998-03-26 00:00:00.000',32.82,'Bruxelles','Belgium');
INSERT INTO Orders (OrderID,EmployeeID,OrderDate,Freight,ShipCity,ShipCountry) VALUES (10979,8,'1998-03-26 00:00:00.000',353.07,'Graz','Austria');
INSERT INTO Orders (OrderID,EmployeeID,OrderDate,Freight,ShipCity,ShipCountry) VALUES (10980,4,'1998-03-27 00:00:00.000',1.26,'Bräcke','Sweden');
INSERT INTO Orders (OrderID,EmployeeID,OrderDate,Freight,ShipCity,ShipCountry) VALUES (10981,1,'1998-03-27 00:00:00.000',193.37,'Rio de Janeiro','Brazil');
INSERT INTO Orders (OrderID,EmployeeID,OrderDate,Freight,ShipCity,ShipCountry) VALUES (10982,2,'1998-03-27 00:00:00.000',14.01,'Tsawassen','Canada');
INSERT INTO Orders (OrderID,EmployeeID,OrderDate,Freight,ShipCity,ShipCountry) VALUES (10983,2,'1998-03-27 00:00:00.000',657.54,'Boise','USA');
INSERT INTO Orders (OrderID,EmployeeID,OrderDate,Freight,ShipCity,ShipCountry) VALUES (10984,1,'1998-03-30 00:00:00.000',211.22,'Boise','USA');
INSERT INTO Orders (OrderID,EmployeeID,OrderDate,Freight,ShipCity,ShipCountry) VALUES (10985,2,'1998-03-30 00:00:00.000',91.51,'Cork','Ireland');
INSERT INTO Orders (OrderID,EmployeeID,OrderDate,Freight,ShipCity,ShipCountry) VALUES (10986,8,'1998-03-30 00:00:00.000',217.86,'Buenos Aires','Argentina');
INSERT INTO Orders (OrderID,EmployeeID,OrderDate,Freight,ShipCity,ShipCountry) VALUES (10987,8,'1998-03-31 00:00:00.000',185.48,'London','UK');
INSERT INTO Orders (OrderID,EmployeeID,OrderDate,Freight,ShipCity,ShipCountry) VALUES (10988,3,'1998-03-31 00:00:00.000',61.14,'Albuquerque','USA');
INSERT INTO Orders (OrderID,EmployeeID,OrderDate,Freight,ShipCity,ShipCountry) VALUES (10989,2,'1998-03-31 00:00:00.000',34.76,'Rio de Janeiro','Brazil');
INSERT INTO Orders (OrderID,EmployeeID,OrderDate,Freight,ShipCity,ShipCountry) VALUES (10990,2,'1998-04-01 00:00:00.000',117.61,'Graz','Austria');
INSERT INTO Orders (OrderID,EmployeeID,OrderDate,Freight,ShipCity,ShipCountry) VALUES (10991,1,'1998-04-01 00:00:00.000',38.51,'Cunewalde','Germany');
INSERT INTO Orders (OrderID,EmployeeID,OrderDate,Freight,ShipCity,ShipCountry) VALUES (10992,1,'1998-04-01 00:00:00.000',4.27,'Portland','USA');
INSERT INTO Orders (OrderID,EmployeeID,OrderDate,Freight,ShipCity,ShipCountry) VALUES (10993,7,'1998-04-01 00:00:00.000',8.81,'Bräcke','Sweden');
INSERT INTO Orders (OrderID,EmployeeID,OrderDate,Freight,ShipCity,ShipCountry) VALUES (10994,2,'1998-04-02 00:00:00.000',65.53,'Århus','Denmark');
INSERT INTO Orders (OrderID,EmployeeID,OrderDate,Freight,ShipCity,ShipCountry) VALUES (10995,1,'1998-04-02 00:00:00.000',46,'México D.F.','Mexico');
INSERT INTO Orders (OrderID,EmployeeID,OrderDate,Freight,ShipCity,ShipCountry) VALUES (10996,4,'1998-04-02 00:00:00.000',1.12,'Cunewalde','Germany');
INSERT INTO Orders (OrderID,EmployeeID,OrderDate,Freight,ShipCity,ShipCountry) VALUES (10997,8,'1998-04-03 00:00:00.000',73.91,'Barquisimeto','Venezuela');
INSERT INTO Orders (OrderID,EmployeeID,OrderDate,Freight,ShipCity,ShipCountry) VALUES (10998,8,'1998-04-03 00:00:00.000',20.31,'Warszawa','Poland');
INSERT INTO Orders (OrderID,EmployeeID,OrderDate,Freight,ShipCity,ShipCountry) VALUES (10999,6,'1998-04-03 00:00:00.000',96.35,'Köln','Germany');
INSERT INTO Orders (OrderID,EmployeeID,OrderDate,Freight,ShipCity,ShipCountry) VALUES (11000,2,'1998-04-06 00:00:00.000',55.12,'Albuquerque','USA');
INSERT INTO Orders (OrderID,EmployeeID,OrderDate,Freight,ShipCity,ShipCountry) VALUES (11001,2,'1998-04-06 00:00:00.000',197.3,'Bräcke','Sweden');
INSERT INTO Orders (OrderID,EmployeeID,OrderDate,Freight,ShipCity,ShipCountry) VALUES (11002,4,'1998-04-06 00:00:00.000',141.16,'Boise','USA');
INSERT INTO Orders (OrderID,EmployeeID,OrderDate,Freight,ShipCity,ShipCountry) VALUES (11003,3,'1998-04-06 00:00:00.000',14.91,'Butte','USA');
INSERT INTO Orders (OrderID,EmployeeID,OrderDate,Freight,ShipCity,ShipCountry) VALUES (11004,3,'1998-04-07 00:00:00.000',44.84,'Bruxelles','Belgium');
INSERT INTO Orders (OrderID,EmployeeID,OrderDate,Freight,ShipCity,ShipCountry) VALUES (11005,2,'1998-04-07 00:00:00.000',0.75,'Helsinki','Finland');
INSERT INTO Orders (OrderID,EmployeeID,OrderDate,Freight,ShipCity,ShipCountry) VALUES (11006,3,'1998-04-07 00:00:00.000',25.19,'Eugene','USA');
INSERT INTO Orders (OrderID,EmployeeID,OrderDate,Freight,ShipCity,ShipCountry) VALUES (11007,8,'1998-04-08 00:00:00.000',202.24,'Lisboa','Portugal');
INSERT INTO Orders (OrderID,EmployeeID,OrderDate,Freight,ShipCity,ShipCountry) VALUES (11008,7,'1998-04-08 00:00:00.000',79.46,'Graz','Austria');
INSERT INTO Orders (OrderID,EmployeeID,OrderDate,Freight,ShipCity,ShipCountry) VALUES (11009,2,'1998-04-08 00:00:00.000',59.11,'Sevilla','Spain');
INSERT INTO Orders (OrderID,EmployeeID,OrderDate,Freight,ShipCity,ShipCountry) VALUES (11010,2,'1998-04-09 00:00:00.000',28.71,'Reggio Emilia','Italy');
INSERT INTO Orders (OrderID,EmployeeID,OrderDate,Freight,ShipCity,ShipCountry) VALUES (11011,3,'1998-04-09 00:00:00.000',1.21,'Berlin','Germany');
INSERT INTO Orders (OrderID,EmployeeID,OrderDate,Freight,ShipCity,ShipCountry) VALUES (11012,1,'1998-04-09 00:00:00.000',242.95,'München','Germany');
INSERT INTO Orders (OrderID,EmployeeID,OrderDate,Freight,ShipCity,ShipCountry) VALUES (11013,2,'1998-04-09 00:00:00.000',32.99,'Madrid','Spain');
INSERT INTO Orders (OrderID,EmployeeID,OrderDate,Freight,ShipCity,ShipCountry) VALUES (11014,2,'1998-04-10 00:00:00.000',23.6,'I. de Margarita','Venezuela');
INSERT INTO Orders (OrderID,EmployeeID,OrderDate,Freight,ShipCity,ShipCountry) VALUES (11015,2,'1998-04-10 00:00:00.000',4.62,'Stavern','Norway');
INSERT INTO Orders (OrderID,EmployeeID,OrderDate,Freight,ShipCity,ShipCountry) VALUES (11016,9,'1998-04-10 00:00:00.000',33.8,'Colchester','UK');
INSERT INTO Orders (OrderID,EmployeeID,OrderDate,Freight,ShipCity,ShipCountry) VALUES (11017,9,'1998-04-13 00:00:00.000',754.26,'Graz','Austria');
INSERT INTO Orders (OrderID,EmployeeID,OrderDate,Freight,ShipCity,ShipCountry) VALUES (11018,4,'1998-04-13 00:00:00.000',11.65,'Portland','USA');
INSERT INTO Orders (OrderID,EmployeeID,OrderDate,Freight,ShipCity,ShipCountry) VALUES (11019,6,'1998-04-13 00:00:00.000',3.17,'Buenos Aires','Argentina');
INSERT INTO Orders (OrderID,EmployeeID,OrderDate,Freight,ShipCity,ShipCountry) VALUES (11020,2,'1998-04-14 00:00:00.000',43.3,'Köln','Germany');
INSERT INTO Orders (OrderID,EmployeeID,OrderDate,Freight,ShipCity,ShipCountry) VALUES (11021,3,'1998-04-14 00:00:00.000',297.18,'Cunewalde','Germany');
INSERT INTO Orders (OrderID,EmployeeID,OrderDate,Freight,ShipCity,ShipCountry) VALUES (11022,9,'1998-04-14 00:00:00.000',6.27,'Rio de Janeiro','Brazil');
INSERT INTO Orders (OrderID,EmployeeID,OrderDate,Freight,ShipCity,ShipCountry) VALUES (11023,1,'1998-04-14 00:00:00.000',123.83,'London','UK');
INSERT INTO Orders (OrderID,EmployeeID,OrderDate,Freight,ShipCity,ShipCountry) VALUES (11024,4,'1998-04-15 00:00:00.000',74.36,'London','UK');
INSERT INTO Orders (OrderID,EmployeeID,OrderDate,Freight,ShipCity,ShipCountry) VALUES (11025,6,'1998-04-15 00:00:00.000',29.17,'Oulu','Finland');
INSERT INTO Orders (OrderID,EmployeeID,OrderDate,Freight,ShipCity,ShipCountry) VALUES (11026,4,'1998-04-15 00:00:00.000',47.09,'Torino','Italy');
INSERT INTO Orders (OrderID,EmployeeID,OrderDate,Freight,ShipCity,ShipCountry) VALUES (11027,1,'1998-04-16 00:00:00.000',52.52,'Tsawassen','Canada');
INSERT INTO Orders (OrderID,EmployeeID,OrderDate,Freight,ShipCity,ShipCountry) VALUES (11028,2,'1998-04-16 00:00:00.000',29.59,'Brandenburg','Germany');
INSERT INTO Orders (OrderID,EmployeeID,OrderDate,Freight,ShipCity,ShipCountry) VALUES (11029,4,'1998-04-16 00:00:00.000',47.84,'Bern','Switzerland');
INSERT INTO Orders (OrderID,EmployeeID,OrderDate,Freight,ShipCity,ShipCountry) VALUES (11030,7,'1998-04-17 00:00:00.000',830.75,'Boise','USA');
INSERT INTO Orders (OrderID,EmployeeID,OrderDate,Freight,ShipCity,ShipCountry) VALUES (11031,6,'1998-04-17 00:00:00.000',227.22,'Boise','USA');
INSERT INTO Orders (OrderID,EmployeeID,OrderDate,Freight,ShipCity,ShipCountry) VALUES (11032,2,'1998-04-17 00:00:00.000',606.19,'Seattle','USA');
INSERT INTO Orders (OrderID,EmployeeID,OrderDate,Freight,ShipCity,ShipCountry) VALUES (11033,7,'1998-04-17 00:00:00.000',84.74,'Genève','Switzerland');
INSERT INTO Orders (OrderID,EmployeeID,OrderDate,Freight,ShipCity,ShipCountry) VALUES (11034,8,'1998-04-20 00:00:00.000',40.32,'Anchorage','USA');
INSERT INTO Orders (OrderID,EmployeeID,OrderDate,Freight,ShipCity,ShipCountry) VALUES (11035,2,'1998-04-20 00:00:00.000',0.17,'Charleroi','Belgium');
INSERT INTO Orders (OrderID,EmployeeID,OrderDate,Freight,ShipCity,ShipCountry) VALUES (11036,8,'1998-04-20 00:00:00.000',149.47,'Aachen','Germany');
INSERT INTO Orders (OrderID,EmployeeID,OrderDate,Freight,ShipCity,ShipCountry) VALUES (11037,7,'1998-04-21 00:00:00.000',3.2,'Sevilla','Spain');
INSERT INTO Orders (OrderID,EmployeeID,OrderDate,Freight,ShipCity,ShipCountry) VALUES (11038,1,'1998-04-21 00:00:00.000',29.59,'Charleroi','Belgium');
INSERT INTO Orders (OrderID,EmployeeID,OrderDate,Freight,ShipCity,ShipCountry) VALUES (11039,1,'1998-04-21 00:00:00.000',65,'I. de Margarita','Venezuela');
INSERT INTO Orders (OrderID,EmployeeID,OrderDate,Freight,ShipCity,ShipCountry) VALUES (11040,4,'1998-04-22 00:00:00.000',18.84,'Eugene','USA');
INSERT INTO Orders (OrderID,EmployeeID,OrderDate,Freight,ShipCity,ShipCountry) VALUES (11041,3,'1998-04-22 00:00:00.000',48.22,'Bern','Switzerland');
INSERT INTO Orders (OrderID,EmployeeID,OrderDate,Freight,ShipCity,ShipCountry) VALUES (11042,2,'1998-04-22 00:00:00.000',29.99,'Sao Paulo','Brazil');
INSERT INTO Orders (OrderID,EmployeeID,OrderDate,Freight,ShipCity,ShipCountry) VALUES (11043,5,'1998-04-22 00:00:00.000',8.8,'Paris','France');
INSERT INTO Orders (OrderID,EmployeeID,OrderDate,Freight,ShipCity,ShipCountry) VALUES (11044,4,'1998-04-23 00:00:00.000',8.72,'Warszawa','Poland');
INSERT INTO Orders (OrderID,EmployeeID,OrderDate,Freight,ShipCity,ShipCountry) VALUES (11045,6,'1998-04-23 00:00:00.000',70.58,'Tsawassen','Canada');
INSERT INTO Orders (OrderID,EmployeeID,OrderDate,Freight,ShipCity,ShipCountry) VALUES (11046,8,'1998-04-23 00:00:00.000',71.64,'Stuttgart','Germany');
INSERT INTO Orders (OrderID,EmployeeID,OrderDate,Freight,ShipCity,ShipCountry) VALUES (11047,7,'1998-04-24 00:00:00.000',46.62,'London','UK');
INSERT INTO Orders (OrderID,EmployeeID,OrderDate,Freight,ShipCity,ShipCountry) VALUES (11048,7,'1998-04-24 00:00:00.000',24.12,'Tsawassen','Canada');
INSERT INTO Orders (OrderID,EmployeeID,OrderDate,Freight,ShipCity,ShipCountry) VALUES (11049,3,'1998-04-24 00:00:00.000',8.34,'Campinas','Brazil');
INSERT INTO Orders (OrderID,EmployeeID,OrderDate,Freight,ShipCity,ShipCountry) VALUES (11050,8,'1998-04-27 00:00:00.000',59.41,'Bräcke','Sweden');
INSERT INTO Orders (OrderID,EmployeeID,OrderDate,Freight,ShipCity,ShipCountry) VALUES (11051,7,'1998-04-27 00:00:00.000',2.79,'Toulouse','France');
INSERT INTO Orders (OrderID,EmployeeID,OrderDate,Freight,ShipCity,ShipCountry) VALUES (11052,3,'1998-04-27 00:00:00.000',67.26,'Rio de Janeiro','Brazil');
INSERT INTO Orders (OrderID,EmployeeID,OrderDate,Freight,ShipCity,ShipCountry) VALUES (11053,2,'1998-04-27 00:00:00.000',53.05,'Salzburg','Austria');
INSERT INTO Orders (OrderID,EmployeeID,OrderDate,Freight,ShipCity,ShipCountry) VALUES (11054,8,'1998-04-28 00:00:00.000',0.33,'Buenos Aires','Argentina');
INSERT INTO Orders (OrderID,EmployeeID,OrderDate,Freight,ShipCity,ShipCountry) VALUES (11055,7,'1998-04-28 00:00:00.000',120.92,'San Cristóbal','Venezuela');
INSERT INTO Orders (OrderID,EmployeeID,OrderDate,Freight,ShipCity,ShipCountry) VALUES (11056,8,'1998-04-28 00:00:00.000',278.96,'London','UK');
INSERT INTO Orders (OrderID,EmployeeID,OrderDate,Freight,ShipCity,ShipCountry) VALUES (11057,3,'1998-04-29 00:00:00.000',4.13,'London','UK');
INSERT INTO Orders (OrderID,EmployeeID,OrderDate,Freight,ShipCity,ShipCountry) VALUES (11058,9,'1998-04-29 00:00:00.000',31.14,'Mannheim','Germany');
INSERT INTO Orders (OrderID,EmployeeID,OrderDate,Freight,ShipCity,ShipCountry) VALUES (11059,2,'1998-04-29 00:00:00.000',85.8,'Rio de Janeiro','Brazil');
INSERT INTO Orders (OrderID,EmployeeID,OrderDate,Freight,ShipCity,ShipCountry) VALUES (11060,2,'1998-04-30 00:00:00.000',10.98,'Torino','Italy');
INSERT INTO Orders (OrderID,EmployeeID,OrderDate,Freight,ShipCity,ShipCountry) VALUES (11061,4,'1998-04-30 00:00:00.000',14.01,'Eugene','USA');
INSERT INTO Orders (OrderID,EmployeeID,OrderDate,Freight,ShipCity,ShipCountry) VALUES (11062,4,'1998-04-30 00:00:00.000',29.93,'Reggio Emilia','Italy');
INSERT INTO Orders (OrderID,EmployeeID,OrderDate,Freight,ShipCity,ShipCountry) VALUES (11063,3,'1998-04-30 00:00:00.000',81.73,'Cork','Ireland');
INSERT INTO Orders (OrderID,EmployeeID,OrderDate,Freight,ShipCity,ShipCountry) VALUES (11064,1,'1998-05-01 00:00:00.000',30.09,'Boise','USA');
INSERT INTO Orders (OrderID,EmployeeID,OrderDate,Freight,ShipCity,ShipCountry) VALUES (11065,8,'1998-05-01 00:00:00.000',12.91,'Barquisimeto','Venezuela');
INSERT INTO Orders (OrderID,EmployeeID,OrderDate,Freight,ShipCity,ShipCountry) VALUES (11066,7,'1998-05-01 00:00:00.000',44.72,'Seattle','USA');
INSERT INTO Orders (OrderID,EmployeeID,OrderDate,Freight,ShipCity,ShipCountry) VALUES (11067,1,'1998-05-04 00:00:00.000',7.98,'Aachen','Germany');
INSERT INTO Orders (OrderID,EmployeeID,OrderDate,Freight,ShipCity,ShipCountry) VALUES (11068,8,'1998-05-04 00:00:00.000',81.75,'Sao Paulo','Brazil');
INSERT INTO Orders (OrderID,EmployeeID,OrderDate,Freight,ShipCity,ShipCountry) VALUES (11069,1,'1998-05-04 00:00:00.000',15.67,'México D.F.','Mexico');
INSERT INTO Orders (OrderID,EmployeeID,OrderDate,Freight,ShipCity,ShipCountry) VALUES (11070,2,'1998-05-05 00:00:00.000',136,'Frankfurt a.M.','Germany');
INSERT INTO Orders (OrderID,EmployeeID,OrderDate,Freight,ShipCity,ShipCountry) VALUES (11071,1,'1998-05-05 00:00:00.000',0.93,'Barquisimeto','Venezuela');
INSERT INTO Orders (OrderID,EmployeeID,OrderDate,Freight,ShipCity,ShipCountry) VALUES (11072,4,'1998-05-05 00:00:00.000',258.64,'Graz','Austria');
INSERT INTO Orders (OrderID,EmployeeID,OrderDate,Freight,ShipCity,ShipCountry) VALUES (11073,2,'1998-05-05 00:00:00.000',24.95,'México D.F.','Mexico');
INSERT INTO Orders (OrderID,EmployeeID,OrderDate,Freight,ShipCity,ShipCountry) VALUES (11074,7,'1998-05-06 00:00:00.000',18.44,'Kobenhavn','Denmark');
INSERT INTO Orders (OrderID,EmployeeID,OrderDate,Freight,ShipCity,ShipCountry) VALUES (11075,8,'1998-05-06 00:00:00.000',6.19,'Genève','Switzerland');
INSERT INTO Orders (OrderID,EmployeeID,OrderDate,Freight,ShipCity,ShipCountry) VALUES (11076,4,'1998-05-06 00:00:00.000',38.28,'Marseille','France');
INSERT INTO Orders (OrderID,EmployeeID,OrderDate,Freight,ShipCity,ShipCountry) VALUES (11077,1,'1998-05-06 00:00:00.000',8.53,'Albuquerque','USA');

INSERT INTO Categories (CategoryID,CategoryName,Description) VALUES (1,'Beverages','Soft drinks, coffees, teas, beers, and ales');
INSERT INTO Categories (CategoryID,CategoryName,Description) VALUES (2,'Condiments','Sweet and savory sauces, relishes, spreads, and seasonings');
INSERT INTO Categories (CategoryID,CategoryName,Description) VALUES (3,'Confections','Desserts, candies, and sweet breads');
INSERT INTO Categories (CategoryID,CategoryName,Description) VALUES (4,'Dairy Products','Cheeses');
INSERT INTO Categories (CategoryID,CategoryName,Description) VALUES (5,'Grains/Cereals','Breads, crackers, pasta, and cereal');
INSERT INTO Categories (CategoryID,CategoryName,Description) VALUES (6,'Meat/Poultry','Prepared meats');
INSERT INTO Categories (CategoryID,CategoryName,Description) VALUES (7,'Produce','Dried fruit and bean curd');
INSERT INTO Categories (CategoryID,CategoryName,Description) VALUES (8,'Seafood','Seaweed and fish');


INSERT INTO Products (ProductID,ProductName,CategoryID) VALUES (1,'Chai',1);
INSERT INTO Products (ProductID,ProductName,CategoryID) VALUES (2,'Chang',1);
INSERT INTO Products (ProductID,ProductName,CategoryID) VALUES (3,'Aniseed Syrup',2);
INSERT INTO Products (ProductID,ProductName,CategoryID) VALUES (4,'Chef Anton''s Cajun Seasoning',2);
INSERT INTO Products (ProductID,ProductName,CategoryID) VALUES (5,'Chef Anton''s Gumbo Mix',2);
INSERT INTO Products (ProductID,ProductName,CategoryID) VALUES (6,'Grandma''s Boysenberry Spread',2);
INSERT INTO Products (ProductID,ProductName,CategoryID) VALUES (7,'Uncle Bob''s Organic Dried Pears',7);
INSERT INTO Products (ProductID,ProductName,CategoryID) VALUES (8,'Northwoods Cranberry Sauce',2);
INSERT INTO Products (ProductID,ProductName,CategoryID) VALUES (9,'Mishi Kobe Niku',6);
INSERT INTO Products (ProductID,ProductName,CategoryID) VALUES (10,'Ikura',8);
INSERT INTO Products (ProductID,ProductName,CategoryID) VALUES (11,'Queso Cabrales',4);
INSERT INTO Products (ProductID,ProductName,CategoryID) VALUES (12,'Queso Manchego La Pastora',4);
INSERT INTO Products (ProductID,ProductName,CategoryID) VALUES (13,'Konbu',8);
INSERT INTO Products (ProductID,ProductName,CategoryID) VALUES (14,'Tofu',7);
INSERT INTO Products (ProductID,ProductName,CategoryID) VALUES (15,'Genen Shouyu',2);
INSERT INTO Products (ProductID,ProductName,CategoryID) VALUES (16,'Pavlova',3);
INSERT INTO Products (ProductID,ProductName,CategoryID) VALUES (17,'Alice Mutton',6);
INSERT INTO Products (ProductID,ProductName,CategoryID) VALUES (18,'Carnarvon Tigers',8);
INSERT INTO Products (ProductID,ProductName,CategoryID) VALUES (19,'Teatime Chocolate Biscuits',3);
INSERT INTO Products (ProductID,ProductName,CategoryID) VALUES (20,'Sir Rodney''s Marmalade',3);
INSERT INTO Products (ProductID,ProductName,CategoryID) VALUES (21,'Sir Rodney''s Scones',3);
INSERT INTO Products (ProductID,ProductName,CategoryID) VALUES (22,'Gustaf''s Knäckebröd',5);
INSERT INTO Products (ProductID,ProductName,CategoryID) VALUES (23,'Tunnbröd',5);
INSERT INTO Products (ProductID,ProductName,CategoryID) VALUES (24,'Guaraná Fantástica',1);
INSERT INTO Products (ProductID,ProductName,CategoryID) VALUES (25,'NuNuCa Nuß-Nougat-Creme',3);
INSERT INTO Products (ProductID,ProductName,CategoryID) VALUES (26,'Gumbär Gummibärchen',3);
INSERT INTO Products (ProductID,ProductName,CategoryID) VALUES (27,'Schoggi Schokolade',3);
INSERT INTO Products (ProductID,ProductName,CategoryID) VALUES (28,'Rössle Sauerkraut',7);
INSERT INTO Products (ProductID,ProductName,CategoryID) VALUES (29,'Thüringer Rostbratwurst',6);
INSERT INTO Products (ProductID,ProductName,CategoryID) VALUES (30,'Nord-Ost Matjeshering',8);
INSERT INTO Products (ProductID,ProductName,CategoryID) VALUES (31,'Gorgonzola Telino',4);
INSERT INTO Products (ProductID,ProductName,CategoryID) VALUES (32,'Mascarpone Fabioli',4);
INSERT INTO Products (ProductID,ProductName,CategoryID) VALUES (33,'Geitost',4);
INSERT INTO Products (ProductID,ProductName,CategoryID) VALUES (34,'Sasquatch Ale',1);
INSERT INTO Products (ProductID,ProductName,CategoryID) VALUES (35,'Steeleye Stout',1);
INSERT INTO Products (ProductID,ProductName,CategoryID) VALUES (36,'Inlagd Sill',8);
INSERT INTO Products (ProductID,ProductName,CategoryID) VALUES (37,'Gravad lax',8);
INSERT INTO Products (ProductID,ProductName,CategoryID) VALUES (38,'Côte de Blaye',1);
INSERT INTO Products (ProductID,ProductName,CategoryID) VALUES (39,'Chartreuse verte',1);
INSERT INTO Products (ProductID,ProductName,CategoryID) VALUES (40,'Boston Crab Meat',8);
INSERT INTO Products (ProductID,ProductName,CategoryID) VALUES (41,'Jack''s New England Clam Chowder',8);
INSERT INTO Products (ProductID,ProductName,CategoryID) VALUES (42,'Singaporean Hokkien Fried Mee',5);
INSERT INTO Products (ProductID,ProductName,CategoryID) VALUES (43,'Ipoh Coffee',1);
INSERT INTO Products (ProductID,ProductName,CategoryID) VALUES (44,'Gula Malacca',2);
INSERT INTO Products (ProductID,ProductName,CategoryID) VALUES (45,'Rogede sild',8);
INSERT INTO Products (ProductID,ProductName,CategoryID) VALUES (46,'Spegesild',8);
INSERT INTO Products (ProductID,ProductName,CategoryID) VALUES (47,'Zaanse koeken',3);
INSERT INTO Products (ProductID,ProductName,CategoryID) VALUES (48,'Chocolade',3);
INSERT INTO Products (ProductID,ProductName,CategoryID) VALUES (49,'Maxilaku',3);
INSERT INTO Products (ProductID,ProductName,CategoryID) VALUES (50,'Valkoinen suklaa',3);
INSERT INTO Products (ProductID,ProductName,CategoryID) VALUES (51,'Manjimup Dried Apples',7);
INSERT INTO Products (ProductID,ProductName,CategoryID) VALUES (52,'Filo Mix',5);
INSERT INTO Products (ProductID,ProductName,CategoryID) VALUES (53,'Perth Pasties',6);
INSERT INTO Products (ProductID,ProductName,CategoryID) VALUES (54,'Tourtière',6);
INSERT INTO Products (ProductID,ProductName,CategoryID) VALUES (55,'Pâté chinois',6);
INSERT INTO Products (ProductID,ProductName,CategoryID) VALUES (56,'Gnocchi di nonna Alice',5);
INSERT INTO Products (ProductID,ProductName,CategoryID) VALUES (57,'Ravioli Angelo',5);
INSERT INTO Products (ProductID,ProductName,CategoryID) VALUES (58,'Escargots de Bourgogne',8);
INSERT INTO Products (ProductID,ProductName,CategoryID) VALUES (59,'Raclette Courdavault',4);
INSERT INTO Products (ProductID,ProductName,CategoryID) VALUES (60,'Camembert Pierrot',4);
INSERT INTO Products (ProductID,ProductName,CategoryID) VALUES (61,'Sirop d''érable',2);
INSERT INTO Products (ProductID,ProductName,CategoryID) VALUES (62,'Tarte au sucre',3);
INSERT INTO Products (ProductID,ProductName,CategoryID) VALUES (63,'Vegie-spread',2);
INSERT INTO Products (ProductID,ProductName,CategoryID) VALUES (64,'Wimmers gute Semmelknödel',5);
INSERT INTO Products (ProductID,ProductName,CategoryID) VALUES (65,'Louisiana Fiery Hot Pepper Sauce',2);
INSERT INTO Products (ProductID,ProductName,CategoryID) VALUES (66,'Louisiana Hot Spiced Okra',2);
INSERT INTO Products (ProductID,ProductName,CategoryID) VALUES (67,'Laughing Lumberjack Lager',1);
INSERT INTO Products (ProductID,ProductName,CategoryID) VALUES (68,'Scottish Longbreads',3);
INSERT INTO Products (ProductID,ProductName,CategoryID) VALUES (69,'Gudbrandsdalsost',4);
INSERT INTO Products (ProductID,ProductName,CategoryID) VALUES (70,'Outback Lager',1);
INSERT INTO Products (ProductID,ProductName,CategoryID) VALUES (71,'Flotemysost',4);
INSERT INTO Products (ProductID,ProductName,CategoryID) VALUES (72,'Mozzarella di Giovanni',4);
INSERT INTO Products (ProductID,ProductName,CategoryID) VALUES (73,'Röd Kaviar',8);
INSERT INTO Products (ProductID,ProductName,CategoryID) VALUES (74,'Longlife Tofu',7);
INSERT INTO Products (ProductID,ProductName,CategoryID) VALUES (75,'Rhönbräu Klosterbier',1);
INSERT INTO Products (ProductID,ProductName,CategoryID) VALUES (76,'Lakkalikööri',1);
INSERT INTO Products (ProductID,ProductName,CategoryID) VALUES (77,'Original Frankfurter grüne Soße',2);

INSERT INTO OrderDetails (OrderID,ProductID,UnitPrice,Quantity,Discount) VALUES (10248,11,14,12,0);
INSERT INTO OrderDetails (OrderID,ProductID,UnitPrice,Quantity,Discount) VALUES (10248,42,9.8,10,0);
INSERT INTO OrderDetails (OrderID,ProductID,UnitPrice,Quantity,Discount) VALUES (10248,72,34.8,5,0);
INSERT INTO OrderDetails (OrderID,ProductID,UnitPrice,Quantity,Discount) VALUES (10249,14,18.6,9,0);
INSERT INTO OrderDetails (OrderID,ProductID,UnitPrice,Quantity,Discount) VALUES (10249,51,42.4,40,0);
INSERT INTO OrderDetails (OrderID,ProductID,UnitPrice,Quantity,Discount) VALUES (10250,41,7.7,10,0);
INSERT INTO OrderDetails (OrderID,ProductID,UnitPrice,Quantity,Discount) VALUES (10250,51,42.4,35,0.15);
INSERT INTO OrderDetails (OrderID,ProductID,UnitPrice,Quantity,Discount) VALUES (10250,65,16.8,15,0.15);
INSERT INTO OrderDetails (OrderID,ProductID,UnitPrice,Quantity,Discount) VALUES (10251,22,16.8,6,0.05);
INSERT INTO OrderDetails (OrderID,ProductID,UnitPrice,Quantity,Discount) VALUES (10251,57,15.6,15,0.05);
INSERT INTO OrderDetails (OrderID,ProductID,UnitPrice,Quantity,Discount) VALUES (10251,65,16.8,20,0);
INSERT INTO OrderDetails (OrderID,ProductID,UnitPrice,Quantity,Discount) VALUES (10252,20,64.8,40,0.05);
INSERT INTO OrderDetails (OrderID,ProductID,UnitPrice,Quantity,Discount) VALUES (10252,33,2,25,0.05);
INSERT INTO OrderDetails (OrderID,ProductID,UnitPrice,Quantity,Discount) VALUES (10252,60,27.2,40,0);
INSERT INTO OrderDetails (OrderID,ProductID,UnitPrice,Quantity,Discount) VALUES (10253,31,10,20,0);
INSERT INTO OrderDetails (OrderID,ProductID,UnitPrice,Quantity,Discount) VALUES (10253,39,14.4,42,0);
INSERT INTO OrderDetails (OrderID,ProductID,UnitPrice,Quantity,Discount) VALUES (10253,49,16,40,0);
INSERT INTO OrderDetails (OrderID,ProductID,UnitPrice,Quantity,Discount) VALUES (10254,24,3.6,15,0.15);
INSERT INTO OrderDetails (OrderID,ProductID,UnitPrice,Quantity,Discount) VALUES (10254,55,19.2,21,0.15);
INSERT INTO OrderDetails (OrderID,ProductID,UnitPrice,Quantity,Discount) VALUES (10254,74,8,21,0);
INSERT INTO OrderDetails (OrderID,ProductID,UnitPrice,Quantity,Discount) VALUES (10255,2,15.2,20,0);
INSERT INTO OrderDetails (OrderID,ProductID,UnitPrice,Quantity,Discount) VALUES (10255,16,13.9,35,0);
INSERT INTO OrderDetails (OrderID,ProductID,UnitPrice,Quantity,Discount) VALUES (10255,36,15.2,25,0);
INSERT INTO OrderDetails (OrderID,ProductID,UnitPrice,Quantity,Discount) VALUES (10255,59,44,30,0);
INSERT INTO OrderDetails (OrderID,ProductID,UnitPrice,Quantity,Discount) VALUES (10256,53,26.2,15,0);
INSERT INTO OrderDetails (OrderID,ProductID,UnitPrice,Quantity,Discount) VALUES (10256,77,10.4,12,0);
INSERT INTO OrderDetails (OrderID,ProductID,UnitPrice,Quantity,Discount) VALUES (10257,27,35.1,25,0);
INSERT INTO OrderDetails (OrderID,ProductID,UnitPrice,Quantity,Discount) VALUES (10257,39,14.4,6,0);
INSERT INTO OrderDetails (OrderID,ProductID,UnitPrice,Quantity,Discount) VALUES (10257,77,10.4,15,0);
INSERT INTO OrderDetails (OrderID,ProductID,UnitPrice,Quantity,Discount) VALUES (10258,2,15.2,50,0.2);
INSERT INTO OrderDetails (OrderID,ProductID,UnitPrice,Quantity,Discount) VALUES (10258,5,17,65,0.2);
INSERT INTO OrderDetails (OrderID,ProductID,UnitPrice,Quantity,Discount) VALUES (10258,32,25.6,6,0.2);
INSERT INTO OrderDetails (OrderID,ProductID,UnitPrice,Quantity,Discount) VALUES (10259,21,8,10,0);
INSERT INTO OrderDetails (OrderID,ProductID,UnitPrice,Quantity,Discount) VALUES (10259,37,20.8,1,0);
INSERT INTO OrderDetails (OrderID,ProductID,UnitPrice,Quantity,Discount) VALUES (10260,41,7.7,16,0.25);
INSERT INTO OrderDetails (OrderID,ProductID,UnitPrice,Quantity,Discount) VALUES (10260,57,15.6,50,0);
INSERT INTO OrderDetails (OrderID,ProductID,UnitPrice,Quantity,Discount) VALUES (10260,62,39.4,15,0.25);
INSERT INTO OrderDetails (OrderID,ProductID,UnitPrice,Quantity,Discount) VALUES (10260,70,12,21,0.25);
INSERT INTO OrderDetails (OrderID,ProductID,UnitPrice,Quantity,Discount) VALUES (10261,21,8,20,0);
INSERT INTO OrderDetails (OrderID,ProductID,UnitPrice,Quantity,Discount) VALUES (10261,35,14.4,20,0);
INSERT INTO OrderDetails (OrderID,ProductID,UnitPrice,Quantity,Discount) VALUES (10262,5,17,12,0.2);
INSERT INTO OrderDetails (OrderID,ProductID,UnitPrice,Quantity,Discount) VALUES (10262,7,24,15,0);
INSERT INTO OrderDetails (OrderID,ProductID,UnitPrice,Quantity,Discount) VALUES (10262,56,30.4,2,0);
INSERT INTO OrderDetails (OrderID,ProductID,UnitPrice,Quantity,Discount) VALUES (10263,16,13.9,60,0.25);
INSERT INTO OrderDetails (OrderID,ProductID,UnitPrice,Quantity,Discount) VALUES (10263,24,3.6,28,0);
INSERT INTO OrderDetails (OrderID,ProductID,UnitPrice,Quantity,Discount) VALUES (10263,30,20.7,60,0.25);
INSERT INTO OrderDetails (OrderID,ProductID,UnitPrice,Quantity,Discount) VALUES (10263,74,8,36,0.25);
INSERT INTO OrderDetails (OrderID,ProductID,UnitPrice,Quantity,Discount) VALUES (10264,2,15.2,35,0);
INSERT INTO OrderDetails (OrderID,ProductID,UnitPrice,Quantity,Discount) VALUES (10264,41,7.7,25,0.15);
INSERT INTO OrderDetails (OrderID,ProductID,UnitPrice,Quantity,Discount) VALUES (10265,17,31.2,30,0);
INSERT INTO OrderDetails (OrderID,ProductID,UnitPrice,Quantity,Discount) VALUES (10265,70,12,20,0);
INSERT INTO OrderDetails (OrderID,ProductID,UnitPrice,Quantity,Discount) VALUES (10266,12,30.4,12,0.05);
INSERT INTO OrderDetails (OrderID,ProductID,UnitPrice,Quantity,Discount) VALUES (10267,40,14.7,50,0);
INSERT INTO OrderDetails (OrderID,ProductID,UnitPrice,Quantity,Discount) VALUES (10267,59,44,70,0.15);
INSERT INTO OrderDetails (OrderID,ProductID,UnitPrice,Quantity,Discount) VALUES (10267,76,14.4,15,0.15);
INSERT INTO OrderDetails (OrderID,ProductID,UnitPrice,Quantity,Discount) VALUES (10268,29,99,10,0);
INSERT INTO OrderDetails (OrderID,ProductID,UnitPrice,Quantity,Discount) VALUES (10268,72,27.8,4,0);
INSERT INTO OrderDetails (OrderID,ProductID,UnitPrice,Quantity,Discount) VALUES (10269,33,2,60,0.05);
INSERT INTO OrderDetails (OrderID,ProductID,UnitPrice,Quantity,Discount) VALUES (10269,72,27.8,20,0.05);
INSERT INTO OrderDetails (OrderID,ProductID,UnitPrice,Quantity,Discount) VALUES (10270,36,15.2,30,0);
INSERT INTO OrderDetails (OrderID,ProductID,UnitPrice,Quantity,Discount) VALUES (10270,43,36.8,25,0);
INSERT INTO OrderDetails (OrderID,ProductID,UnitPrice,Quantity,Discount) VALUES (10271,33,2,24,0);
INSERT INTO OrderDetails (OrderID,ProductID,UnitPrice,Quantity,Discount) VALUES (10272,20,64.8,6,0);
INSERT INTO OrderDetails (OrderID,ProductID,UnitPrice,Quantity,Discount) VALUES (10272,31,10,40,0);
INSERT INTO OrderDetails (OrderID,ProductID,UnitPrice,Quantity,Discount) VALUES (10272,72,27.8,24,0);
INSERT INTO OrderDetails (OrderID,ProductID,UnitPrice,Quantity,Discount) VALUES (10273,10,24.8,24,0.05);
INSERT INTO OrderDetails (OrderID,ProductID,UnitPrice,Quantity,Discount) VALUES (10273,31,10,15,0.05);
INSERT INTO OrderDetails (OrderID,ProductID,UnitPrice,Quantity,Discount) VALUES (10273,33,2,20,0);
INSERT INTO OrderDetails (OrderID,ProductID,UnitPrice,Quantity,Discount) VALUES (10273,40,14.7,60,0.05);
INSERT INTO OrderDetails (OrderID,ProductID,UnitPrice,Quantity,Discount) VALUES (10273,76,14.4,33,0.05);
INSERT INTO OrderDetails (OrderID,ProductID,UnitPrice,Quantity,Discount) VALUES (10274,71,17.2,20,0);
INSERT INTO OrderDetails (OrderID,ProductID,UnitPrice,Quantity,Discount) VALUES (10274,72,27.8,7,0);
INSERT INTO OrderDetails (OrderID,ProductID,UnitPrice,Quantity,Discount) VALUES (10275,24,3.6,12,0.05);
INSERT INTO OrderDetails (OrderID,ProductID,UnitPrice,Quantity,Discount) VALUES (10275,59,44,6,0.05);
INSERT INTO OrderDetails (OrderID,ProductID,UnitPrice,Quantity,Discount) VALUES (10276,10,24.8,15,0);
INSERT INTO OrderDetails (OrderID,ProductID,UnitPrice,Quantity,Discount) VALUES (10276,13,4.8,10,0);
INSERT INTO OrderDetails (OrderID,ProductID,UnitPrice,Quantity,Discount) VALUES (10277,28,36.4,20,0);
INSERT INTO OrderDetails (OrderID,ProductID,UnitPrice,Quantity,Discount) VALUES (10277,62,39.4,12,0);
INSERT INTO OrderDetails (OrderID,ProductID,UnitPrice,Quantity,Discount) VALUES (10278,44,15.5,16,0);
INSERT INTO OrderDetails (OrderID,ProductID,UnitPrice,Quantity,Discount) VALUES (10278,59,44,15,0);
INSERT INTO OrderDetails (OrderID,ProductID,UnitPrice,Quantity,Discount) VALUES (10278,63,35.1,8,0);
INSERT INTO OrderDetails (OrderID,ProductID,UnitPrice,Quantity,Discount) VALUES (10278,73,12,25,0);
INSERT INTO OrderDetails (OrderID,ProductID,UnitPrice,Quantity,Discount) VALUES (10279,17,31.2,15,0.25);
INSERT INTO OrderDetails (OrderID,ProductID,UnitPrice,Quantity,Discount) VALUES (10280,24,3.6,12,0);
INSERT INTO OrderDetails (OrderID,ProductID,UnitPrice,Quantity,Discount) VALUES (10280,55,19.2,20,0);
INSERT INTO OrderDetails (OrderID,ProductID,UnitPrice,Quantity,Discount) VALUES (10280,75,6.2,30,0);
INSERT INTO OrderDetails (OrderID,ProductID,UnitPrice,Quantity,Discount) VALUES (10281,19,7.3,1,0);
INSERT INTO OrderDetails (OrderID,ProductID,UnitPrice,Quantity,Discount) VALUES (10281,24,3.6,6,0);
INSERT INTO OrderDetails (OrderID,ProductID,UnitPrice,Quantity,Discount) VALUES (10281,35,14.4,4,0);
INSERT INTO OrderDetails (OrderID,ProductID,UnitPrice,Quantity,Discount) VALUES (10282,30,20.7,6,0);
INSERT INTO OrderDetails (OrderID,ProductID,UnitPrice,Quantity,Discount) VALUES (10282,57,15.6,2,0);
INSERT INTO OrderDetails (OrderID,ProductID,UnitPrice,Quantity,Discount) VALUES (10283,15,12.4,20,0);
INSERT INTO OrderDetails (OrderID,ProductID,UnitPrice,Quantity,Discount) VALUES (10283,19,7.3,18,0);
INSERT INTO OrderDetails (OrderID,ProductID,UnitPrice,Quantity,Discount) VALUES (10283,60,27.2,35,0);
INSERT INTO OrderDetails (OrderID,ProductID,UnitPrice,Quantity,Discount) VALUES (10283,72,27.8,3,0);
INSERT INTO OrderDetails (OrderID,ProductID,UnitPrice,Quantity,Discount) VALUES (10284,27,35.1,15,0.25);
INSERT INTO OrderDetails (OrderID,ProductID,UnitPrice,Quantity,Discount) VALUES (10284,44,15.5,21,0);
INSERT INTO OrderDetails (OrderID,ProductID,UnitPrice,Quantity,Discount) VALUES (10284,60,27.2,20,0.25);
INSERT INTO OrderDetails (OrderID,ProductID,UnitPrice,Quantity,Discount) VALUES (10284,67,11.2,5,0.25);
INSERT INTO OrderDetails (OrderID,ProductID,UnitPrice,Quantity,Discount) VALUES (10285,1,14.4,45,0.2);
INSERT INTO OrderDetails (OrderID,ProductID,UnitPrice,Quantity,Discount) VALUES (10285,40,14.7,40,0.2);
INSERT INTO OrderDetails (OrderID,ProductID,UnitPrice,Quantity,Discount) VALUES (10285,53,26.2,36,0.2);
INSERT INTO OrderDetails (OrderID,ProductID,UnitPrice,Quantity,Discount) VALUES (10286,35,14.4,100,0);
INSERT INTO OrderDetails (OrderID,ProductID,UnitPrice,Quantity,Discount) VALUES (10286,62,39.4,40,0);
INSERT INTO OrderDetails (OrderID,ProductID,UnitPrice,Quantity,Discount) VALUES (10287,16,13.9,40,0.15);
INSERT INTO OrderDetails (OrderID,ProductID,UnitPrice,Quantity,Discount) VALUES (10287,34,11.2,20,0);
INSERT INTO OrderDetails (OrderID,ProductID,UnitPrice,Quantity,Discount) VALUES (10287,46,9.6,15,0.15);
INSERT INTO OrderDetails (OrderID,ProductID,UnitPrice,Quantity,Discount) VALUES (10288,54,5.9,10,0.1);
INSERT INTO OrderDetails (OrderID,ProductID,UnitPrice,Quantity,Discount) VALUES (10288,68,10,3,0.1);
INSERT INTO OrderDetails (OrderID,ProductID,UnitPrice,Quantity,Discount) VALUES (10289,3,8,30,0);
INSERT INTO OrderDetails (OrderID,ProductID,UnitPrice,Quantity,Discount) VALUES (10289,64,26.6,9,0);
INSERT INTO OrderDetails (OrderID,ProductID,UnitPrice,Quantity,Discount) VALUES (10290,5,17,20,0);
INSERT INTO OrderDetails (OrderID,ProductID,UnitPrice,Quantity,Discount) VALUES (10290,29,99,15,0);
INSERT INTO OrderDetails (OrderID,ProductID,UnitPrice,Quantity,Discount) VALUES (10290,49,16,15,0);
INSERT INTO OrderDetails (OrderID,ProductID,UnitPrice,Quantity,Discount) VALUES (10290,77,10.4,10,0);
INSERT INTO OrderDetails (OrderID,ProductID,UnitPrice,Quantity,Discount) VALUES (10291,13,4.8,20,0.1);
INSERT INTO OrderDetails (OrderID,ProductID,UnitPrice,Quantity,Discount) VALUES (10291,44,15.5,24,0.1);
INSERT INTO OrderDetails (OrderID,ProductID,UnitPrice,Quantity,Discount) VALUES (10291,51,42.4,2,0.1);
INSERT INTO OrderDetails (OrderID,ProductID,UnitPrice,Quantity,Discount) VALUES (10292,20,64.8,20,0);
INSERT INTO OrderDetails (OrderID,ProductID,UnitPrice,Quantity,Discount) VALUES (10293,18,50,12,0);
INSERT INTO OrderDetails (OrderID,ProductID,UnitPrice,Quantity,Discount) VALUES (10293,24,3.6,10,0);
INSERT INTO OrderDetails (OrderID,ProductID,UnitPrice,Quantity,Discount) VALUES (10293,63,35.1,5,0);
INSERT INTO OrderDetails (OrderID,ProductID,UnitPrice,Quantity,Discount) VALUES (10293,75,6.2,6,0);
INSERT INTO OrderDetails (OrderID,ProductID,UnitPrice,Quantity,Discount) VALUES (10294,1,14.4,18,0);
INSERT INTO OrderDetails (OrderID,ProductID,UnitPrice,Quantity,Discount) VALUES (10294,17,31.2,15,0);
INSERT INTO OrderDetails (OrderID,ProductID,UnitPrice,Quantity,Discount) VALUES (10294,43,36.8,15,0);
INSERT INTO OrderDetails (OrderID,ProductID,UnitPrice,Quantity,Discount) VALUES (10294,60,27.2,21,0);
INSERT INTO OrderDetails (OrderID,ProductID,UnitPrice,Quantity,Discount) VALUES (10294,75,6.2,6,0);
INSERT INTO OrderDetails (OrderID,ProductID,UnitPrice,Quantity,Discount) VALUES (10295,56,30.4,4,0);
INSERT INTO OrderDetails (OrderID,ProductID,UnitPrice,Quantity,Discount) VALUES (10296,11,16.8,12,0);
INSERT INTO OrderDetails (OrderID,ProductID,UnitPrice,Quantity,Discount) VALUES (10296,16,13.9,30,0);
INSERT INTO OrderDetails (OrderID,ProductID,UnitPrice,Quantity,Discount) VALUES (10296,69,28.8,15,0);
INSERT INTO OrderDetails (OrderID,ProductID,UnitPrice,Quantity,Discount) VALUES (10297,39,14.4,60,0);
INSERT INTO OrderDetails (OrderID,ProductID,UnitPrice,Quantity,Discount) VALUES (10297,72,27.8,20,0);
INSERT INTO OrderDetails (OrderID,ProductID,UnitPrice,Quantity,Discount) VALUES (10298,2,15.2,40,0);
INSERT INTO OrderDetails (OrderID,ProductID,UnitPrice,Quantity,Discount) VALUES (10298,36,15.2,40,0.25);
INSERT INTO OrderDetails (OrderID,ProductID,UnitPrice,Quantity,Discount) VALUES (10298,59,44,30,0.25);
INSERT INTO OrderDetails (OrderID,ProductID,UnitPrice,Quantity,Discount) VALUES (10298,62,39.4,15,0);
INSERT INTO OrderDetails (OrderID,ProductID,UnitPrice,Quantity,Discount) VALUES (10299,19,7.3,15,0);
INSERT INTO OrderDetails (OrderID,ProductID,UnitPrice,Quantity,Discount) VALUES (10299,70,12,20,0);
INSERT INTO OrderDetails (OrderID,ProductID,UnitPrice,Quantity,Discount) VALUES (10300,66,13.6,30,0);
INSERT INTO OrderDetails (OrderID,ProductID,UnitPrice,Quantity,Discount) VALUES (10300,68,10,20,0);
INSERT INTO OrderDetails (OrderID,ProductID,UnitPrice,Quantity,Discount) VALUES (10301,40,14.7,10,0);
INSERT INTO OrderDetails (OrderID,ProductID,UnitPrice,Quantity,Discount) VALUES (10301,56,30.4,20,0);
INSERT INTO OrderDetails (OrderID,ProductID,UnitPrice,Quantity,Discount) VALUES (10302,17,31.2,40,0);
INSERT INTO OrderDetails (OrderID,ProductID,UnitPrice,Quantity,Discount) VALUES (10302,28,36.4,28,0);
INSERT INTO OrderDetails (OrderID,ProductID,UnitPrice,Quantity,Discount) VALUES (10302,43,36.8,12,0);
INSERT INTO OrderDetails (OrderID,ProductID,UnitPrice,Quantity,Discount) VALUES (10303,40,14.7,40,0.1);
INSERT INTO OrderDetails (OrderID,ProductID,UnitPrice,Quantity,Discount) VALUES (10303,65,16.8,30,0.1);
INSERT INTO OrderDetails (OrderID,ProductID,UnitPrice,Quantity,Discount) VALUES (10303,68,10,15,0.1);
INSERT INTO OrderDetails (OrderID,ProductID,UnitPrice,Quantity,Discount) VALUES (10304,49,16,30,0);
INSERT INTO OrderDetails (OrderID,ProductID,UnitPrice,Quantity,Discount) VALUES (10304,59,44,10,0);
INSERT INTO OrderDetails (OrderID,ProductID,UnitPrice,Quantity,Discount) VALUES (10304,71,17.2,2,0);
INSERT INTO OrderDetails (OrderID,ProductID,UnitPrice,Quantity,Discount) VALUES (10305,18,50,25,0.1);
INSERT INTO OrderDetails (OrderID,ProductID,UnitPrice,Quantity,Discount) VALUES (10305,29,99,25,0.1);
INSERT INTO OrderDetails (OrderID,ProductID,UnitPrice,Quantity,Discount) VALUES (10305,39,14.4,30,0.1);
INSERT INTO OrderDetails (OrderID,ProductID,UnitPrice,Quantity,Discount) VALUES (10306,30,20.7,10,0);
INSERT INTO OrderDetails (OrderID,ProductID,UnitPrice,Quantity,Discount) VALUES (10306,53,26.2,10,0);
INSERT INTO OrderDetails (OrderID,ProductID,UnitPrice,Quantity,Discount) VALUES (10306,54,5.9,5,0);
INSERT INTO OrderDetails (OrderID,ProductID,UnitPrice,Quantity,Discount) VALUES (10307,62,39.4,10,0);
INSERT INTO OrderDetails (OrderID,ProductID,UnitPrice,Quantity,Discount) VALUES (10307,68,10,3,0);
INSERT INTO OrderDetails (OrderID,ProductID,UnitPrice,Quantity,Discount) VALUES (10308,69,28.8,1,0);
INSERT INTO OrderDetails (OrderID,ProductID,UnitPrice,Quantity,Discount) VALUES (10308,70,12,5,0);
INSERT INTO OrderDetails (OrderID,ProductID,UnitPrice,Quantity,Discount) VALUES (10309,4,17.6,20,0);
INSERT INTO OrderDetails (OrderID,ProductID,UnitPrice,Quantity,Discount) VALUES (10309,6,20,30,0);
INSERT INTO OrderDetails (OrderID,ProductID,UnitPrice,Quantity,Discount) VALUES (10309,42,11.2,2,0);
INSERT INTO OrderDetails (OrderID,ProductID,UnitPrice,Quantity,Discount) VALUES (10309,43,36.8,20,0);
INSERT INTO OrderDetails (OrderID,ProductID,UnitPrice,Quantity,Discount) VALUES (10309,71,17.2,3,0);
INSERT INTO OrderDetails (OrderID,ProductID,UnitPrice,Quantity,Discount) VALUES (10310,16,13.9,10,0);
INSERT INTO OrderDetails (OrderID,ProductID,UnitPrice,Quantity,Discount) VALUES (10310,62,39.4,5,0);
INSERT INTO OrderDetails (OrderID,ProductID,UnitPrice,Quantity,Discount) VALUES (10311,42,11.2,6,0);
INSERT INTO OrderDetails (OrderID,ProductID,UnitPrice,Quantity,Discount) VALUES (10311,69,28.8,7,0);
INSERT INTO OrderDetails (OrderID,ProductID,UnitPrice,Quantity,Discount) VALUES (10312,28,36.4,4,0);
INSERT INTO OrderDetails (OrderID,ProductID,UnitPrice,Quantity,Discount) VALUES (10312,43,36.8,24,0);
INSERT INTO OrderDetails (OrderID,ProductID,UnitPrice,Quantity,Discount) VALUES (10312,53,26.2,20,0);
INSERT INTO OrderDetails (OrderID,ProductID,UnitPrice,Quantity,Discount) VALUES (10312,75,6.2,10,0);
INSERT INTO OrderDetails (OrderID,ProductID,UnitPrice,Quantity,Discount) VALUES (10313,36,15.2,12,0);
INSERT INTO OrderDetails (OrderID,ProductID,UnitPrice,Quantity,Discount) VALUES (10314,32,25.6,40,0.1);
INSERT INTO OrderDetails (OrderID,ProductID,UnitPrice,Quantity,Discount) VALUES (10314,58,10.6,30,0.1);
INSERT INTO OrderDetails (OrderID,ProductID,UnitPrice,Quantity,Discount) VALUES (10314,62,39.4,25,0.1);
INSERT INTO OrderDetails (OrderID,ProductID,UnitPrice,Quantity,Discount) VALUES (10315,34,11.2,14,0);
INSERT INTO OrderDetails (OrderID,ProductID,UnitPrice,Quantity,Discount) VALUES (10315,70,12,30,0);
INSERT INTO OrderDetails (OrderID,ProductID,UnitPrice,Quantity,Discount) VALUES (10316,41,7.7,10,0);
INSERT INTO OrderDetails (OrderID,ProductID,UnitPrice,Quantity,Discount) VALUES (10316,62,39.4,70,0);
INSERT INTO OrderDetails (OrderID,ProductID,UnitPrice,Quantity,Discount) VALUES (10317,1,14.4,20,0);
INSERT INTO OrderDetails (OrderID,ProductID,UnitPrice,Quantity,Discount) VALUES (10318,41,7.7,20,0);
INSERT INTO OrderDetails (OrderID,ProductID,UnitPrice,Quantity,Discount) VALUES (10318,76,14.4,6,0);
INSERT INTO OrderDetails (OrderID,ProductID,UnitPrice,Quantity,Discount) VALUES (10319,17,31.2,8,0);
INSERT INTO OrderDetails (OrderID,ProductID,UnitPrice,Quantity,Discount) VALUES (10319,28,36.4,14,0);
INSERT INTO OrderDetails (OrderID,ProductID,UnitPrice,Quantity,Discount) VALUES (10319,76,14.4,30,0);
INSERT INTO OrderDetails (OrderID,ProductID,UnitPrice,Quantity,Discount) VALUES (10320,71,17.2,30,0);
INSERT INTO OrderDetails (OrderID,ProductID,UnitPrice,Quantity,Discount) VALUES (10321,35,14.4,10,0);
INSERT INTO OrderDetails (OrderID,ProductID,UnitPrice,Quantity,Discount) VALUES (10322,52,5.6,20,0);
INSERT INTO OrderDetails (OrderID,ProductID,UnitPrice,Quantity,Discount) VALUES (10323,15,12.4,5,0);
INSERT INTO OrderDetails (OrderID,ProductID,UnitPrice,Quantity,Discount) VALUES (10323,25,11.2,4,0);
INSERT INTO OrderDetails (OrderID,ProductID,UnitPrice,Quantity,Discount) VALUES (10323,39,14.4,4,0);
INSERT INTO OrderDetails (OrderID,ProductID,UnitPrice,Quantity,Discount) VALUES (10324,16,13.9,21,0.15);
INSERT INTO OrderDetails (OrderID,ProductID,UnitPrice,Quantity,Discount) VALUES (10324,35,14.4,70,0.15);
INSERT INTO OrderDetails (OrderID,ProductID,UnitPrice,Quantity,Discount) VALUES (10324,46,9.6,30,0);
INSERT INTO OrderDetails (OrderID,ProductID,UnitPrice,Quantity,Discount) VALUES (10324,59,44,40,0.15);
INSERT INTO OrderDetails (OrderID,ProductID,UnitPrice,Quantity,Discount) VALUES (10324,63,35.1,80,0.15);
INSERT INTO OrderDetails (OrderID,ProductID,UnitPrice,Quantity,Discount) VALUES (10325,6,20,6,0);
INSERT INTO OrderDetails (OrderID,ProductID,UnitPrice,Quantity,Discount) VALUES (10325,13,4.8,12,0);
INSERT INTO OrderDetails (OrderID,ProductID,UnitPrice,Quantity,Discount) VALUES (10325,14,18.6,9,0);
INSERT INTO OrderDetails (OrderID,ProductID,UnitPrice,Quantity,Discount) VALUES (10325,31,10,4,0);
INSERT INTO OrderDetails (OrderID,ProductID,UnitPrice,Quantity,Discount) VALUES (10325,72,27.8,40,0);
INSERT INTO OrderDetails (OrderID,ProductID,UnitPrice,Quantity,Discount) VALUES (10326,4,17.6,24,0);
INSERT INTO OrderDetails (OrderID,ProductID,UnitPrice,Quantity,Discount) VALUES (10326,57,15.6,16,0);
INSERT INTO OrderDetails (OrderID,ProductID,UnitPrice,Quantity,Discount) VALUES (10326,75,6.2,50,0);
INSERT INTO OrderDetails (OrderID,ProductID,UnitPrice,Quantity,Discount) VALUES (10327,2,15.2,25,0.2);
INSERT INTO OrderDetails (OrderID,ProductID,UnitPrice,Quantity,Discount) VALUES (10327,11,16.8,50,0.2);
INSERT INTO OrderDetails (OrderID,ProductID,UnitPrice,Quantity,Discount) VALUES (10327,30,20.7,35,0.2);
INSERT INTO OrderDetails (OrderID,ProductID,UnitPrice,Quantity,Discount) VALUES (10327,58,10.6,30,0.2);
INSERT INTO OrderDetails (OrderID,ProductID,UnitPrice,Quantity,Discount) VALUES (10328,59,44,9,0);
INSERT INTO OrderDetails (OrderID,ProductID,UnitPrice,Quantity,Discount) VALUES (10328,65,16.8,40,0);
INSERT INTO OrderDetails (OrderID,ProductID,UnitPrice,Quantity,Discount) VALUES (10328,68,10,10,0);
INSERT INTO OrderDetails (OrderID,ProductID,UnitPrice,Quantity,Discount) VALUES (10329,19,7.3,10,0.05);
INSERT INTO OrderDetails (OrderID,ProductID,UnitPrice,Quantity,Discount) VALUES (10329,30,20.7,8,0.05);
INSERT INTO OrderDetails (OrderID,ProductID,UnitPrice,Quantity,Discount) VALUES (10329,38,210.8,20,0.05);
INSERT INTO OrderDetails (OrderID,ProductID,UnitPrice,Quantity,Discount) VALUES (10329,56,30.4,12,0.05);
INSERT INTO OrderDetails (OrderID,ProductID,UnitPrice,Quantity,Discount) VALUES (10330,26,24.9,50,0.15);
INSERT INTO OrderDetails (OrderID,ProductID,UnitPrice,Quantity,Discount) VALUES (10330,72,27.8,25,0.15);
INSERT INTO OrderDetails (OrderID,ProductID,UnitPrice,Quantity,Discount) VALUES (10331,54,5.9,15,0);
INSERT INTO OrderDetails (OrderID,ProductID,UnitPrice,Quantity,Discount) VALUES (10332,18,50,40,0.2);
INSERT INTO OrderDetails (OrderID,ProductID,UnitPrice,Quantity,Discount) VALUES (10332,42,11.2,10,0.2);
INSERT INTO OrderDetails (OrderID,ProductID,UnitPrice,Quantity,Discount) VALUES (10332,47,7.6,16,0.2);
INSERT INTO OrderDetails (OrderID,ProductID,UnitPrice,Quantity,Discount) VALUES (10333,14,18.6,10,0);
INSERT INTO OrderDetails (OrderID,ProductID,UnitPrice,Quantity,Discount) VALUES (10333,21,8,10,0.1);
INSERT INTO OrderDetails (OrderID,ProductID,UnitPrice,Quantity,Discount) VALUES (10333,71,17.2,40,0.1);
INSERT INTO OrderDetails (OrderID,ProductID,UnitPrice,Quantity,Discount) VALUES (10334,52,5.6,8,0);
INSERT INTO OrderDetails (OrderID,ProductID,UnitPrice,Quantity,Discount) VALUES (10334,68,10,10,0);
INSERT INTO OrderDetails (OrderID,ProductID,UnitPrice,Quantity,Discount) VALUES (10335,2,15.2,7,0.2);
INSERT INTO OrderDetails (OrderID,ProductID,UnitPrice,Quantity,Discount) VALUES (10335,31,10,25,0.2);
INSERT INTO OrderDetails (OrderID,ProductID,UnitPrice,Quantity,Discount) VALUES (10335,32,25.6,6,0.2);
INSERT INTO OrderDetails (OrderID,ProductID,UnitPrice,Quantity,Discount) VALUES (10335,51,42.4,48,0.2);
INSERT INTO OrderDetails (OrderID,ProductID,UnitPrice,Quantity,Discount) VALUES (10336,4,17.6,18,0.1);
INSERT INTO OrderDetails (OrderID,ProductID,UnitPrice,Quantity,Discount) VALUES (10337,23,7.2,40,0);
INSERT INTO OrderDetails (OrderID,ProductID,UnitPrice,Quantity,Discount) VALUES (10337,26,24.9,24,0);
INSERT INTO OrderDetails (OrderID,ProductID,UnitPrice,Quantity,Discount) VALUES (10337,36,15.2,20,0);
INSERT INTO OrderDetails (OrderID,ProductID,UnitPrice,Quantity,Discount) VALUES (10337,37,20.8,28,0);
INSERT INTO OrderDetails (OrderID,ProductID,UnitPrice,Quantity,Discount) VALUES (10337,72,27.8,25,0);
INSERT INTO OrderDetails (OrderID,ProductID,UnitPrice,Quantity,Discount) VALUES (10338,17,31.2,20,0);
INSERT INTO OrderDetails (OrderID,ProductID,UnitPrice,Quantity,Discount) VALUES (10338,30,20.7,15,0);
INSERT INTO OrderDetails (OrderID,ProductID,UnitPrice,Quantity,Discount) VALUES (10339,4,17.6,10,0);
INSERT INTO OrderDetails (OrderID,ProductID,UnitPrice,Quantity,Discount) VALUES (10339,17,31.2,70,0.05);
INSERT INTO OrderDetails (OrderID,ProductID,UnitPrice,Quantity,Discount) VALUES (10339,62,39.4,28,0);
INSERT INTO OrderDetails (OrderID,ProductID,UnitPrice,Quantity,Discount) VALUES (10340,18,50,20,0.05);
INSERT INTO OrderDetails (OrderID,ProductID,UnitPrice,Quantity,Discount) VALUES (10340,41,7.7,12,0.05);
INSERT INTO OrderDetails (OrderID,ProductID,UnitPrice,Quantity,Discount) VALUES (10340,43,36.8,40,0.05);
INSERT INTO OrderDetails (OrderID,ProductID,UnitPrice,Quantity,Discount) VALUES (10341,33,2,8,0);
INSERT INTO OrderDetails (OrderID,ProductID,UnitPrice,Quantity,Discount) VALUES (10341,59,44,9,0.15);
INSERT INTO OrderDetails (OrderID,ProductID,UnitPrice,Quantity,Discount) VALUES (10342,2,15.2,24,0.2);
INSERT INTO OrderDetails (OrderID,ProductID,UnitPrice,Quantity,Discount) VALUES (10342,31,10,56,0.2);
INSERT INTO OrderDetails (OrderID,ProductID,UnitPrice,Quantity,Discount) VALUES (10342,36,15.2,40,0.2);
INSERT INTO OrderDetails (OrderID,ProductID,UnitPrice,Quantity,Discount) VALUES (10342,55,19.2,40,0.2);
INSERT INTO OrderDetails (OrderID,ProductID,UnitPrice,Quantity,Discount) VALUES (10343,64,26.6,50,0);
INSERT INTO OrderDetails (OrderID,ProductID,UnitPrice,Quantity,Discount) VALUES (10343,68,10,4,0.05);
INSERT INTO OrderDetails (OrderID,ProductID,UnitPrice,Quantity,Discount) VALUES (10343,76,14.4,15,0);
INSERT INTO OrderDetails (OrderID,ProductID,UnitPrice,Quantity,Discount) VALUES (10344,4,17.6,35,0);
INSERT INTO OrderDetails (OrderID,ProductID,UnitPrice,Quantity,Discount) VALUES (10344,8,32,70,0.25);
INSERT INTO OrderDetails (OrderID,ProductID,UnitPrice,Quantity,Discount) VALUES (10345,8,32,70,0);
INSERT INTO OrderDetails (OrderID,ProductID,UnitPrice,Quantity,Discount) VALUES (10345,19,7.3,80,0);
INSERT INTO OrderDetails (OrderID,ProductID,UnitPrice,Quantity,Discount) VALUES (10345,42,11.2,9,0);
INSERT INTO OrderDetails (OrderID,ProductID,UnitPrice,Quantity,Discount) VALUES (10346,17,31.2,36,0.1);
INSERT INTO OrderDetails (OrderID,ProductID,UnitPrice,Quantity,Discount) VALUES (10346,56,30.4,20,0);
INSERT INTO OrderDetails (OrderID,ProductID,UnitPrice,Quantity,Discount) VALUES (10347,25,11.2,10,0);
INSERT INTO OrderDetails (OrderID,ProductID,UnitPrice,Quantity,Discount) VALUES (10347,39,14.4,50,0.15);
INSERT INTO OrderDetails (OrderID,ProductID,UnitPrice,Quantity,Discount) VALUES (10347,40,14.7,4,0);
INSERT INTO OrderDetails (OrderID,ProductID,UnitPrice,Quantity,Discount) VALUES (10347,75,6.2,6,0.15);
INSERT INTO OrderDetails (OrderID,ProductID,UnitPrice,Quantity,Discount) VALUES (10348,1,14.4,15,0.15);
INSERT INTO OrderDetails (OrderID,ProductID,UnitPrice,Quantity,Discount) VALUES (10348,23,7.2,25,0);
INSERT INTO OrderDetails (OrderID,ProductID,UnitPrice,Quantity,Discount) VALUES (10349,54,5.9,24,0);
INSERT INTO OrderDetails (OrderID,ProductID,UnitPrice,Quantity,Discount) VALUES (10350,50,13,15,0.1);
INSERT INTO OrderDetails (OrderID,ProductID,UnitPrice,Quantity,Discount) VALUES (10350,69,28.8,18,0.1);
INSERT INTO OrderDetails (OrderID,ProductID,UnitPrice,Quantity,Discount) VALUES (10351,38,210.8,20,0.05);
INSERT INTO OrderDetails (OrderID,ProductID,UnitPrice,Quantity,Discount) VALUES (10351,41,7.7,13,0);
INSERT INTO OrderDetails (OrderID,ProductID,UnitPrice,Quantity,Discount) VALUES (10351,44,15.5,77,0.05);
INSERT INTO OrderDetails (OrderID,ProductID,UnitPrice,Quantity,Discount) VALUES (10351,65,16.8,10,0.05);
INSERT INTO OrderDetails (OrderID,ProductID,UnitPrice,Quantity,Discount) VALUES (10352,24,3.6,10,0);
INSERT INTO OrderDetails (OrderID,ProductID,UnitPrice,Quantity,Discount) VALUES (10352,54,5.9,20,0.15);
INSERT INTO OrderDetails (OrderID,ProductID,UnitPrice,Quantity,Discount) VALUES (10353,11,16.8,12,0.2);
INSERT INTO OrderDetails (OrderID,ProductID,UnitPrice,Quantity,Discount) VALUES (10353,38,210.8,50,0.2);
INSERT INTO OrderDetails (OrderID,ProductID,UnitPrice,Quantity,Discount) VALUES (10354,1,14.4,12,0);
INSERT INTO OrderDetails (OrderID,ProductID,UnitPrice,Quantity,Discount) VALUES (10354,29,99,4,0);
INSERT INTO OrderDetails (OrderID,ProductID,UnitPrice,Quantity,Discount) VALUES (10355,24,3.6,25,0);
INSERT INTO OrderDetails (OrderID,ProductID,UnitPrice,Quantity,Discount) VALUES (10355,57,15.6,25,0);
INSERT INTO OrderDetails (OrderID,ProductID,UnitPrice,Quantity,Discount) VALUES (10356,31,10,30,0);
INSERT INTO OrderDetails (OrderID,ProductID,UnitPrice,Quantity,Discount) VALUES (10356,55,19.2,12,0);
INSERT INTO OrderDetails (OrderID,ProductID,UnitPrice,Quantity,Discount) VALUES (10356,69,28.8,20,0);
INSERT INTO OrderDetails (OrderID,ProductID,UnitPrice,Quantity,Discount) VALUES (10357,10,24.8,30,0.2);
INSERT INTO OrderDetails (OrderID,ProductID,UnitPrice,Quantity,Discount) VALUES (10357,26,24.9,16,0);
INSERT INTO OrderDetails (OrderID,ProductID,UnitPrice,Quantity,Discount) VALUES (10357,60,27.2,8,0.2);
INSERT INTO OrderDetails (OrderID,ProductID,UnitPrice,Quantity,Discount) VALUES (10358,24,3.6,10,0.05);
INSERT INTO OrderDetails (OrderID,ProductID,UnitPrice,Quantity,Discount) VALUES (10358,34,11.2,10,0.05);
INSERT INTO OrderDetails (OrderID,ProductID,UnitPrice,Quantity,Discount) VALUES (10358,36,15.2,20,0.05);
INSERT INTO OrderDetails (OrderID,ProductID,UnitPrice,Quantity,Discount) VALUES (10359,16,13.9,56,0.05);
INSERT INTO OrderDetails (OrderID,ProductID,UnitPrice,Quantity,Discount) VALUES (10359,31,10,70,0.05);
INSERT INTO OrderDetails (OrderID,ProductID,UnitPrice,Quantity,Discount) VALUES (10359,60,27.2,80,0.05);
INSERT INTO OrderDetails (OrderID,ProductID,UnitPrice,Quantity,Discount) VALUES (10360,28,36.4,30,0);
INSERT INTO OrderDetails (OrderID,ProductID,UnitPrice,Quantity,Discount) VALUES (10360,29,99,35,0);
INSERT INTO OrderDetails (OrderID,ProductID,UnitPrice,Quantity,Discount) VALUES (10360,38,210.8,10,0);
INSERT INTO OrderDetails (OrderID,ProductID,UnitPrice,Quantity,Discount) VALUES (10360,49,16,35,0);
INSERT INTO OrderDetails (OrderID,ProductID,UnitPrice,Quantity,Discount) VALUES (10360,54,5.9,28,0);
INSERT INTO OrderDetails (OrderID,ProductID,UnitPrice,Quantity,Discount) VALUES (10361,39,14.4,54,0.1);
INSERT INTO OrderDetails (OrderID,ProductID,UnitPrice,Quantity,Discount) VALUES (10361,60,27.2,55,0.1);
INSERT INTO OrderDetails (OrderID,ProductID,UnitPrice,Quantity,Discount) VALUES (10362,25,11.2,50,0);
INSERT INTO OrderDetails (OrderID,ProductID,UnitPrice,Quantity,Discount) VALUES (10362,51,42.4,20,0);
INSERT INTO OrderDetails (OrderID,ProductID,UnitPrice,Quantity,Discount) VALUES (10362,54,5.9,24,0);
INSERT INTO OrderDetails (OrderID,ProductID,UnitPrice,Quantity,Discount) VALUES (10363,31,10,20,0);
INSERT INTO OrderDetails (OrderID,ProductID,UnitPrice,Quantity,Discount) VALUES (10363,75,6.2,12,0);
INSERT INTO OrderDetails (OrderID,ProductID,UnitPrice,Quantity,Discount) VALUES (10363,76,14.4,12,0);
INSERT INTO OrderDetails (OrderID,ProductID,UnitPrice,Quantity,Discount) VALUES (10364,69,28.8,30,0);
INSERT INTO OrderDetails (OrderID,ProductID,UnitPrice,Quantity,Discount) VALUES (10364,71,17.2,5,0);
INSERT INTO OrderDetails (OrderID,ProductID,UnitPrice,Quantity,Discount) VALUES (10365,11,16.8,24,0);
INSERT INTO OrderDetails (OrderID,ProductID,UnitPrice,Quantity,Discount) VALUES (10366,65,16.8,5,0);
INSERT INTO OrderDetails (OrderID,ProductID,UnitPrice,Quantity,Discount) VALUES (10366,77,10.4,5,0);
INSERT INTO OrderDetails (OrderID,ProductID,UnitPrice,Quantity,Discount) VALUES (10367,34,11.2,36,0);
INSERT INTO OrderDetails (OrderID,ProductID,UnitPrice,Quantity,Discount) VALUES (10367,54,5.9,18,0);
INSERT INTO OrderDetails (OrderID,ProductID,UnitPrice,Quantity,Discount) VALUES (10367,65,16.8,15,0);
INSERT INTO OrderDetails (OrderID,ProductID,UnitPrice,Quantity,Discount) VALUES (10367,77,10.4,7,0);
INSERT INTO OrderDetails (OrderID,ProductID,UnitPrice,Quantity,Discount) VALUES (10368,21,8,5,0.1);
INSERT INTO OrderDetails (OrderID,ProductID,UnitPrice,Quantity,Discount) VALUES (10368,28,36.4,13,0.1);
INSERT INTO OrderDetails (OrderID,ProductID,UnitPrice,Quantity,Discount) VALUES (10368,57,15.6,25,0);
INSERT INTO OrderDetails (OrderID,ProductID,UnitPrice,Quantity,Discount) VALUES (10368,64,26.6,35,0.1);
INSERT INTO OrderDetails (OrderID,ProductID,UnitPrice,Quantity,Discount) VALUES (10369,29,99,20,0);
INSERT INTO OrderDetails (OrderID,ProductID,UnitPrice,Quantity,Discount) VALUES (10369,56,30.4,18,0.25);
INSERT INTO OrderDetails (OrderID,ProductID,UnitPrice,Quantity,Discount) VALUES (10370,1,14.4,15,0.15);
INSERT INTO OrderDetails (OrderID,ProductID,UnitPrice,Quantity,Discount) VALUES (10370,64,26.6,30,0);
INSERT INTO OrderDetails (OrderID,ProductID,UnitPrice,Quantity,Discount) VALUES (10370,74,8,20,0.15);
INSERT INTO OrderDetails (OrderID,ProductID,UnitPrice,Quantity,Discount) VALUES (10371,36,15.2,6,0.2);
INSERT INTO OrderDetails (OrderID,ProductID,UnitPrice,Quantity,Discount) VALUES (10372,20,64.8,12,0.25);
INSERT INTO OrderDetails (OrderID,ProductID,UnitPrice,Quantity,Discount) VALUES (10372,38,210.8,40,0.25);
INSERT INTO OrderDetails (OrderID,ProductID,UnitPrice,Quantity,Discount) VALUES (10372,60,27.2,70,0.25);
INSERT INTO OrderDetails (OrderID,ProductID,UnitPrice,Quantity,Discount) VALUES (10372,72,27.8,42,0.25);
INSERT INTO OrderDetails (OrderID,ProductID,UnitPrice,Quantity,Discount) VALUES (10373,58,10.6,80,0.2);
INSERT INTO OrderDetails (OrderID,ProductID,UnitPrice,Quantity,Discount) VALUES (10373,71,17.2,50,0.2);
INSERT INTO OrderDetails (OrderID,ProductID,UnitPrice,Quantity,Discount) VALUES (10374,31,10,30,0);
INSERT INTO OrderDetails (OrderID,ProductID,UnitPrice,Quantity,Discount) VALUES (10374,58,10.6,15,0);
INSERT INTO OrderDetails (OrderID,ProductID,UnitPrice,Quantity,Discount) VALUES (10375,14,18.6,15,0);
INSERT INTO OrderDetails (OrderID,ProductID,UnitPrice,Quantity,Discount) VALUES (10375,54,5.9,10,0);
INSERT INTO OrderDetails (OrderID,ProductID,UnitPrice,Quantity,Discount) VALUES (10376,31,10,42,0.05);
INSERT INTO OrderDetails (OrderID,ProductID,UnitPrice,Quantity,Discount) VALUES (10377,28,36.4,20,0.15);
INSERT INTO OrderDetails (OrderID,ProductID,UnitPrice,Quantity,Discount) VALUES (10377,39,14.4,20,0.15);
INSERT INTO OrderDetails (OrderID,ProductID,UnitPrice,Quantity,Discount) VALUES (10378,71,17.2,6,0);
INSERT INTO OrderDetails (OrderID,ProductID,UnitPrice,Quantity,Discount) VALUES (10379,41,7.7,8,0.1);
INSERT INTO OrderDetails (OrderID,ProductID,UnitPrice,Quantity,Discount) VALUES (10379,63,35.1,16,0.1);
INSERT INTO OrderDetails (OrderID,ProductID,UnitPrice,Quantity,Discount) VALUES (10379,65,16.8,20,0.1);
INSERT INTO OrderDetails (OrderID,ProductID,UnitPrice,Quantity,Discount) VALUES (10380,30,20.7,18,0.1);
INSERT INTO OrderDetails (OrderID,ProductID,UnitPrice,Quantity,Discount) VALUES (10380,53,26.2,20,0.1);
INSERT INTO OrderDetails (OrderID,ProductID,UnitPrice,Quantity,Discount) VALUES (10380,60,27.2,6,0.1);
INSERT INTO OrderDetails (OrderID,ProductID,UnitPrice,Quantity,Discount) VALUES (10380,70,12,30,0);
INSERT INTO OrderDetails (OrderID,ProductID,UnitPrice,Quantity,Discount) VALUES (10381,74,8,14,0);
INSERT INTO OrderDetails (OrderID,ProductID,UnitPrice,Quantity,Discount) VALUES (10382,5,17,32,0);
INSERT INTO OrderDetails (OrderID,ProductID,UnitPrice,Quantity,Discount) VALUES (10382,18,50,9,0);
INSERT INTO OrderDetails (OrderID,ProductID,UnitPrice,Quantity,Discount) VALUES (10382,29,99,14,0);
INSERT INTO OrderDetails (OrderID,ProductID,UnitPrice,Quantity,Discount) VALUES (10382,33,2,60,0);
INSERT INTO OrderDetails (OrderID,ProductID,UnitPrice,Quantity,Discount) VALUES (10382,74,8,50,0);
INSERT INTO OrderDetails (OrderID,ProductID,UnitPrice,Quantity,Discount) VALUES (10383,13,4.8,20,0);
INSERT INTO OrderDetails (OrderID,ProductID,UnitPrice,Quantity,Discount) VALUES (10383,50,13,15,0);
INSERT INTO OrderDetails (OrderID,ProductID,UnitPrice,Quantity,Discount) VALUES (10383,56,30.4,20,0);
INSERT INTO OrderDetails (OrderID,ProductID,UnitPrice,Quantity,Discount) VALUES (10384,20,64.8,28,0);
INSERT INTO OrderDetails (OrderID,ProductID,UnitPrice,Quantity,Discount) VALUES (10384,60,27.2,15,0);
INSERT INTO OrderDetails (OrderID,ProductID,UnitPrice,Quantity,Discount) VALUES (10385,7,24,10,0.2);
INSERT INTO OrderDetails (OrderID,ProductID,UnitPrice,Quantity,Discount) VALUES (10385,60,27.2,20,0.2);
INSERT INTO OrderDetails (OrderID,ProductID,UnitPrice,Quantity,Discount) VALUES (10385,68,10,8,0.2);
INSERT INTO OrderDetails (OrderID,ProductID,UnitPrice,Quantity,Discount) VALUES (10386,24,3.6,15,0);
INSERT INTO OrderDetails (OrderID,ProductID,UnitPrice,Quantity,Discount) VALUES (10386,34,11.2,10,0);
INSERT INTO OrderDetails (OrderID,ProductID,UnitPrice,Quantity,Discount) VALUES (10387,24,3.6,15,0);
INSERT INTO OrderDetails (OrderID,ProductID,UnitPrice,Quantity,Discount) VALUES (10387,28,36.4,6,0);
INSERT INTO OrderDetails (OrderID,ProductID,UnitPrice,Quantity,Discount) VALUES (10387,59,44,12,0);
INSERT INTO OrderDetails (OrderID,ProductID,UnitPrice,Quantity,Discount) VALUES (10387,71,17.2,15,0);
INSERT INTO OrderDetails (OrderID,ProductID,UnitPrice,Quantity,Discount) VALUES (10388,45,7.6,15,0.2);
INSERT INTO OrderDetails (OrderID,ProductID,UnitPrice,Quantity,Discount) VALUES (10388,52,5.6,20,0.2);
INSERT INTO OrderDetails (OrderID,ProductID,UnitPrice,Quantity,Discount) VALUES (10388,53,26.2,40,0);
INSERT INTO OrderDetails (OrderID,ProductID,UnitPrice,Quantity,Discount) VALUES (10389,10,24.8,16,0);
INSERT INTO OrderDetails (OrderID,ProductID,UnitPrice,Quantity,Discount) VALUES (10389,55,19.2,15,0);
INSERT INTO OrderDetails (OrderID,ProductID,UnitPrice,Quantity,Discount) VALUES (10389,62,39.4,20,0);
INSERT INTO OrderDetails (OrderID,ProductID,UnitPrice,Quantity,Discount) VALUES (10389,70,12,30,0);
INSERT INTO OrderDetails (OrderID,ProductID,UnitPrice,Quantity,Discount) VALUES (10390,31,10,60,0.1);
INSERT INTO OrderDetails (OrderID,ProductID,UnitPrice,Quantity,Discount) VALUES (10390,35,14.4,40,0.1);
INSERT INTO OrderDetails (OrderID,ProductID,UnitPrice,Quantity,Discount) VALUES (10390,46,9.6,45,0);
INSERT INTO OrderDetails (OrderID,ProductID,UnitPrice,Quantity,Discount) VALUES (10390,72,27.8,24,0.1);
INSERT INTO OrderDetails (OrderID,ProductID,UnitPrice,Quantity,Discount) VALUES (10391,13,4.8,18,0);
INSERT INTO OrderDetails (OrderID,ProductID,UnitPrice,Quantity,Discount) VALUES (10392,69,28.8,50,0);
INSERT INTO OrderDetails (OrderID,ProductID,UnitPrice,Quantity,Discount) VALUES (10393,2,15.2,25,0.25);
INSERT INTO OrderDetails (OrderID,ProductID,UnitPrice,Quantity,Discount) VALUES (10393,14,18.6,42,0.25);
INSERT INTO OrderDetails (OrderID,ProductID,UnitPrice,Quantity,Discount) VALUES (10393,25,11.2,7,0.25);
INSERT INTO OrderDetails (OrderID,ProductID,UnitPrice,Quantity,Discount) VALUES (10393,26,24.9,70,0.25);
INSERT INTO OrderDetails (OrderID,ProductID,UnitPrice,Quantity,Discount) VALUES (10393,31,10,32,0);
INSERT INTO OrderDetails (OrderID,ProductID,UnitPrice,Quantity,Discount) VALUES (10394,13,4.8,10,0);
INSERT INTO OrderDetails (OrderID,ProductID,UnitPrice,Quantity,Discount) VALUES (10394,62,39.4,10,0);
INSERT INTO OrderDetails (OrderID,ProductID,UnitPrice,Quantity,Discount) VALUES (10395,46,9.6,28,0.1);
INSERT INTO OrderDetails (OrderID,ProductID,UnitPrice,Quantity,Discount) VALUES (10395,53,26.2,70,0.1);
INSERT INTO OrderDetails (OrderID,ProductID,UnitPrice,Quantity,Discount) VALUES (10395,69,28.8,8,0);
INSERT INTO OrderDetails (OrderID,ProductID,UnitPrice,Quantity,Discount) VALUES (10396,23,7.2,40,0);
INSERT INTO OrderDetails (OrderID,ProductID,UnitPrice,Quantity,Discount) VALUES (10396,71,17.2,60,0);
INSERT INTO OrderDetails (OrderID,ProductID,UnitPrice,Quantity,Discount) VALUES (10396,72,27.8,21,0);
INSERT INTO OrderDetails (OrderID,ProductID,UnitPrice,Quantity,Discount) VALUES (10397,21,8,10,0.15);
INSERT INTO OrderDetails (OrderID,ProductID,UnitPrice,Quantity,Discount) VALUES (10397,51,42.4,18,0.15);
INSERT INTO OrderDetails (OrderID,ProductID,UnitPrice,Quantity,Discount) VALUES (10398,35,14.4,30,0);
INSERT INTO OrderDetails (OrderID,ProductID,UnitPrice,Quantity,Discount) VALUES (10398,55,19.2,120,0.1);
INSERT INTO OrderDetails (OrderID,ProductID,UnitPrice,Quantity,Discount) VALUES (10399,68,10,60,0);
INSERT INTO OrderDetails (OrderID,ProductID,UnitPrice,Quantity,Discount) VALUES (10399,71,17.2,30,0);
INSERT INTO OrderDetails (OrderID,ProductID,UnitPrice,Quantity,Discount) VALUES (10399,76,14.4,35,0);
INSERT INTO OrderDetails (OrderID,ProductID,UnitPrice,Quantity,Discount) VALUES (10399,77,10.4,14,0);
INSERT INTO OrderDetails (OrderID,ProductID,UnitPrice,Quantity,Discount) VALUES (10400,29,99,21,0);
INSERT INTO OrderDetails (OrderID,ProductID,UnitPrice,Quantity,Discount) VALUES (10400,35,14.4,35,0);
INSERT INTO OrderDetails (OrderID,ProductID,UnitPrice,Quantity,Discount) VALUES (10400,49,16,30,0);
INSERT INTO OrderDetails (OrderID,ProductID,UnitPrice,Quantity,Discount) VALUES (10401,30,20.7,18,0);
INSERT INTO OrderDetails (OrderID,ProductID,UnitPrice,Quantity,Discount) VALUES (10401,56,30.4,70,0);
INSERT INTO OrderDetails (OrderID,ProductID,UnitPrice,Quantity,Discount) VALUES (10401,65,16.8,20,0);
INSERT INTO OrderDetails (OrderID,ProductID,UnitPrice,Quantity,Discount) VALUES (10401,71,17.2,60,0);
INSERT INTO OrderDetails (OrderID,ProductID,UnitPrice,Quantity,Discount) VALUES (10402,23,7.2,60,0);
INSERT INTO OrderDetails (OrderID,ProductID,UnitPrice,Quantity,Discount) VALUES (10402,63,35.1,65,0);
INSERT INTO OrderDetails (OrderID,ProductID,UnitPrice,Quantity,Discount) VALUES (10403,16,13.9,21,0.15);
INSERT INTO OrderDetails (OrderID,ProductID,UnitPrice,Quantity,Discount) VALUES (10403,48,10.2,70,0.15);
INSERT INTO OrderDetails (OrderID,ProductID,UnitPrice,Quantity,Discount) VALUES (10404,26,24.9,30,0.05);
INSERT INTO OrderDetails (OrderID,ProductID,UnitPrice,Quantity,Discount) VALUES (10404,42,11.2,40,0.05);
INSERT INTO OrderDetails (OrderID,ProductID,UnitPrice,Quantity,Discount) VALUES (10404,49,16,30,0.05);
INSERT INTO OrderDetails (OrderID,ProductID,UnitPrice,Quantity,Discount) VALUES (10405,3,8,50,0);
INSERT INTO OrderDetails (OrderID,ProductID,UnitPrice,Quantity,Discount) VALUES (10406,1,14.4,10,0);
INSERT INTO OrderDetails (OrderID,ProductID,UnitPrice,Quantity,Discount) VALUES (10406,21,8,30,0.1);
INSERT INTO OrderDetails (OrderID,ProductID,UnitPrice,Quantity,Discount) VALUES (10406,28,36.4,42,0.1);
INSERT INTO OrderDetails (OrderID,ProductID,UnitPrice,Quantity,Discount) VALUES (10406,36,15.2,5,0.1);
INSERT INTO OrderDetails (OrderID,ProductID,UnitPrice,Quantity,Discount) VALUES (10406,40,14.7,2,0.1);
INSERT INTO OrderDetails (OrderID,ProductID,UnitPrice,Quantity,Discount) VALUES (10407,11,16.8,30,0);
INSERT INTO OrderDetails (OrderID,ProductID,UnitPrice,Quantity,Discount) VALUES (10407,69,28.8,15,0);
INSERT INTO OrderDetails (OrderID,ProductID,UnitPrice,Quantity,Discount) VALUES (10407,71,17.2,15,0);
INSERT INTO OrderDetails (OrderID,ProductID,UnitPrice,Quantity,Discount) VALUES (10408,37,20.8,10,0);
INSERT INTO OrderDetails (OrderID,ProductID,UnitPrice,Quantity,Discount) VALUES (10408,54,5.9,6,0);
INSERT INTO OrderDetails (OrderID,ProductID,UnitPrice,Quantity,Discount) VALUES (10408,62,39.4,35,0);
INSERT INTO OrderDetails (OrderID,ProductID,UnitPrice,Quantity,Discount) VALUES (10409,14,18.6,12,0);
INSERT INTO OrderDetails (OrderID,ProductID,UnitPrice,Quantity,Discount) VALUES (10409,21,8,12,0);
INSERT INTO OrderDetails (OrderID,ProductID,UnitPrice,Quantity,Discount) VALUES (10410,33,2,49,0);
INSERT INTO OrderDetails (OrderID,ProductID,UnitPrice,Quantity,Discount) VALUES (10410,59,44,16,0);
INSERT INTO OrderDetails (OrderID,ProductID,UnitPrice,Quantity,Discount) VALUES (10411,41,7.7,25,0.2);
INSERT INTO OrderDetails (OrderID,ProductID,UnitPrice,Quantity,Discount) VALUES (10411,44,15.5,40,0.2);
INSERT INTO OrderDetails (OrderID,ProductID,UnitPrice,Quantity,Discount) VALUES (10411,59,44,9,0.2);
INSERT INTO OrderDetails (OrderID,ProductID,UnitPrice,Quantity,Discount) VALUES (10412,14,18.6,20,0.1);
INSERT INTO OrderDetails (OrderID,ProductID,UnitPrice,Quantity,Discount) VALUES (10413,1,14.4,24,0);
INSERT INTO OrderDetails (OrderID,ProductID,UnitPrice,Quantity,Discount) VALUES (10413,62,39.4,40,0);
INSERT INTO OrderDetails (OrderID,ProductID,UnitPrice,Quantity,Discount) VALUES (10413,76,14.4,14,0);
INSERT INTO OrderDetails (OrderID,ProductID,UnitPrice,Quantity,Discount) VALUES (10414,19,7.3,18,0.05);
INSERT INTO OrderDetails (OrderID,ProductID,UnitPrice,Quantity,Discount) VALUES (10414,33,2,50,0);
INSERT INTO OrderDetails (OrderID,ProductID,UnitPrice,Quantity,Discount) VALUES (10415,17,31.2,2,0);
INSERT INTO OrderDetails (OrderID,ProductID,UnitPrice,Quantity,Discount) VALUES (10415,33,2,20,0);
INSERT INTO OrderDetails (OrderID,ProductID,UnitPrice,Quantity,Discount) VALUES (10416,19,7.3,20,0);
INSERT INTO OrderDetails (OrderID,ProductID,UnitPrice,Quantity,Discount) VALUES (10416,53,26.2,10,0);
INSERT INTO OrderDetails (OrderID,ProductID,UnitPrice,Quantity,Discount) VALUES (10416,57,15.6,20,0);
INSERT INTO OrderDetails (OrderID,ProductID,UnitPrice,Quantity,Discount) VALUES (10417,38,210.8,50,0);
INSERT INTO OrderDetails (OrderID,ProductID,UnitPrice,Quantity,Discount) VALUES (10417,46,9.6,2,0.25);
INSERT INTO OrderDetails (OrderID,ProductID,UnitPrice,Quantity,Discount) VALUES (10417,68,10,36,0.25);
INSERT INTO OrderDetails (OrderID,ProductID,UnitPrice,Quantity,Discount) VALUES (10417,77,10.4,35,0);
INSERT INTO OrderDetails (OrderID,ProductID,UnitPrice,Quantity,Discount) VALUES (10418,2,15.2,60,0);
INSERT INTO OrderDetails (OrderID,ProductID,UnitPrice,Quantity,Discount) VALUES (10418,47,7.6,55,0);
INSERT INTO OrderDetails (OrderID,ProductID,UnitPrice,Quantity,Discount) VALUES (10418,61,22.8,16,0);
INSERT INTO OrderDetails (OrderID,ProductID,UnitPrice,Quantity,Discount) VALUES (10418,74,8,15,0);
INSERT INTO OrderDetails (OrderID,ProductID,UnitPrice,Quantity,Discount) VALUES (10419,60,27.2,60,0.05);
INSERT INTO OrderDetails (OrderID,ProductID,UnitPrice,Quantity,Discount) VALUES (10419,69,28.8,20,0.05);
INSERT INTO OrderDetails (OrderID,ProductID,UnitPrice,Quantity,Discount) VALUES (10420,9,77.6,20,0.1);
INSERT INTO OrderDetails (OrderID,ProductID,UnitPrice,Quantity,Discount) VALUES (10420,13,4.8,2,0.1);
INSERT INTO OrderDetails (OrderID,ProductID,UnitPrice,Quantity,Discount) VALUES (10420,70,12,8,0.1);
INSERT INTO OrderDetails (OrderID,ProductID,UnitPrice,Quantity,Discount) VALUES (10420,73,12,20,0.1);
INSERT INTO OrderDetails (OrderID,ProductID,UnitPrice,Quantity,Discount) VALUES (10421,19,7.3,4,0.15);
INSERT INTO OrderDetails (OrderID,ProductID,UnitPrice,Quantity,Discount) VALUES (10421,26,24.9,30,0);
INSERT INTO OrderDetails (OrderID,ProductID,UnitPrice,Quantity,Discount) VALUES (10421,53,26.2,15,0.15);
INSERT INTO OrderDetails (OrderID,ProductID,UnitPrice,Quantity,Discount) VALUES (10421,77,10.4,10,0.15);
INSERT INTO OrderDetails (OrderID,ProductID,UnitPrice,Quantity,Discount) VALUES (10422,26,24.9,2,0);
INSERT INTO OrderDetails (OrderID,ProductID,UnitPrice,Quantity,Discount) VALUES (10423,31,10,14,0);
INSERT INTO OrderDetails (OrderID,ProductID,UnitPrice,Quantity,Discount) VALUES (10423,59,44,20,0);
INSERT INTO OrderDetails (OrderID,ProductID,UnitPrice,Quantity,Discount) VALUES (10424,35,14.4,60,0.2);
INSERT INTO OrderDetails (OrderID,ProductID,UnitPrice,Quantity,Discount) VALUES (10424,38,210.8,49,0.2);
INSERT INTO OrderDetails (OrderID,ProductID,UnitPrice,Quantity,Discount) VALUES (10424,68,10,30,0.2);
INSERT INTO OrderDetails (OrderID,ProductID,UnitPrice,Quantity,Discount) VALUES (10425,55,19.2,10,0.25);
INSERT INTO OrderDetails (OrderID,ProductID,UnitPrice,Quantity,Discount) VALUES (10425,76,14.4,20,0.25);
INSERT INTO OrderDetails (OrderID,ProductID,UnitPrice,Quantity,Discount) VALUES (10426,56,30.4,5,0);
INSERT INTO OrderDetails (OrderID,ProductID,UnitPrice,Quantity,Discount) VALUES (10426,64,26.6,7,0);
INSERT INTO OrderDetails (OrderID,ProductID,UnitPrice,Quantity,Discount) VALUES (10427,14,18.6,35,0);
INSERT INTO OrderDetails (OrderID,ProductID,UnitPrice,Quantity,Discount) VALUES (10428,46,9.6,20,0);
INSERT INTO OrderDetails (OrderID,ProductID,UnitPrice,Quantity,Discount) VALUES (10429,50,13,40,0);
INSERT INTO OrderDetails (OrderID,ProductID,UnitPrice,Quantity,Discount) VALUES (10429,63,35.1,35,0.25);
INSERT INTO OrderDetails (OrderID,ProductID,UnitPrice,Quantity,Discount) VALUES (10430,17,31.2,45,0.2);
INSERT INTO OrderDetails (OrderID,ProductID,UnitPrice,Quantity,Discount) VALUES (10430,21,8,50,0);
INSERT INTO OrderDetails (OrderID,ProductID,UnitPrice,Quantity,Discount) VALUES (10430,56,30.4,30,0);
INSERT INTO OrderDetails (OrderID,ProductID,UnitPrice,Quantity,Discount) VALUES (10430,59,44,70,0.2);
INSERT INTO OrderDetails (OrderID,ProductID,UnitPrice,Quantity,Discount) VALUES (10431,17,31.2,50,0.25);
INSERT INTO OrderDetails (OrderID,ProductID,UnitPrice,Quantity,Discount) VALUES (10431,40,14.7,50,0.25);
INSERT INTO OrderDetails (OrderID,ProductID,UnitPrice,Quantity,Discount) VALUES (10431,47,7.6,30,0.25);
INSERT INTO OrderDetails (OrderID,ProductID,UnitPrice,Quantity,Discount) VALUES (10432,26,24.9,10,0);
INSERT INTO OrderDetails (OrderID,ProductID,UnitPrice,Quantity,Discount) VALUES (10432,54,5.9,40,0);
INSERT INTO OrderDetails (OrderID,ProductID,UnitPrice,Quantity,Discount) VALUES (10433,56,30.4,28,0);
INSERT INTO OrderDetails (OrderID,ProductID,UnitPrice,Quantity,Discount) VALUES (10434,11,16.8,6,0);
INSERT INTO OrderDetails (OrderID,ProductID,UnitPrice,Quantity,Discount) VALUES (10434,76,14.4,18,0.15);
INSERT INTO OrderDetails (OrderID,ProductID,UnitPrice,Quantity,Discount) VALUES (10435,2,15.2,10,0);
INSERT INTO OrderDetails (OrderID,ProductID,UnitPrice,Quantity,Discount) VALUES (10435,22,16.8,12,0);
INSERT INTO OrderDetails (OrderID,ProductID,UnitPrice,Quantity,Discount) VALUES (10435,72,27.8,10,0);
INSERT INTO OrderDetails (OrderID,ProductID,UnitPrice,Quantity,Discount) VALUES (10436,46,9.6,5,0);
INSERT INTO OrderDetails (OrderID,ProductID,UnitPrice,Quantity,Discount) VALUES (10436,56,30.4,40,0.1);
INSERT INTO OrderDetails (OrderID,ProductID,UnitPrice,Quantity,Discount) VALUES (10436,64,26.6,30,0.1);
INSERT INTO OrderDetails (OrderID,ProductID,UnitPrice,Quantity,Discount) VALUES (10436,75,6.2,24,0.1);
INSERT INTO OrderDetails (OrderID,ProductID,UnitPrice,Quantity,Discount) VALUES (10437,53,26.2,15,0);
INSERT INTO OrderDetails (OrderID,ProductID,UnitPrice,Quantity,Discount) VALUES (10438,19,7.3,15,0.2);
INSERT INTO OrderDetails (OrderID,ProductID,UnitPrice,Quantity,Discount) VALUES (10438,34,11.2,20,0.2);
INSERT INTO OrderDetails (OrderID,ProductID,UnitPrice,Quantity,Discount) VALUES (10438,57,15.6,15,0.2);
INSERT INTO OrderDetails (OrderID,ProductID,UnitPrice,Quantity,Discount) VALUES (10439,12,30.4,15,0);
INSERT INTO OrderDetails (OrderID,ProductID,UnitPrice,Quantity,Discount) VALUES (10439,16,13.9,16,0);
INSERT INTO OrderDetails (OrderID,ProductID,UnitPrice,Quantity,Discount) VALUES (10439,64,26.6,6,0);
INSERT INTO OrderDetails (OrderID,ProductID,UnitPrice,Quantity,Discount) VALUES (10439,74,8,30,0);
INSERT INTO OrderDetails (OrderID,ProductID,UnitPrice,Quantity,Discount) VALUES (10440,2,15.2,45,0.15);
INSERT INTO OrderDetails (OrderID,ProductID,UnitPrice,Quantity,Discount) VALUES (10440,16,13.9,49,0.15);
INSERT INTO OrderDetails (OrderID,ProductID,UnitPrice,Quantity,Discount) VALUES (10440,29,99,24,0.15);
INSERT INTO OrderDetails (OrderID,ProductID,UnitPrice,Quantity,Discount) VALUES (10440,61,22.8,90,0.15);
INSERT INTO OrderDetails (OrderID,ProductID,UnitPrice,Quantity,Discount) VALUES (10441,27,35.1,50,0);
INSERT INTO OrderDetails (OrderID,ProductID,UnitPrice,Quantity,Discount) VALUES (10442,11,16.8,30,0);
INSERT INTO OrderDetails (OrderID,ProductID,UnitPrice,Quantity,Discount) VALUES (10442,54,5.9,80,0);
INSERT INTO OrderDetails (OrderID,ProductID,UnitPrice,Quantity,Discount) VALUES (10442,66,13.6,60,0);
INSERT INTO OrderDetails (OrderID,ProductID,UnitPrice,Quantity,Discount) VALUES (10443,11,16.8,6,0.2);
INSERT INTO OrderDetails (OrderID,ProductID,UnitPrice,Quantity,Discount) VALUES (10443,28,36.4,12,0);
INSERT INTO OrderDetails (OrderID,ProductID,UnitPrice,Quantity,Discount) VALUES (10444,17,31.2,10,0);
INSERT INTO OrderDetails (OrderID,ProductID,UnitPrice,Quantity,Discount) VALUES (10444,26,24.9,15,0);
INSERT INTO OrderDetails (OrderID,ProductID,UnitPrice,Quantity,Discount) VALUES (10444,35,14.4,8,0);
INSERT INTO OrderDetails (OrderID,ProductID,UnitPrice,Quantity,Discount) VALUES (10444,41,7.7,30,0);
INSERT INTO OrderDetails (OrderID,ProductID,UnitPrice,Quantity,Discount) VALUES (10445,39,14.4,6,0);
INSERT INTO OrderDetails (OrderID,ProductID,UnitPrice,Quantity,Discount) VALUES (10445,54,5.9,15,0);
INSERT INTO OrderDetails (OrderID,ProductID,UnitPrice,Quantity,Discount) VALUES (10446,19,7.3,12,0.1);
INSERT INTO OrderDetails (OrderID,ProductID,UnitPrice,Quantity,Discount) VALUES (10446,24,3.6,20,0.1);
INSERT INTO OrderDetails (OrderID,ProductID,UnitPrice,Quantity,Discount) VALUES (10446,31,10,3,0.1);
INSERT INTO OrderDetails (OrderID,ProductID,UnitPrice,Quantity,Discount) VALUES (10446,52,5.6,15,0.1);
INSERT INTO OrderDetails (OrderID,ProductID,UnitPrice,Quantity,Discount) VALUES (10447,19,7.3,40,0);
INSERT INTO OrderDetails (OrderID,ProductID,UnitPrice,Quantity,Discount) VALUES (10447,65,16.8,35,0);
INSERT INTO OrderDetails (OrderID,ProductID,UnitPrice,Quantity,Discount) VALUES (10447,71,17.2,2,0);
INSERT INTO OrderDetails (OrderID,ProductID,UnitPrice,Quantity,Discount) VALUES (10448,26,24.9,6,0);
INSERT INTO OrderDetails (OrderID,ProductID,UnitPrice,Quantity,Discount) VALUES (10448,40,14.7,20,0);
INSERT INTO OrderDetails (OrderID,ProductID,UnitPrice,Quantity,Discount) VALUES (10449,10,24.8,14,0);
INSERT INTO OrderDetails (OrderID,ProductID,UnitPrice,Quantity,Discount) VALUES (10449,52,5.6,20,0);
INSERT INTO OrderDetails (OrderID,ProductID,UnitPrice,Quantity,Discount) VALUES (10449,62,39.4,35,0);
INSERT INTO OrderDetails (OrderID,ProductID,UnitPrice,Quantity,Discount) VALUES (10450,10,24.8,20,0.2);
INSERT INTO OrderDetails (OrderID,ProductID,UnitPrice,Quantity,Discount) VALUES (10450,54,5.9,6,0.2);
INSERT INTO OrderDetails (OrderID,ProductID,UnitPrice,Quantity,Discount) VALUES (10451,55,19.2,120,0.1);
INSERT INTO OrderDetails (OrderID,ProductID,UnitPrice,Quantity,Discount) VALUES (10451,64,26.6,35,0.1);
INSERT INTO OrderDetails (OrderID,ProductID,UnitPrice,Quantity,Discount) VALUES (10451,65,16.8,28,0.1);
INSERT INTO OrderDetails (OrderID,ProductID,UnitPrice,Quantity,Discount) VALUES (10451,77,10.4,55,0.1);
INSERT INTO OrderDetails (OrderID,ProductID,UnitPrice,Quantity,Discount) VALUES (10452,28,36.4,15,0);
INSERT INTO OrderDetails (OrderID,ProductID,UnitPrice,Quantity,Discount) VALUES (10452,44,15.5,100,0.05);
INSERT INTO OrderDetails (OrderID,ProductID,UnitPrice,Quantity,Discount) VALUES (10453,48,10.2,15,0.1);
INSERT INTO OrderDetails (OrderID,ProductID,UnitPrice,Quantity,Discount) VALUES (10453,70,12,25,0.1);
INSERT INTO OrderDetails (OrderID,ProductID,UnitPrice,Quantity,Discount) VALUES (10454,16,13.9,20,0.2);
INSERT INTO OrderDetails (OrderID,ProductID,UnitPrice,Quantity,Discount) VALUES (10454,33,2,20,0.2);
INSERT INTO OrderDetails (OrderID,ProductID,UnitPrice,Quantity,Discount) VALUES (10454,46,9.6,10,0.2);
INSERT INTO OrderDetails (OrderID,ProductID,UnitPrice,Quantity,Discount) VALUES (10455,39,14.4,20,0);
INSERT INTO OrderDetails (OrderID,ProductID,UnitPrice,Quantity,Discount) VALUES (10455,53,26.2,50,0);
INSERT INTO OrderDetails (OrderID,ProductID,UnitPrice,Quantity,Discount) VALUES (10455,61,22.8,25,0);
INSERT INTO OrderDetails (OrderID,ProductID,UnitPrice,Quantity,Discount) VALUES (10455,71,17.2,30,0);
INSERT INTO OrderDetails (OrderID,ProductID,UnitPrice,Quantity,Discount) VALUES (10456,21,8,40,0.15);
INSERT INTO OrderDetails (OrderID,ProductID,UnitPrice,Quantity,Discount) VALUES (10456,49,16,21,0.15);
INSERT INTO OrderDetails (OrderID,ProductID,UnitPrice,Quantity,Discount) VALUES (10457,59,44,36,0);
INSERT INTO OrderDetails (OrderID,ProductID,UnitPrice,Quantity,Discount) VALUES (10458,26,24.9,30,0);
INSERT INTO OrderDetails (OrderID,ProductID,UnitPrice,Quantity,Discount) VALUES (10458,28,36.4,30,0);
INSERT INTO OrderDetails (OrderID,ProductID,UnitPrice,Quantity,Discount) VALUES (10458,43,36.8,20,0);
INSERT INTO OrderDetails (OrderID,ProductID,UnitPrice,Quantity,Discount) VALUES (10458,56,30.4,15,0);
INSERT INTO OrderDetails (OrderID,ProductID,UnitPrice,Quantity,Discount) VALUES (10458,71,17.2,50,0);
INSERT INTO OrderDetails (OrderID,ProductID,UnitPrice,Quantity,Discount) VALUES (10459,7,24,16,0.05);
INSERT INTO OrderDetails (OrderID,ProductID,UnitPrice,Quantity,Discount) VALUES (10459,46,9.6,20,0.05);
INSERT INTO OrderDetails (OrderID,ProductID,UnitPrice,Quantity,Discount) VALUES (10459,72,27.8,40,0);
INSERT INTO OrderDetails (OrderID,ProductID,UnitPrice,Quantity,Discount) VALUES (10460,68,10,21,0.25);
INSERT INTO OrderDetails (OrderID,ProductID,UnitPrice,Quantity,Discount) VALUES (10460,75,6.2,4,0.25);
INSERT INTO OrderDetails (OrderID,ProductID,UnitPrice,Quantity,Discount) VALUES (10461,21,8,40,0.25);
INSERT INTO OrderDetails (OrderID,ProductID,UnitPrice,Quantity,Discount) VALUES (10461,30,20.7,28,0.25);
INSERT INTO OrderDetails (OrderID,ProductID,UnitPrice,Quantity,Discount) VALUES (10461,55,19.2,60,0.25);
INSERT INTO OrderDetails (OrderID,ProductID,UnitPrice,Quantity,Discount) VALUES (10462,13,4.8,1,0);
INSERT INTO OrderDetails (OrderID,ProductID,UnitPrice,Quantity,Discount) VALUES (10462,23,7.2,21,0);
INSERT INTO OrderDetails (OrderID,ProductID,UnitPrice,Quantity,Discount) VALUES (10463,19,7.3,21,0);
INSERT INTO OrderDetails (OrderID,ProductID,UnitPrice,Quantity,Discount) VALUES (10463,42,11.2,50,0);
INSERT INTO OrderDetails (OrderID,ProductID,UnitPrice,Quantity,Discount) VALUES (10464,4,17.6,16,0.2);
INSERT INTO OrderDetails (OrderID,ProductID,UnitPrice,Quantity,Discount) VALUES (10464,43,36.8,3,0);
INSERT INTO OrderDetails (OrderID,ProductID,UnitPrice,Quantity,Discount) VALUES (10464,56,30.4,30,0.2);
INSERT INTO OrderDetails (OrderID,ProductID,UnitPrice,Quantity,Discount) VALUES (10464,60,27.2,20,0);
INSERT INTO OrderDetails (OrderID,ProductID,UnitPrice,Quantity,Discount) VALUES (10465,24,3.6,25,0);
INSERT INTO OrderDetails (OrderID,ProductID,UnitPrice,Quantity,Discount) VALUES (10465,29,99,18,0.1);
INSERT INTO OrderDetails (OrderID,ProductID,UnitPrice,Quantity,Discount) VALUES (10465,40,14.7,20,0);
INSERT INTO OrderDetails (OrderID,ProductID,UnitPrice,Quantity,Discount) VALUES (10465,45,7.6,30,0.1);
INSERT INTO OrderDetails (OrderID,ProductID,UnitPrice,Quantity,Discount) VALUES (10465,50,13,25,0);
INSERT INTO OrderDetails (OrderID,ProductID,UnitPrice,Quantity,Discount) VALUES (10466,11,16.8,10,0);
INSERT INTO OrderDetails (OrderID,ProductID,UnitPrice,Quantity,Discount) VALUES (10466,46,9.6,5,0);
INSERT INTO OrderDetails (OrderID,ProductID,UnitPrice,Quantity,Discount) VALUES (10467,24,3.6,28,0);
INSERT INTO OrderDetails (OrderID,ProductID,UnitPrice,Quantity,Discount) VALUES (10467,25,11.2,12,0);
INSERT INTO OrderDetails (OrderID,ProductID,UnitPrice,Quantity,Discount) VALUES (10468,30,20.7,8,0);
INSERT INTO OrderDetails (OrderID,ProductID,UnitPrice,Quantity,Discount) VALUES (10468,43,36.8,15,0);
INSERT INTO OrderDetails (OrderID,ProductID,UnitPrice,Quantity,Discount) VALUES (10469,2,15.2,40,0.15);
INSERT INTO OrderDetails (OrderID,ProductID,UnitPrice,Quantity,Discount) VALUES (10469,16,13.9,35,0.15);
INSERT INTO OrderDetails (OrderID,ProductID,UnitPrice,Quantity,Discount) VALUES (10469,44,15.5,2,0.15);
INSERT INTO OrderDetails (OrderID,ProductID,UnitPrice,Quantity,Discount) VALUES (10470,18,50,30,0);
INSERT INTO OrderDetails (OrderID,ProductID,UnitPrice,Quantity,Discount) VALUES (10470,23,7.2,15,0);
INSERT INTO OrderDetails (OrderID,ProductID,UnitPrice,Quantity,Discount) VALUES (10470,64,26.6,8,0);
INSERT INTO OrderDetails (OrderID,ProductID,UnitPrice,Quantity,Discount) VALUES (10471,7,24,30,0);
INSERT INTO OrderDetails (OrderID,ProductID,UnitPrice,Quantity,Discount) VALUES (10471,56,30.4,20,0);
INSERT INTO OrderDetails (OrderID,ProductID,UnitPrice,Quantity,Discount) VALUES (10472,24,3.6,80,0.05);
INSERT INTO OrderDetails (OrderID,ProductID,UnitPrice,Quantity,Discount) VALUES (10472,51,42.4,18,0);
INSERT INTO OrderDetails (OrderID,ProductID,UnitPrice,Quantity,Discount) VALUES (10473,33,2,12,0);
INSERT INTO OrderDetails (OrderID,ProductID,UnitPrice,Quantity,Discount) VALUES (10473,71,17.2,12,0);
INSERT INTO OrderDetails (OrderID,ProductID,UnitPrice,Quantity,Discount) VALUES (10474,14,18.6,12,0);
INSERT INTO OrderDetails (OrderID,ProductID,UnitPrice,Quantity,Discount) VALUES (10474,28,36.4,18,0);
INSERT INTO OrderDetails (OrderID,ProductID,UnitPrice,Quantity,Discount) VALUES (10474,40,14.7,21,0);
INSERT INTO OrderDetails (OrderID,ProductID,UnitPrice,Quantity,Discount) VALUES (10474,75,6.2,10,0);
INSERT INTO OrderDetails (OrderID,ProductID,UnitPrice,Quantity,Discount) VALUES (10475,31,10,35,0.15);
INSERT INTO OrderDetails (OrderID,ProductID,UnitPrice,Quantity,Discount) VALUES (10475,66,13.6,60,0.15);
INSERT INTO OrderDetails (OrderID,ProductID,UnitPrice,Quantity,Discount) VALUES (10475,76,14.4,42,0.15);
INSERT INTO OrderDetails (OrderID,ProductID,UnitPrice,Quantity,Discount) VALUES (10476,55,19.2,2,0.05);
INSERT INTO OrderDetails (OrderID,ProductID,UnitPrice,Quantity,Discount) VALUES (10476,70,12,12,0);
INSERT INTO OrderDetails (OrderID,ProductID,UnitPrice,Quantity,Discount) VALUES (10477,1,14.4,15,0);
INSERT INTO OrderDetails (OrderID,ProductID,UnitPrice,Quantity,Discount) VALUES (10477,21,8,21,0.25);
INSERT INTO OrderDetails (OrderID,ProductID,UnitPrice,Quantity,Discount) VALUES (10477,39,14.4,20,0.25);
INSERT INTO OrderDetails (OrderID,ProductID,UnitPrice,Quantity,Discount) VALUES (10478,10,24.8,20,0.05);
INSERT INTO OrderDetails (OrderID,ProductID,UnitPrice,Quantity,Discount) VALUES (10479,38,210.8,30,0);
INSERT INTO OrderDetails (OrderID,ProductID,UnitPrice,Quantity,Discount) VALUES (10479,53,26.2,28,0);
INSERT INTO OrderDetails (OrderID,ProductID,UnitPrice,Quantity,Discount) VALUES (10479,59,44,60,0);
INSERT INTO OrderDetails (OrderID,ProductID,UnitPrice,Quantity,Discount) VALUES (10479,64,26.6,30,0);
INSERT INTO OrderDetails (OrderID,ProductID,UnitPrice,Quantity,Discount) VALUES (10480,47,7.6,30,0);
INSERT INTO OrderDetails (OrderID,ProductID,UnitPrice,Quantity,Discount) VALUES (10480,59,44,12,0);
INSERT INTO OrderDetails (OrderID,ProductID,UnitPrice,Quantity,Discount) VALUES (10481,49,16,24,0);
INSERT INTO OrderDetails (OrderID,ProductID,UnitPrice,Quantity,Discount) VALUES (10481,60,27.2,40,0);
INSERT INTO OrderDetails (OrderID,ProductID,UnitPrice,Quantity,Discount) VALUES (10482,40,14.7,10,0);
INSERT INTO OrderDetails (OrderID,ProductID,UnitPrice,Quantity,Discount) VALUES (10483,34,11.2,35,0.05);
INSERT INTO OrderDetails (OrderID,ProductID,UnitPrice,Quantity,Discount) VALUES (10483,77,10.4,30,0.05);
INSERT INTO OrderDetails (OrderID,ProductID,UnitPrice,Quantity,Discount) VALUES (10484,21,8,14,0);
INSERT INTO OrderDetails (OrderID,ProductID,UnitPrice,Quantity,Discount) VALUES (10484,40,14.7,10,0);
INSERT INTO OrderDetails (OrderID,ProductID,UnitPrice,Quantity,Discount) VALUES (10484,51,42.4,3,0);
INSERT INTO OrderDetails (OrderID,ProductID,UnitPrice,Quantity,Discount) VALUES (10485,2,15.2,20,0.1);
INSERT INTO OrderDetails (OrderID,ProductID,UnitPrice,Quantity,Discount) VALUES (10485,3,8,20,0.1);
INSERT INTO OrderDetails (OrderID,ProductID,UnitPrice,Quantity,Discount) VALUES (10485,55,19.2,30,0.1);
INSERT INTO OrderDetails (OrderID,ProductID,UnitPrice,Quantity,Discount) VALUES (10485,70,12,60,0.1);
INSERT INTO OrderDetails (OrderID,ProductID,UnitPrice,Quantity,Discount) VALUES (10486,11,16.8,5,0);
INSERT INTO OrderDetails (OrderID,ProductID,UnitPrice,Quantity,Discount) VALUES (10486,51,42.4,25,0);
INSERT INTO OrderDetails (OrderID,ProductID,UnitPrice,Quantity,Discount) VALUES (10486,74,8,16,0);
INSERT INTO OrderDetails (OrderID,ProductID,UnitPrice,Quantity,Discount) VALUES (10487,19,7.3,5,0);
INSERT INTO OrderDetails (OrderID,ProductID,UnitPrice,Quantity,Discount) VALUES (10487,26,24.9,30,0);
INSERT INTO OrderDetails (OrderID,ProductID,UnitPrice,Quantity,Discount) VALUES (10487,54,5.9,24,0.25);
INSERT INTO OrderDetails (OrderID,ProductID,UnitPrice,Quantity,Discount) VALUES (10488,59,44,30,0);
INSERT INTO OrderDetails (OrderID,ProductID,UnitPrice,Quantity,Discount) VALUES (10488,73,12,20,0.2);
INSERT INTO OrderDetails (OrderID,ProductID,UnitPrice,Quantity,Discount) VALUES (10489,11,16.8,15,0.25);
INSERT INTO OrderDetails (OrderID,ProductID,UnitPrice,Quantity,Discount) VALUES (10489,16,13.9,18,0);
INSERT INTO OrderDetails (OrderID,ProductID,UnitPrice,Quantity,Discount) VALUES (10490,59,44,60,0);
INSERT INTO OrderDetails (OrderID,ProductID,UnitPrice,Quantity,Discount) VALUES (10490,68,10,30,0);
INSERT INTO OrderDetails (OrderID,ProductID,UnitPrice,Quantity,Discount) VALUES (10490,75,6.2,36,0);
INSERT INTO OrderDetails (OrderID,ProductID,UnitPrice,Quantity,Discount) VALUES (10491,44,15.5,15,0.15);
INSERT INTO OrderDetails (OrderID,ProductID,UnitPrice,Quantity,Discount) VALUES (10491,77,10.4,7,0.15);
INSERT INTO OrderDetails (OrderID,ProductID,UnitPrice,Quantity,Discount) VALUES (10492,25,11.2,60,0.05);
INSERT INTO OrderDetails (OrderID,ProductID,UnitPrice,Quantity,Discount) VALUES (10492,42,11.2,20,0.05);
INSERT INTO OrderDetails (OrderID,ProductID,UnitPrice,Quantity,Discount) VALUES (10493,65,16.8,15,0.1);
INSERT INTO OrderDetails (OrderID,ProductID,UnitPrice,Quantity,Discount) VALUES (10493,66,13.6,10,0.1);
INSERT INTO OrderDetails (OrderID,ProductID,UnitPrice,Quantity,Discount) VALUES (10493,69,28.8,10,0.1);
INSERT INTO OrderDetails (OrderID,ProductID,UnitPrice,Quantity,Discount) VALUES (10494,56,30.4,30,0);
INSERT INTO OrderDetails (OrderID,ProductID,UnitPrice,Quantity,Discount) VALUES (10495,23,7.2,10,0);
INSERT INTO OrderDetails (OrderID,ProductID,UnitPrice,Quantity,Discount) VALUES (10495,41,7.7,20,0);
INSERT INTO OrderDetails (OrderID,ProductID,UnitPrice,Quantity,Discount) VALUES (10495,77,10.4,5,0);
INSERT INTO OrderDetails (OrderID,ProductID,UnitPrice,Quantity,Discount) VALUES (10496,31,10,20,0.05);
INSERT INTO OrderDetails (OrderID,ProductID,UnitPrice,Quantity,Discount) VALUES (10497,56,30.4,14,0);
INSERT INTO OrderDetails (OrderID,ProductID,UnitPrice,Quantity,Discount) VALUES (10497,72,27.8,25,0);
INSERT INTO OrderDetails (OrderID,ProductID,UnitPrice,Quantity,Discount) VALUES (10497,77,10.4,25,0);
INSERT INTO OrderDetails (OrderID,ProductID,UnitPrice,Quantity,Discount) VALUES (10498,24,4.5,14,0);
INSERT INTO OrderDetails (OrderID,ProductID,UnitPrice,Quantity,Discount) VALUES (10498,40,18.4,5,0);
INSERT INTO OrderDetails (OrderID,ProductID,UnitPrice,Quantity,Discount) VALUES (10498,42,14,30,0);
INSERT INTO OrderDetails (OrderID,ProductID,UnitPrice,Quantity,Discount) VALUES (10499,28,45.6,20,0);
INSERT INTO OrderDetails (OrderID,ProductID,UnitPrice,Quantity,Discount) VALUES (10499,49,20,25,0);
INSERT INTO OrderDetails (OrderID,ProductID,UnitPrice,Quantity,Discount) VALUES (10500,15,15.5,12,0.05);
INSERT INTO OrderDetails (OrderID,ProductID,UnitPrice,Quantity,Discount) VALUES (10500,28,45.6,8,0.05);
INSERT INTO OrderDetails (OrderID,ProductID,UnitPrice,Quantity,Discount) VALUES (10501,54,7.45,20,0);
INSERT INTO OrderDetails (OrderID,ProductID,UnitPrice,Quantity,Discount) VALUES (10502,45,9.5,21,0);
INSERT INTO OrderDetails (OrderID,ProductID,UnitPrice,Quantity,Discount) VALUES (10502,53,32.8,6,0);
INSERT INTO OrderDetails (OrderID,ProductID,UnitPrice,Quantity,Discount) VALUES (10502,67,14,30,0);
INSERT INTO OrderDetails (OrderID,ProductID,UnitPrice,Quantity,Discount) VALUES (10503,14,23.25,70,0);
INSERT INTO OrderDetails (OrderID,ProductID,UnitPrice,Quantity,Discount) VALUES (10503,65,21.05,20,0);
INSERT INTO OrderDetails (OrderID,ProductID,UnitPrice,Quantity,Discount) VALUES (10504,2,19,12,0);
INSERT INTO OrderDetails (OrderID,ProductID,UnitPrice,Quantity,Discount) VALUES (10504,21,10,12,0);
INSERT INTO OrderDetails (OrderID,ProductID,UnitPrice,Quantity,Discount) VALUES (10504,53,32.8,10,0);
INSERT INTO OrderDetails (OrderID,ProductID,UnitPrice,Quantity,Discount) VALUES (10504,61,28.5,25,0);
INSERT INTO OrderDetails (OrderID,ProductID,UnitPrice,Quantity,Discount) VALUES (10505,62,49.3,3,0);
INSERT INTO OrderDetails (OrderID,ProductID,UnitPrice,Quantity,Discount) VALUES (10506,25,14,18,0.1);
INSERT INTO OrderDetails (OrderID,ProductID,UnitPrice,Quantity,Discount) VALUES (10506,70,15,14,0.1);
INSERT INTO OrderDetails (OrderID,ProductID,UnitPrice,Quantity,Discount) VALUES (10507,43,46,15,0.15);
INSERT INTO OrderDetails (OrderID,ProductID,UnitPrice,Quantity,Discount) VALUES (10507,48,12.75,15,0.15);
INSERT INTO OrderDetails (OrderID,ProductID,UnitPrice,Quantity,Discount) VALUES (10508,13,6,10,0);
INSERT INTO OrderDetails (OrderID,ProductID,UnitPrice,Quantity,Discount) VALUES (10508,39,18,10,0);
INSERT INTO OrderDetails (OrderID,ProductID,UnitPrice,Quantity,Discount) VALUES (10509,28,45.6,3,0);
INSERT INTO OrderDetails (OrderID,ProductID,UnitPrice,Quantity,Discount) VALUES (10510,29,123.79,36,0);
INSERT INTO OrderDetails (OrderID,ProductID,UnitPrice,Quantity,Discount) VALUES (10510,75,7.75,36,0.1);
INSERT INTO OrderDetails (OrderID,ProductID,UnitPrice,Quantity,Discount) VALUES (10511,4,22,50,0.15);
INSERT INTO OrderDetails (OrderID,ProductID,UnitPrice,Quantity,Discount) VALUES (10511,7,30,50,0.15);
INSERT INTO OrderDetails (OrderID,ProductID,UnitPrice,Quantity,Discount) VALUES (10511,8,40,10,0.15);
INSERT INTO OrderDetails (OrderID,ProductID,UnitPrice,Quantity,Discount) VALUES (10512,24,4.5,10,0.15);
INSERT INTO OrderDetails (OrderID,ProductID,UnitPrice,Quantity,Discount) VALUES (10512,46,12,9,0.15);
INSERT INTO OrderDetails (OrderID,ProductID,UnitPrice,Quantity,Discount) VALUES (10512,47,9.5,6,0.15);
INSERT INTO OrderDetails (OrderID,ProductID,UnitPrice,Quantity,Discount) VALUES (10512,60,34,12,0.15);
INSERT INTO OrderDetails (OrderID,ProductID,UnitPrice,Quantity,Discount) VALUES (10513,21,10,40,0.2);
INSERT INTO OrderDetails (OrderID,ProductID,UnitPrice,Quantity,Discount) VALUES (10513,32,32,50,0.2);
INSERT INTO OrderDetails (OrderID,ProductID,UnitPrice,Quantity,Discount) VALUES (10513,61,28.5,15,0.2);
INSERT INTO OrderDetails (OrderID,ProductID,UnitPrice,Quantity,Discount) VALUES (10514,20,81,39,0);
INSERT INTO OrderDetails (OrderID,ProductID,UnitPrice,Quantity,Discount) VALUES (10514,28,45.6,35,0);
INSERT INTO OrderDetails (OrderID,ProductID,UnitPrice,Quantity,Discount) VALUES (10514,56,38,70,0);
INSERT INTO OrderDetails (OrderID,ProductID,UnitPrice,Quantity,Discount) VALUES (10514,65,21.05,39,0);
INSERT INTO OrderDetails (OrderID,ProductID,UnitPrice,Quantity,Discount) VALUES (10514,75,7.75,50,0);
INSERT INTO OrderDetails (OrderID,ProductID,UnitPrice,Quantity,Discount) VALUES (10515,9,97,16,0.15);
INSERT INTO OrderDetails (OrderID,ProductID,UnitPrice,Quantity,Discount) VALUES (10515,16,17.45,50,0);
INSERT INTO OrderDetails (OrderID,ProductID,UnitPrice,Quantity,Discount) VALUES (10515,27,43.9,120,0);
INSERT INTO OrderDetails (OrderID,ProductID,UnitPrice,Quantity,Discount) VALUES (10515,33,2.5,16,0.15);
INSERT INTO OrderDetails (OrderID,ProductID,UnitPrice,Quantity,Discount) VALUES (10515,60,34,84,0.15);
INSERT INTO OrderDetails (OrderID,ProductID,UnitPrice,Quantity,Discount) VALUES (10516,18,62.5,25,0.1);
INSERT INTO OrderDetails (OrderID,ProductID,UnitPrice,Quantity,Discount) VALUES (10516,41,9.65,80,0.1);
INSERT INTO OrderDetails (OrderID,ProductID,UnitPrice,Quantity,Discount) VALUES (10516,42,14,20,0);
INSERT INTO OrderDetails (OrderID,ProductID,UnitPrice,Quantity,Discount) VALUES (10517,52,7,6,0);
INSERT INTO OrderDetails (OrderID,ProductID,UnitPrice,Quantity,Discount) VALUES (10517,59,55,4,0);
INSERT INTO OrderDetails (OrderID,ProductID,UnitPrice,Quantity,Discount) VALUES (10517,70,15,6,0);
INSERT INTO OrderDetails (OrderID,ProductID,UnitPrice,Quantity,Discount) VALUES (10518,24,4.5,5,0);
INSERT INTO OrderDetails (OrderID,ProductID,UnitPrice,Quantity,Discount) VALUES (10518,38,263.5,15,0);
INSERT INTO OrderDetails (OrderID,ProductID,UnitPrice,Quantity,Discount) VALUES (10518,44,19.45,9,0);
INSERT INTO OrderDetails (OrderID,ProductID,UnitPrice,Quantity,Discount) VALUES (10519,10,31,16,0.05);
INSERT INTO OrderDetails (OrderID,ProductID,UnitPrice,Quantity,Discount) VALUES (10519,56,38,40,0);
INSERT INTO OrderDetails (OrderID,ProductID,UnitPrice,Quantity,Discount) VALUES (10519,60,34,10,0.05);
INSERT INTO OrderDetails (OrderID,ProductID,UnitPrice,Quantity,Discount) VALUES (10520,24,4.5,8,0);
INSERT INTO OrderDetails (OrderID,ProductID,UnitPrice,Quantity,Discount) VALUES (10520,53,32.8,5,0);
INSERT INTO OrderDetails (OrderID,ProductID,UnitPrice,Quantity,Discount) VALUES (10521,35,18,3,0);
INSERT INTO OrderDetails (OrderID,ProductID,UnitPrice,Quantity,Discount) VALUES (10521,41,9.65,10,0);
INSERT INTO OrderDetails (OrderID,ProductID,UnitPrice,Quantity,Discount) VALUES (10521,68,12.5,6,0);
INSERT INTO OrderDetails (OrderID,ProductID,UnitPrice,Quantity,Discount) VALUES (10522,1,18,40,0.2);
INSERT INTO OrderDetails (OrderID,ProductID,UnitPrice,Quantity,Discount) VALUES (10522,8,40,24,0);
INSERT INTO OrderDetails (OrderID,ProductID,UnitPrice,Quantity,Discount) VALUES (10522,30,25.89,20,0.2);
INSERT INTO OrderDetails (OrderID,ProductID,UnitPrice,Quantity,Discount) VALUES (10522,40,18.4,25,0.2);
INSERT INTO OrderDetails (OrderID,ProductID,UnitPrice,Quantity,Discount) VALUES (10523,17,39,25,0.1);
INSERT INTO OrderDetails (OrderID,ProductID,UnitPrice,Quantity,Discount) VALUES (10523,20,81,15,0.1);
INSERT INTO OrderDetails (OrderID,ProductID,UnitPrice,Quantity,Discount) VALUES (10523,37,26,18,0.1);
INSERT INTO OrderDetails (OrderID,ProductID,UnitPrice,Quantity,Discount) VALUES (10523,41,9.65,6,0.1);
INSERT INTO OrderDetails (OrderID,ProductID,UnitPrice,Quantity,Discount) VALUES (10524,10,31,2,0);
INSERT INTO OrderDetails (OrderID,ProductID,UnitPrice,Quantity,Discount) VALUES (10524,30,25.89,10,0);
INSERT INTO OrderDetails (OrderID,ProductID,UnitPrice,Quantity,Discount) VALUES (10524,43,46,60,0);
INSERT INTO OrderDetails (OrderID,ProductID,UnitPrice,Quantity,Discount) VALUES (10524,54,7.45,15,0);
INSERT INTO OrderDetails (OrderID,ProductID,UnitPrice,Quantity,Discount) VALUES (10525,36,19,30,0);
INSERT INTO OrderDetails (OrderID,ProductID,UnitPrice,Quantity,Discount) VALUES (10525,40,18.4,15,0.1);
INSERT INTO OrderDetails (OrderID,ProductID,UnitPrice,Quantity,Discount) VALUES (10526,1,18,8,0.15);
INSERT INTO OrderDetails (OrderID,ProductID,UnitPrice,Quantity,Discount) VALUES (10526,13,6,10,0);
INSERT INTO OrderDetails (OrderID,ProductID,UnitPrice,Quantity,Discount) VALUES (10526,56,38,30,0.15);
INSERT INTO OrderDetails (OrderID,ProductID,UnitPrice,Quantity,Discount) VALUES (10527,4,22,50,0.1);
INSERT INTO OrderDetails (OrderID,ProductID,UnitPrice,Quantity,Discount) VALUES (10527,36,19,30,0.1);
INSERT INTO OrderDetails (OrderID,ProductID,UnitPrice,Quantity,Discount) VALUES (10528,11,21,3,0);
INSERT INTO OrderDetails (OrderID,ProductID,UnitPrice,Quantity,Discount) VALUES (10528,33,2.5,8,0.2);
INSERT INTO OrderDetails (OrderID,ProductID,UnitPrice,Quantity,Discount) VALUES (10528,72,34.8,9,0);
INSERT INTO OrderDetails (OrderID,ProductID,UnitPrice,Quantity,Discount) VALUES (10529,55,24,14,0);
INSERT INTO OrderDetails (OrderID,ProductID,UnitPrice,Quantity,Discount) VALUES (10529,68,12.5,20,0);
INSERT INTO OrderDetails (OrderID,ProductID,UnitPrice,Quantity,Discount) VALUES (10529,69,36,10,0);
INSERT INTO OrderDetails (OrderID,ProductID,UnitPrice,Quantity,Discount) VALUES (10530,17,39,40,0);
INSERT INTO OrderDetails (OrderID,ProductID,UnitPrice,Quantity,Discount) VALUES (10530,43,46,25,0);
INSERT INTO OrderDetails (OrderID,ProductID,UnitPrice,Quantity,Discount) VALUES (10530,61,28.5,20,0);
INSERT INTO OrderDetails (OrderID,ProductID,UnitPrice,Quantity,Discount) VALUES (10530,76,18,50,0);
INSERT INTO OrderDetails (OrderID,ProductID,UnitPrice,Quantity,Discount) VALUES (10531,59,55,2,0);
INSERT INTO OrderDetails (OrderID,ProductID,UnitPrice,Quantity,Discount) VALUES (10532,30,25.89,15,0);
INSERT INTO OrderDetails (OrderID,ProductID,UnitPrice,Quantity,Discount) VALUES (10532,66,17,24,0);
INSERT INTO OrderDetails (OrderID,ProductID,UnitPrice,Quantity,Discount) VALUES (10533,4,22,50,0.05);
INSERT INTO OrderDetails (OrderID,ProductID,UnitPrice,Quantity,Discount) VALUES (10533,72,34.8,24,0);
INSERT INTO OrderDetails (OrderID,ProductID,UnitPrice,Quantity,Discount) VALUES (10533,73,15,24,0.05);
INSERT INTO OrderDetails (OrderID,ProductID,UnitPrice,Quantity,Discount) VALUES (10534,30,25.89,10,0);
INSERT INTO OrderDetails (OrderID,ProductID,UnitPrice,Quantity,Discount) VALUES (10534,40,18.4,10,0.2);
INSERT INTO OrderDetails (OrderID,ProductID,UnitPrice,Quantity,Discount) VALUES (10534,54,7.45,10,0.2);
INSERT INTO OrderDetails (OrderID,ProductID,UnitPrice,Quantity,Discount) VALUES (10535,11,21,50,0.1);
INSERT INTO OrderDetails (OrderID,ProductID,UnitPrice,Quantity,Discount) VALUES (10535,40,18.4,10,0.1);
INSERT INTO OrderDetails (OrderID,ProductID,UnitPrice,Quantity,Discount) VALUES (10535,57,19.5,5,0.1);
INSERT INTO OrderDetails (OrderID,ProductID,UnitPrice,Quantity,Discount) VALUES (10535,59,55,15,0.1);
INSERT INTO OrderDetails (OrderID,ProductID,UnitPrice,Quantity,Discount) VALUES (10536,12,38,15,0.25);
INSERT INTO OrderDetails (OrderID,ProductID,UnitPrice,Quantity,Discount) VALUES (10536,31,12.5,20,0);
INSERT INTO OrderDetails (OrderID,ProductID,UnitPrice,Quantity,Discount) VALUES (10536,33,2.5,30,0);
INSERT INTO OrderDetails (OrderID,ProductID,UnitPrice,Quantity,Discount) VALUES (10536,60,34,35,0.25);
INSERT INTO OrderDetails (OrderID,ProductID,UnitPrice,Quantity,Discount) VALUES (10537,31,12.5,30,0);
INSERT INTO OrderDetails (OrderID,ProductID,UnitPrice,Quantity,Discount) VALUES (10537,51,53,6,0);
INSERT INTO OrderDetails (OrderID,ProductID,UnitPrice,Quantity,Discount) VALUES (10537,58,13.25,20,0);
INSERT INTO OrderDetails (OrderID,ProductID,UnitPrice,Quantity,Discount) VALUES (10537,72,34.8,21,0);
INSERT INTO OrderDetails (OrderID,ProductID,UnitPrice,Quantity,Discount) VALUES (10537,73,15,9,0);
INSERT INTO OrderDetails (OrderID,ProductID,UnitPrice,Quantity,Discount) VALUES (10538,70,15,7,0);
INSERT INTO OrderDetails (OrderID,ProductID,UnitPrice,Quantity,Discount) VALUES (10538,72,34.8,1,0);
INSERT INTO OrderDetails (OrderID,ProductID,UnitPrice,Quantity,Discount) VALUES (10539,13,6,8,0);
INSERT INTO OrderDetails (OrderID,ProductID,UnitPrice,Quantity,Discount) VALUES (10539,21,10,15,0);
INSERT INTO OrderDetails (OrderID,ProductID,UnitPrice,Quantity,Discount) VALUES (10539,33,2.5,15,0);
INSERT INTO OrderDetails (OrderID,ProductID,UnitPrice,Quantity,Discount) VALUES (10539,49,20,6,0);
INSERT INTO OrderDetails (OrderID,ProductID,UnitPrice,Quantity,Discount) VALUES (10540,3,10,60,0);
INSERT INTO OrderDetails (OrderID,ProductID,UnitPrice,Quantity,Discount) VALUES (10540,26,31.23,40,0);
INSERT INTO OrderDetails (OrderID,ProductID,UnitPrice,Quantity,Discount) VALUES (10540,38,263.5,30,0);
INSERT INTO OrderDetails (OrderID,ProductID,UnitPrice,Quantity,Discount) VALUES (10540,68,12.5,35,0);
INSERT INTO OrderDetails (OrderID,ProductID,UnitPrice,Quantity,Discount) VALUES (10541,24,4.5,35,0.1);
INSERT INTO OrderDetails (OrderID,ProductID,UnitPrice,Quantity,Discount) VALUES (10541,38,263.5,4,0.1);
INSERT INTO OrderDetails (OrderID,ProductID,UnitPrice,Quantity,Discount) VALUES (10541,65,21.05,36,0.1);
INSERT INTO OrderDetails (OrderID,ProductID,UnitPrice,Quantity,Discount) VALUES (10541,71,21.5,9,0.1);
INSERT INTO OrderDetails (OrderID,ProductID,UnitPrice,Quantity,Discount) VALUES (10542,11,21,15,0.05);
INSERT INTO OrderDetails (OrderID,ProductID,UnitPrice,Quantity,Discount) VALUES (10542,54,7.45,24,0.05);
INSERT INTO OrderDetails (OrderID,ProductID,UnitPrice,Quantity,Discount) VALUES (10543,12,38,30,0.15);
INSERT INTO OrderDetails (OrderID,ProductID,UnitPrice,Quantity,Discount) VALUES (10543,23,9,70,0.15);
INSERT INTO OrderDetails (OrderID,ProductID,UnitPrice,Quantity,Discount) VALUES (10544,28,45.6,7,0);
INSERT INTO OrderDetails (OrderID,ProductID,UnitPrice,Quantity,Discount) VALUES (10544,67,14,7,0);
INSERT INTO OrderDetails (OrderID,ProductID,UnitPrice,Quantity,Discount) VALUES (10545,11,21,10,0);
INSERT INTO OrderDetails (OrderID,ProductID,UnitPrice,Quantity,Discount) VALUES (10546,7,30,10,0);
INSERT INTO OrderDetails (OrderID,ProductID,UnitPrice,Quantity,Discount) VALUES (10546,35,18,30,0);
INSERT INTO OrderDetails (OrderID,ProductID,UnitPrice,Quantity,Discount) VALUES (10546,62,49.3,40,0);
INSERT INTO OrderDetails (OrderID,ProductID,UnitPrice,Quantity,Discount) VALUES (10547,32,32,24,0.15);
INSERT INTO OrderDetails (OrderID,ProductID,UnitPrice,Quantity,Discount) VALUES (10547,36,19,60,0);
INSERT INTO OrderDetails (OrderID,ProductID,UnitPrice,Quantity,Discount) VALUES (10548,34,14,10,0.25);
INSERT INTO OrderDetails (OrderID,ProductID,UnitPrice,Quantity,Discount) VALUES (10548,41,9.65,14,0);
INSERT INTO OrderDetails (OrderID,ProductID,UnitPrice,Quantity,Discount) VALUES (10549,31,12.5,55,0.15);
INSERT INTO OrderDetails (OrderID,ProductID,UnitPrice,Quantity,Discount) VALUES (10549,45,9.5,100,0.15);
INSERT INTO OrderDetails (OrderID,ProductID,UnitPrice,Quantity,Discount) VALUES (10549,51,53,48,0.15);
INSERT INTO OrderDetails (OrderID,ProductID,UnitPrice,Quantity,Discount) VALUES (10550,17,39,8,0.1);
INSERT INTO OrderDetails (OrderID,ProductID,UnitPrice,Quantity,Discount) VALUES (10550,19,9.2,10,0);
INSERT INTO OrderDetails (OrderID,ProductID,UnitPrice,Quantity,Discount) VALUES (10550,21,10,6,0.1);
INSERT INTO OrderDetails (OrderID,ProductID,UnitPrice,Quantity,Discount) VALUES (10550,61,28.5,10,0.1);
INSERT INTO OrderDetails (OrderID,ProductID,UnitPrice,Quantity,Discount) VALUES (10551,16,17.45,40,0.15);
INSERT INTO OrderDetails (OrderID,ProductID,UnitPrice,Quantity,Discount) VALUES (10551,35,18,20,0.15);
INSERT INTO OrderDetails (OrderID,ProductID,UnitPrice,Quantity,Discount) VALUES (10551,44,19.45,40,0);
INSERT INTO OrderDetails (OrderID,ProductID,UnitPrice,Quantity,Discount) VALUES (10552,69,36,18,0);
INSERT INTO OrderDetails (OrderID,ProductID,UnitPrice,Quantity,Discount) VALUES (10552,75,7.75,30,0);
INSERT INTO OrderDetails (OrderID,ProductID,UnitPrice,Quantity,Discount) VALUES (10553,11,21,15,0);
INSERT INTO OrderDetails (OrderID,ProductID,UnitPrice,Quantity,Discount) VALUES (10553,16,17.45,14,0);
INSERT INTO OrderDetails (OrderID,ProductID,UnitPrice,Quantity,Discount) VALUES (10553,22,21,24,0);
INSERT INTO OrderDetails (OrderID,ProductID,UnitPrice,Quantity,Discount) VALUES (10553,31,12.5,30,0);
INSERT INTO OrderDetails (OrderID,ProductID,UnitPrice,Quantity,Discount) VALUES (10553,35,18,6,0);
INSERT INTO OrderDetails (OrderID,ProductID,UnitPrice,Quantity,Discount) VALUES (10554,16,17.45,30,0.05);
INSERT INTO OrderDetails (OrderID,ProductID,UnitPrice,Quantity,Discount) VALUES (10554,23,9,20,0.05);
INSERT INTO OrderDetails (OrderID,ProductID,UnitPrice,Quantity,Discount) VALUES (10554,62,49.3,20,0.05);
INSERT INTO OrderDetails (OrderID,ProductID,UnitPrice,Quantity,Discount) VALUES (10554,77,13,10,0.05);
INSERT INTO OrderDetails (OrderID,ProductID,UnitPrice,Quantity,Discount) VALUES (10555,14,23.25,30,0.2);
INSERT INTO OrderDetails (OrderID,ProductID,UnitPrice,Quantity,Discount) VALUES (10555,19,9.2,35,0.2);
INSERT INTO OrderDetails (OrderID,ProductID,UnitPrice,Quantity,Discount) VALUES (10555,24,4.5,18,0.2);
INSERT INTO OrderDetails (OrderID,ProductID,UnitPrice,Quantity,Discount) VALUES (10555,51,53,20,0.2);
INSERT INTO OrderDetails (OrderID,ProductID,UnitPrice,Quantity,Discount) VALUES (10555,56,38,40,0.2);
INSERT INTO OrderDetails (OrderID,ProductID,UnitPrice,Quantity,Discount) VALUES (10556,72,34.8,24,0);
INSERT INTO OrderDetails (OrderID,ProductID,UnitPrice,Quantity,Discount) VALUES (10557,64,33.25,30,0);
INSERT INTO OrderDetails (OrderID,ProductID,UnitPrice,Quantity,Discount) VALUES (10557,75,7.75,20,0);
INSERT INTO OrderDetails (OrderID,ProductID,UnitPrice,Quantity,Discount) VALUES (10558,47,9.5,25,0);
INSERT INTO OrderDetails (OrderID,ProductID,UnitPrice,Quantity,Discount) VALUES (10558,51,53,20,0);
INSERT INTO OrderDetails (OrderID,ProductID,UnitPrice,Quantity,Discount) VALUES (10558,52,7,30,0);
INSERT INTO OrderDetails (OrderID,ProductID,UnitPrice,Quantity,Discount) VALUES (10558,53,32.8,18,0);
INSERT INTO OrderDetails (OrderID,ProductID,UnitPrice,Quantity,Discount) VALUES (10558,73,15,3,0);
INSERT INTO OrderDetails (OrderID,ProductID,UnitPrice,Quantity,Discount) VALUES (10559,41,9.65,12,0.05);
INSERT INTO OrderDetails (OrderID,ProductID,UnitPrice,Quantity,Discount) VALUES (10559,55,24,18,0.05);
INSERT INTO OrderDetails (OrderID,ProductID,UnitPrice,Quantity,Discount) VALUES (10560,30,25.89,20,0);
INSERT INTO OrderDetails (OrderID,ProductID,UnitPrice,Quantity,Discount) VALUES (10560,62,49.3,15,0.25);
INSERT INTO OrderDetails (OrderID,ProductID,UnitPrice,Quantity,Discount) VALUES (10561,44,19.45,10,0);
INSERT INTO OrderDetails (OrderID,ProductID,UnitPrice,Quantity,Discount) VALUES (10561,51,53,50,0);
INSERT INTO OrderDetails (OrderID,ProductID,UnitPrice,Quantity,Discount) VALUES (10562,33,2.5,20,0.1);
INSERT INTO OrderDetails (OrderID,ProductID,UnitPrice,Quantity,Discount) VALUES (10562,62,49.3,10,0.1);
INSERT INTO OrderDetails (OrderID,ProductID,UnitPrice,Quantity,Discount) VALUES (10563,36,19,25,0);
INSERT INTO OrderDetails (OrderID,ProductID,UnitPrice,Quantity,Discount) VALUES (10563,52,7,70,0);
INSERT INTO OrderDetails (OrderID,ProductID,UnitPrice,Quantity,Discount) VALUES (10564,17,39,16,0.05);
INSERT INTO OrderDetails (OrderID,ProductID,UnitPrice,Quantity,Discount) VALUES (10564,31,12.5,6,0.05);
INSERT INTO OrderDetails (OrderID,ProductID,UnitPrice,Quantity,Discount) VALUES (10564,55,24,25,0.05);
INSERT INTO OrderDetails (OrderID,ProductID,UnitPrice,Quantity,Discount) VALUES (10565,24,4.5,25,0.1);
INSERT INTO OrderDetails (OrderID,ProductID,UnitPrice,Quantity,Discount) VALUES (10565,64,33.25,18,0.1);
INSERT INTO OrderDetails (OrderID,ProductID,UnitPrice,Quantity,Discount) VALUES (10566,11,21,35,0.15);
INSERT INTO OrderDetails (OrderID,ProductID,UnitPrice,Quantity,Discount) VALUES (10566,18,62.5,18,0.15);
INSERT INTO OrderDetails (OrderID,ProductID,UnitPrice,Quantity,Discount) VALUES (10566,76,18,10,0);
INSERT INTO OrderDetails (OrderID,ProductID,UnitPrice,Quantity,Discount) VALUES (10567,31,12.5,60,0.2);
INSERT INTO OrderDetails (OrderID,ProductID,UnitPrice,Quantity,Discount) VALUES (10567,51,53,3,0);
INSERT INTO OrderDetails (OrderID,ProductID,UnitPrice,Quantity,Discount) VALUES (10567,59,55,40,0.2);
INSERT INTO OrderDetails (OrderID,ProductID,UnitPrice,Quantity,Discount) VALUES (10568,10,31,5,0);
INSERT INTO OrderDetails (OrderID,ProductID,UnitPrice,Quantity,Discount) VALUES (10569,31,12.5,35,0.2);
INSERT INTO OrderDetails (OrderID,ProductID,UnitPrice,Quantity,Discount) VALUES (10569,76,18,30,0);
INSERT INTO OrderDetails (OrderID,ProductID,UnitPrice,Quantity,Discount) VALUES (10570,11,21,15,0.05);
INSERT INTO OrderDetails (OrderID,ProductID,UnitPrice,Quantity,Discount) VALUES (10570,56,38,60,0.05);
INSERT INTO OrderDetails (OrderID,ProductID,UnitPrice,Quantity,Discount) VALUES (10571,14,23.25,11,0.15);
INSERT INTO OrderDetails (OrderID,ProductID,UnitPrice,Quantity,Discount) VALUES (10571,42,14,28,0.15);
INSERT INTO OrderDetails (OrderID,ProductID,UnitPrice,Quantity,Discount) VALUES (10572,16,17.45,12,0.1);
INSERT INTO OrderDetails (OrderID,ProductID,UnitPrice,Quantity,Discount) VALUES (10572,32,32,10,0.1);
INSERT INTO OrderDetails (OrderID,ProductID,UnitPrice,Quantity,Discount) VALUES (10572,40,18.4,50,0);
INSERT INTO OrderDetails (OrderID,ProductID,UnitPrice,Quantity,Discount) VALUES (10572,75,7.75,15,0.1);
INSERT INTO OrderDetails (OrderID,ProductID,UnitPrice,Quantity,Discount) VALUES (10573,17,39,18,0);
INSERT INTO OrderDetails (OrderID,ProductID,UnitPrice,Quantity,Discount) VALUES (10573,34,14,40,0);
INSERT INTO OrderDetails (OrderID,ProductID,UnitPrice,Quantity,Discount) VALUES (10573,53,32.8,25,0);
INSERT INTO OrderDetails (OrderID,ProductID,UnitPrice,Quantity,Discount) VALUES (10574,33,2.5,14,0);
INSERT INTO OrderDetails (OrderID,ProductID,UnitPrice,Quantity,Discount) VALUES (10574,40,18.4,2,0);
INSERT INTO OrderDetails (OrderID,ProductID,UnitPrice,Quantity,Discount) VALUES (10574,62,49.3,10,0);
INSERT INTO OrderDetails (OrderID,ProductID,UnitPrice,Quantity,Discount) VALUES (10574,64,33.25,6,0);
INSERT INTO OrderDetails (OrderID,ProductID,UnitPrice,Quantity,Discount) VALUES (10575,59,55,12,0);
INSERT INTO OrderDetails (OrderID,ProductID,UnitPrice,Quantity,Discount) VALUES (10575,63,43.9,6,0);
INSERT INTO OrderDetails (OrderID,ProductID,UnitPrice,Quantity,Discount) VALUES (10575,72,34.8,30,0);
INSERT INTO OrderDetails (OrderID,ProductID,UnitPrice,Quantity,Discount) VALUES (10575,76,18,10,0);
INSERT INTO OrderDetails (OrderID,ProductID,UnitPrice,Quantity,Discount) VALUES (10576,1,18,10,0);
INSERT INTO OrderDetails (OrderID,ProductID,UnitPrice,Quantity,Discount) VALUES (10576,31,12.5,20,0);
INSERT INTO OrderDetails (OrderID,ProductID,UnitPrice,Quantity,Discount) VALUES (10576,44,19.45,21,0);
INSERT INTO OrderDetails (OrderID,ProductID,UnitPrice,Quantity,Discount) VALUES (10577,39,18,10,0);
INSERT INTO OrderDetails (OrderID,ProductID,UnitPrice,Quantity,Discount) VALUES (10577,75,7.75,20,0);
INSERT INTO OrderDetails (OrderID,ProductID,UnitPrice,Quantity,Discount) VALUES (10577,77,13,18,0);
INSERT INTO OrderDetails (OrderID,ProductID,UnitPrice,Quantity,Discount) VALUES (10578,35,18,20,0);
INSERT INTO OrderDetails (OrderID,ProductID,UnitPrice,Quantity,Discount) VALUES (10578,57,19.5,6,0);
INSERT INTO OrderDetails (OrderID,ProductID,UnitPrice,Quantity,Discount) VALUES (10579,15,15.5,10,0);
INSERT INTO OrderDetails (OrderID,ProductID,UnitPrice,Quantity,Discount) VALUES (10579,75,7.75,21,0);
INSERT INTO OrderDetails (OrderID,ProductID,UnitPrice,Quantity,Discount) VALUES (10580,14,23.25,15,0.05);
INSERT INTO OrderDetails (OrderID,ProductID,UnitPrice,Quantity,Discount) VALUES (10580,41,9.65,9,0.05);
INSERT INTO OrderDetails (OrderID,ProductID,UnitPrice,Quantity,Discount) VALUES (10580,65,21.05,30,0.05);
INSERT INTO OrderDetails (OrderID,ProductID,UnitPrice,Quantity,Discount) VALUES (10581,75,7.75,50,0.2);
INSERT INTO OrderDetails (OrderID,ProductID,UnitPrice,Quantity,Discount) VALUES (10582,57,19.5,4,0);
INSERT INTO OrderDetails (OrderID,ProductID,UnitPrice,Quantity,Discount) VALUES (10582,76,18,14,0);
INSERT INTO OrderDetails (OrderID,ProductID,UnitPrice,Quantity,Discount) VALUES (10583,29,123.79,10,0);
INSERT INTO OrderDetails (OrderID,ProductID,UnitPrice,Quantity,Discount) VALUES (10583,60,34,24,0.15);
INSERT INTO OrderDetails (OrderID,ProductID,UnitPrice,Quantity,Discount) VALUES (10583,69,36,10,0.15);
INSERT INTO OrderDetails (OrderID,ProductID,UnitPrice,Quantity,Discount) VALUES (10584,31,12.5,50,0.05);
INSERT INTO OrderDetails (OrderID,ProductID,UnitPrice,Quantity,Discount) VALUES (10585,47,9.5,15,0);
INSERT INTO OrderDetails (OrderID,ProductID,UnitPrice,Quantity,Discount) VALUES (10586,52,7,4,0.15);
INSERT INTO OrderDetails (OrderID,ProductID,UnitPrice,Quantity,Discount) VALUES (10587,26,31.23,6,0);
INSERT INTO OrderDetails (OrderID,ProductID,UnitPrice,Quantity,Discount) VALUES (10587,35,18,20,0);
INSERT INTO OrderDetails (OrderID,ProductID,UnitPrice,Quantity,Discount) VALUES (10587,77,13,20,0);
INSERT INTO OrderDetails (OrderID,ProductID,UnitPrice,Quantity,Discount) VALUES (10588,18,62.5,40,0.2);
INSERT INTO OrderDetails (OrderID,ProductID,UnitPrice,Quantity,Discount) VALUES (10588,42,14,100,0.2);
INSERT INTO OrderDetails (OrderID,ProductID,UnitPrice,Quantity,Discount) VALUES (10589,35,18,4,0);
INSERT INTO OrderDetails (OrderID,ProductID,UnitPrice,Quantity,Discount) VALUES (10590,1,18,20,0);
INSERT INTO OrderDetails (OrderID,ProductID,UnitPrice,Quantity,Discount) VALUES (10590,77,13,60,0.05);
INSERT INTO OrderDetails (OrderID,ProductID,UnitPrice,Quantity,Discount) VALUES (10591,3,10,14,0);
INSERT INTO OrderDetails (OrderID,ProductID,UnitPrice,Quantity,Discount) VALUES (10591,7,30,10,0);
INSERT INTO OrderDetails (OrderID,ProductID,UnitPrice,Quantity,Discount) VALUES (10591,54,7.45,50,0);
INSERT INTO OrderDetails (OrderID,ProductID,UnitPrice,Quantity,Discount) VALUES (10592,15,15.5,25,0.05);
INSERT INTO OrderDetails (OrderID,ProductID,UnitPrice,Quantity,Discount) VALUES (10592,26,31.23,5,0.05);
INSERT INTO OrderDetails (OrderID,ProductID,UnitPrice,Quantity,Discount) VALUES (10593,20,81,21,0.2);
INSERT INTO OrderDetails (OrderID,ProductID,UnitPrice,Quantity,Discount) VALUES (10593,69,36,20,0.2);
INSERT INTO OrderDetails (OrderID,ProductID,UnitPrice,Quantity,Discount) VALUES (10593,76,18,4,0.2);
INSERT INTO OrderDetails (OrderID,ProductID,UnitPrice,Quantity,Discount) VALUES (10594,52,7,24,0);
INSERT INTO OrderDetails (OrderID,ProductID,UnitPrice,Quantity,Discount) VALUES (10594,58,13.25,30,0);
INSERT INTO OrderDetails (OrderID,ProductID,UnitPrice,Quantity,Discount) VALUES (10595,35,18,30,0.25);
INSERT INTO OrderDetails (OrderID,ProductID,UnitPrice,Quantity,Discount) VALUES (10595,61,28.5,120,0.25);
INSERT INTO OrderDetails (OrderID,ProductID,UnitPrice,Quantity,Discount) VALUES (10595,69,36,65,0.25);
INSERT INTO OrderDetails (OrderID,ProductID,UnitPrice,Quantity,Discount) VALUES (10596,56,38,5,0.2);
INSERT INTO OrderDetails (OrderID,ProductID,UnitPrice,Quantity,Discount) VALUES (10596,63,43.9,24,0.2);
INSERT INTO OrderDetails (OrderID,ProductID,UnitPrice,Quantity,Discount) VALUES (10596,75,7.75,30,0.2);
INSERT INTO OrderDetails (OrderID,ProductID,UnitPrice,Quantity,Discount) VALUES (10597,24,4.5,35,0.2);
INSERT INTO OrderDetails (OrderID,ProductID,UnitPrice,Quantity,Discount) VALUES (10597,57,19.5,20,0);
INSERT INTO OrderDetails (OrderID,ProductID,UnitPrice,Quantity,Discount) VALUES (10597,65,21.05,12,0.2);
INSERT INTO OrderDetails (OrderID,ProductID,UnitPrice,Quantity,Discount) VALUES (10598,27,43.9,50,0);
INSERT INTO OrderDetails (OrderID,ProductID,UnitPrice,Quantity,Discount) VALUES (10598,71,21.5,9,0);
INSERT INTO OrderDetails (OrderID,ProductID,UnitPrice,Quantity,Discount) VALUES (10599,62,49.3,10,0);
INSERT INTO OrderDetails (OrderID,ProductID,UnitPrice,Quantity,Discount) VALUES (10600,54,7.45,4,0);
INSERT INTO OrderDetails (OrderID,ProductID,UnitPrice,Quantity,Discount) VALUES (10600,73,15,30,0);
INSERT INTO OrderDetails (OrderID,ProductID,UnitPrice,Quantity,Discount) VALUES (10601,13,6,60,0);
INSERT INTO OrderDetails (OrderID,ProductID,UnitPrice,Quantity,Discount) VALUES (10601,59,55,35,0);
INSERT INTO OrderDetails (OrderID,ProductID,UnitPrice,Quantity,Discount) VALUES (10602,77,13,5,0.25);
INSERT INTO OrderDetails (OrderID,ProductID,UnitPrice,Quantity,Discount) VALUES (10603,22,21,48,0);
INSERT INTO OrderDetails (OrderID,ProductID,UnitPrice,Quantity,Discount) VALUES (10603,49,20,25,0.05);
INSERT INTO OrderDetails (OrderID,ProductID,UnitPrice,Quantity,Discount) VALUES (10604,48,12.75,6,0.1);
INSERT INTO OrderDetails (OrderID,ProductID,UnitPrice,Quantity,Discount) VALUES (10604,76,18,10,0.1);
INSERT INTO OrderDetails (OrderID,ProductID,UnitPrice,Quantity,Discount) VALUES (10605,16,17.45,30,0.05);
INSERT INTO OrderDetails (OrderID,ProductID,UnitPrice,Quantity,Discount) VALUES (10605,59,55,20,0.05);
INSERT INTO OrderDetails (OrderID,ProductID,UnitPrice,Quantity,Discount) VALUES (10605,60,34,70,0.05);
INSERT INTO OrderDetails (OrderID,ProductID,UnitPrice,Quantity,Discount) VALUES (10605,71,21.5,15,0.05);
INSERT INTO OrderDetails (OrderID,ProductID,UnitPrice,Quantity,Discount) VALUES (10606,4,22,20,0.2);
INSERT INTO OrderDetails (OrderID,ProductID,UnitPrice,Quantity,Discount) VALUES (10606,55,24,20,0.2);
INSERT INTO OrderDetails (OrderID,ProductID,UnitPrice,Quantity,Discount) VALUES (10606,62,49.3,10,0.2);
INSERT INTO OrderDetails (OrderID,ProductID,UnitPrice,Quantity,Discount) VALUES (10607,7,30,45,0);
INSERT INTO OrderDetails (OrderID,ProductID,UnitPrice,Quantity,Discount) VALUES (10607,17,39,100,0);
INSERT INTO OrderDetails (OrderID,ProductID,UnitPrice,Quantity,Discount) VALUES (10607,33,2.5,14,0);
INSERT INTO OrderDetails (OrderID,ProductID,UnitPrice,Quantity,Discount) VALUES (10607,40,18.4,42,0);
INSERT INTO OrderDetails (OrderID,ProductID,UnitPrice,Quantity,Discount) VALUES (10607,72,34.8,12,0);
INSERT INTO OrderDetails (OrderID,ProductID,UnitPrice,Quantity,Discount) VALUES (10608,56,38,28,0);
INSERT INTO OrderDetails (OrderID,ProductID,UnitPrice,Quantity,Discount) VALUES (10609,1,18,3,0);
INSERT INTO OrderDetails (OrderID,ProductID,UnitPrice,Quantity,Discount) VALUES (10609,10,31,10,0);
INSERT INTO OrderDetails (OrderID,ProductID,UnitPrice,Quantity,Discount) VALUES (10609,21,10,6,0);
INSERT INTO OrderDetails (OrderID,ProductID,UnitPrice,Quantity,Discount) VALUES (10610,36,19,21,0.25);
INSERT INTO OrderDetails (OrderID,ProductID,UnitPrice,Quantity,Discount) VALUES (10611,1,18,6,0);
INSERT INTO OrderDetails (OrderID,ProductID,UnitPrice,Quantity,Discount) VALUES (10611,2,19,10,0);
INSERT INTO OrderDetails (OrderID,ProductID,UnitPrice,Quantity,Discount) VALUES (10611,60,34,15,0);
INSERT INTO OrderDetails (OrderID,ProductID,UnitPrice,Quantity,Discount) VALUES (10612,10,31,70,0);
INSERT INTO OrderDetails (OrderID,ProductID,UnitPrice,Quantity,Discount) VALUES (10612,36,19,55,0);
INSERT INTO OrderDetails (OrderID,ProductID,UnitPrice,Quantity,Discount) VALUES (10612,49,20,18,0);
INSERT INTO OrderDetails (OrderID,ProductID,UnitPrice,Quantity,Discount) VALUES (10612,60,34,40,0);
INSERT INTO OrderDetails (OrderID,ProductID,UnitPrice,Quantity,Discount) VALUES (10612,76,18,80,0);
INSERT INTO OrderDetails (OrderID,ProductID,UnitPrice,Quantity,Discount) VALUES (10613,13,6,8,0.1);
INSERT INTO OrderDetails (OrderID,ProductID,UnitPrice,Quantity,Discount) VALUES (10613,75,7.75,40,0);
INSERT INTO OrderDetails (OrderID,ProductID,UnitPrice,Quantity,Discount) VALUES (10614,11,21,14,0);
INSERT INTO OrderDetails (OrderID,ProductID,UnitPrice,Quantity,Discount) VALUES (10614,21,10,8,0);
INSERT INTO OrderDetails (OrderID,ProductID,UnitPrice,Quantity,Discount) VALUES (10614,39,18,5,0);
INSERT INTO OrderDetails (OrderID,ProductID,UnitPrice,Quantity,Discount) VALUES (10615,55,24,5,0);
INSERT INTO OrderDetails (OrderID,ProductID,UnitPrice,Quantity,Discount) VALUES (10616,38,263.5,15,0.05);
INSERT INTO OrderDetails (OrderID,ProductID,UnitPrice,Quantity,Discount) VALUES (10616,56,38,14,0);
INSERT INTO OrderDetails (OrderID,ProductID,UnitPrice,Quantity,Discount) VALUES (10616,70,15,15,0.05);
INSERT INTO OrderDetails (OrderID,ProductID,UnitPrice,Quantity,Discount) VALUES (10616,71,21.5,15,0.05);
INSERT INTO OrderDetails (OrderID,ProductID,UnitPrice,Quantity,Discount) VALUES (10617,59,55,30,0.15);
INSERT INTO OrderDetails (OrderID,ProductID,UnitPrice,Quantity,Discount) VALUES (10618,6,25,70,0);
INSERT INTO OrderDetails (OrderID,ProductID,UnitPrice,Quantity,Discount) VALUES (10618,56,38,20,0);
INSERT INTO OrderDetails (OrderID,ProductID,UnitPrice,Quantity,Discount) VALUES (10618,68,12.5,15,0);
INSERT INTO OrderDetails (OrderID,ProductID,UnitPrice,Quantity,Discount) VALUES (10619,21,10,42,0);
INSERT INTO OrderDetails (OrderID,ProductID,UnitPrice,Quantity,Discount) VALUES (10619,22,21,40,0);
INSERT INTO OrderDetails (OrderID,ProductID,UnitPrice,Quantity,Discount) VALUES (10620,24,4.5,5,0);
INSERT INTO OrderDetails (OrderID,ProductID,UnitPrice,Quantity,Discount) VALUES (10620,52,7,5,0);
INSERT INTO OrderDetails (OrderID,ProductID,UnitPrice,Quantity,Discount) VALUES (10621,19,9.2,5,0);
INSERT INTO OrderDetails (OrderID,ProductID,UnitPrice,Quantity,Discount) VALUES (10621,23,9,10,0);
INSERT INTO OrderDetails (OrderID,ProductID,UnitPrice,Quantity,Discount) VALUES (10621,70,15,20,0);
INSERT INTO OrderDetails (OrderID,ProductID,UnitPrice,Quantity,Discount) VALUES (10621,71,21.5,15,0);
INSERT INTO OrderDetails (OrderID,ProductID,UnitPrice,Quantity,Discount) VALUES (10622,2,19,20,0);
INSERT INTO OrderDetails (OrderID,ProductID,UnitPrice,Quantity,Discount) VALUES (10622,68,12.5,18,0.2);
INSERT INTO OrderDetails (OrderID,ProductID,UnitPrice,Quantity,Discount) VALUES (10623,14,23.25,21,0);
INSERT INTO OrderDetails (OrderID,ProductID,UnitPrice,Quantity,Discount) VALUES (10623,19,9.2,15,0.1);
INSERT INTO OrderDetails (OrderID,ProductID,UnitPrice,Quantity,Discount) VALUES (10623,21,10,25,0.1);
INSERT INTO OrderDetails (OrderID,ProductID,UnitPrice,Quantity,Discount) VALUES (10623,24,4.5,3,0);
INSERT INTO OrderDetails (OrderID,ProductID,UnitPrice,Quantity,Discount) VALUES (10623,35,18,30,0.1);
INSERT INTO OrderDetails (OrderID,ProductID,UnitPrice,Quantity,Discount) VALUES (10624,28,45.6,10,0);
INSERT INTO OrderDetails (OrderID,ProductID,UnitPrice,Quantity,Discount) VALUES (10624,29,123.79,6,0);
INSERT INTO OrderDetails (OrderID,ProductID,UnitPrice,Quantity,Discount) VALUES (10624,44,19.45,10,0);
INSERT INTO OrderDetails (OrderID,ProductID,UnitPrice,Quantity,Discount) VALUES (10625,14,23.25,3,0);
INSERT INTO OrderDetails (OrderID,ProductID,UnitPrice,Quantity,Discount) VALUES (10625,42,14,5,0);
INSERT INTO OrderDetails (OrderID,ProductID,UnitPrice,Quantity,Discount) VALUES (10625,60,34,10,0);
INSERT INTO OrderDetails (OrderID,ProductID,UnitPrice,Quantity,Discount) VALUES (10626,53,32.8,12,0);
INSERT INTO OrderDetails (OrderID,ProductID,UnitPrice,Quantity,Discount) VALUES (10626,60,34,20,0);
INSERT INTO OrderDetails (OrderID,ProductID,UnitPrice,Quantity,Discount) VALUES (10626,71,21.5,20,0);
INSERT INTO OrderDetails (OrderID,ProductID,UnitPrice,Quantity,Discount) VALUES (10627,62,49.3,15,0);
INSERT INTO OrderDetails (OrderID,ProductID,UnitPrice,Quantity,Discount) VALUES (10627,73,15,35,0.15);
INSERT INTO OrderDetails (OrderID,ProductID,UnitPrice,Quantity,Discount) VALUES (10628,1,18,25,0);
INSERT INTO OrderDetails (OrderID,ProductID,UnitPrice,Quantity,Discount) VALUES (10629,29,123.79,20,0);
INSERT INTO OrderDetails (OrderID,ProductID,UnitPrice,Quantity,Discount) VALUES (10629,64,33.25,9,0);
INSERT INTO OrderDetails (OrderID,ProductID,UnitPrice,Quantity,Discount) VALUES (10630,55,24,12,0.05);
INSERT INTO OrderDetails (OrderID,ProductID,UnitPrice,Quantity,Discount) VALUES (10630,76,18,35,0);
INSERT INTO OrderDetails (OrderID,ProductID,UnitPrice,Quantity,Discount) VALUES (10631,75,7.75,8,0.1);
INSERT INTO OrderDetails (OrderID,ProductID,UnitPrice,Quantity,Discount) VALUES (10632,2,19,30,0.05);
INSERT INTO OrderDetails (OrderID,ProductID,UnitPrice,Quantity,Discount) VALUES (10632,33,2.5,20,0.05);
INSERT INTO OrderDetails (OrderID,ProductID,UnitPrice,Quantity,Discount) VALUES (10633,12,38,36,0.15);
INSERT INTO OrderDetails (OrderID,ProductID,UnitPrice,Quantity,Discount) VALUES (10633,13,6,13,0.15);
INSERT INTO OrderDetails (OrderID,ProductID,UnitPrice,Quantity,Discount) VALUES (10633,26,31.23,35,0.15);
INSERT INTO OrderDetails (OrderID,ProductID,UnitPrice,Quantity,Discount) VALUES (10633,62,49.3,80,0.15);
INSERT INTO OrderDetails (OrderID,ProductID,UnitPrice,Quantity,Discount) VALUES (10634,7,30,35,0);
INSERT INTO OrderDetails (OrderID,ProductID,UnitPrice,Quantity,Discount) VALUES (10634,18,62.5,50,0);
INSERT INTO OrderDetails (OrderID,ProductID,UnitPrice,Quantity,Discount) VALUES (10634,51,53,15,0);
INSERT INTO OrderDetails (OrderID,ProductID,UnitPrice,Quantity,Discount) VALUES (10634,75,7.75,2,0);
INSERT INTO OrderDetails (OrderID,ProductID,UnitPrice,Quantity,Discount) VALUES (10635,4,22,10,0.1);
INSERT INTO OrderDetails (OrderID,ProductID,UnitPrice,Quantity,Discount) VALUES (10635,5,21.35,15,0.1);
INSERT INTO OrderDetails (OrderID,ProductID,UnitPrice,Quantity,Discount) VALUES (10635,22,21,40,0);
INSERT INTO OrderDetails (OrderID,ProductID,UnitPrice,Quantity,Discount) VALUES (10636,4,22,25,0);
INSERT INTO OrderDetails (OrderID,ProductID,UnitPrice,Quantity,Discount) VALUES (10636,58,13.25,6,0);
INSERT INTO OrderDetails (OrderID,ProductID,UnitPrice,Quantity,Discount) VALUES (10637,11,21,10,0);
INSERT INTO OrderDetails (OrderID,ProductID,UnitPrice,Quantity,Discount) VALUES (10637,50,16.25,25,0.05);
INSERT INTO OrderDetails (OrderID,ProductID,UnitPrice,Quantity,Discount) VALUES (10637,56,38,60,0.05);
INSERT INTO OrderDetails (OrderID,ProductID,UnitPrice,Quantity,Discount) VALUES (10638,45,9.5,20,0);
INSERT INTO OrderDetails (OrderID,ProductID,UnitPrice,Quantity,Discount) VALUES (10638,65,21.05,21,0);
INSERT INTO OrderDetails (OrderID,ProductID,UnitPrice,Quantity,Discount) VALUES (10638,72,34.8,60,0);
INSERT INTO OrderDetails (OrderID,ProductID,UnitPrice,Quantity,Discount) VALUES (10639,18,62.5,8,0);
INSERT INTO OrderDetails (OrderID,ProductID,UnitPrice,Quantity,Discount) VALUES (10640,69,36,20,0.25);
INSERT INTO OrderDetails (OrderID,ProductID,UnitPrice,Quantity,Discount) VALUES (10640,70,15,15,0.25);
INSERT INTO OrderDetails (OrderID,ProductID,UnitPrice,Quantity,Discount) VALUES (10641,2,19,50,0);
INSERT INTO OrderDetails (OrderID,ProductID,UnitPrice,Quantity,Discount) VALUES (10641,40,18.4,60,0);
INSERT INTO OrderDetails (OrderID,ProductID,UnitPrice,Quantity,Discount) VALUES (10642,21,10,30,0.2);
INSERT INTO OrderDetails (OrderID,ProductID,UnitPrice,Quantity,Discount) VALUES (10642,61,28.5,20,0.2);
INSERT INTO OrderDetails (OrderID,ProductID,UnitPrice,Quantity,Discount) VALUES (10643,28,45.6,15,0.25);
INSERT INTO OrderDetails (OrderID,ProductID,UnitPrice,Quantity,Discount) VALUES (10643,39,18,21,0.25);
INSERT INTO OrderDetails (OrderID,ProductID,UnitPrice,Quantity,Discount) VALUES (10643,46,12,2,0.25);
INSERT INTO OrderDetails (OrderID,ProductID,UnitPrice,Quantity,Discount) VALUES (10644,18,62.5,4,0.1);
INSERT INTO OrderDetails (OrderID,ProductID,UnitPrice,Quantity,Discount) VALUES (10644,43,46,20,0);
INSERT INTO OrderDetails (OrderID,ProductID,UnitPrice,Quantity,Discount) VALUES (10644,46,12,21,0.1);
INSERT INTO OrderDetails (OrderID,ProductID,UnitPrice,Quantity,Discount) VALUES (10645,18,62.5,20,0);
INSERT INTO OrderDetails (OrderID,ProductID,UnitPrice,Quantity,Discount) VALUES (10645,36,19,15,0);
INSERT INTO OrderDetails (OrderID,ProductID,UnitPrice,Quantity,Discount) VALUES (10646,1,18,15,0.25);
INSERT INTO OrderDetails (OrderID,ProductID,UnitPrice,Quantity,Discount) VALUES (10646,10,31,18,0.25);
INSERT INTO OrderDetails (OrderID,ProductID,UnitPrice,Quantity,Discount) VALUES (10646,71,21.5,30,0.25);
INSERT INTO OrderDetails (OrderID,ProductID,UnitPrice,Quantity,Discount) VALUES (10646,77,13,35,0.25);
INSERT INTO OrderDetails (OrderID,ProductID,UnitPrice,Quantity,Discount) VALUES (10647,19,9.2,30,0);
INSERT INTO OrderDetails (OrderID,ProductID,UnitPrice,Quantity,Discount) VALUES (10647,39,18,20,0);
INSERT INTO OrderDetails (OrderID,ProductID,UnitPrice,Quantity,Discount) VALUES (10648,22,21,15,0);
INSERT INTO OrderDetails (OrderID,ProductID,UnitPrice,Quantity,Discount) VALUES (10648,24,4.5,15,0.15);
INSERT INTO OrderDetails (OrderID,ProductID,UnitPrice,Quantity,Discount) VALUES (10649,28,45.6,20,0);
INSERT INTO OrderDetails (OrderID,ProductID,UnitPrice,Quantity,Discount) VALUES (10649,72,34.8,15,0);
INSERT INTO OrderDetails (OrderID,ProductID,UnitPrice,Quantity,Discount) VALUES (10650,30,25.89,30,0);
INSERT INTO OrderDetails (OrderID,ProductID,UnitPrice,Quantity,Discount) VALUES (10650,53,32.8,25,0.05);
INSERT INTO OrderDetails (OrderID,ProductID,UnitPrice,Quantity,Discount) VALUES (10650,54,7.45,30,0);
INSERT INTO OrderDetails (OrderID,ProductID,UnitPrice,Quantity,Discount) VALUES (10651,19,9.2,12,0.25);
INSERT INTO OrderDetails (OrderID,ProductID,UnitPrice,Quantity,Discount) VALUES (10651,22,21,20,0.25);
INSERT INTO OrderDetails (OrderID,ProductID,UnitPrice,Quantity,Discount) VALUES (10652,30,25.89,2,0.25);
INSERT INTO OrderDetails (OrderID,ProductID,UnitPrice,Quantity,Discount) VALUES (10652,42,14,20,0);
INSERT INTO OrderDetails (OrderID,ProductID,UnitPrice,Quantity,Discount) VALUES (10653,16,17.45,30,0.1);
INSERT INTO OrderDetails (OrderID,ProductID,UnitPrice,Quantity,Discount) VALUES (10653,60,34,20,0.1);
INSERT INTO OrderDetails (OrderID,ProductID,UnitPrice,Quantity,Discount) VALUES (10654,4,22,12,0.1);
INSERT INTO OrderDetails (OrderID,ProductID,UnitPrice,Quantity,Discount) VALUES (10654,39,18,20,0.1);
INSERT INTO OrderDetails (OrderID,ProductID,UnitPrice,Quantity,Discount) VALUES (10654,54,7.45,6,0.1);
INSERT INTO OrderDetails (OrderID,ProductID,UnitPrice,Quantity,Discount) VALUES (10655,41,9.65,20,0.2);
INSERT INTO OrderDetails (OrderID,ProductID,UnitPrice,Quantity,Discount) VALUES (10656,14,23.25,3,0.1);
INSERT INTO OrderDetails (OrderID,ProductID,UnitPrice,Quantity,Discount) VALUES (10656,44,19.45,28,0.1);
INSERT INTO OrderDetails (OrderID,ProductID,UnitPrice,Quantity,Discount) VALUES (10656,47,9.5,6,0.1);
INSERT INTO OrderDetails (OrderID,ProductID,UnitPrice,Quantity,Discount) VALUES (10657,15,15.5,50,0);
INSERT INTO OrderDetails (OrderID,ProductID,UnitPrice,Quantity,Discount) VALUES (10657,41,9.65,24,0);
INSERT INTO OrderDetails (OrderID,ProductID,UnitPrice,Quantity,Discount) VALUES (10657,46,12,45,0);
INSERT INTO OrderDetails (OrderID,ProductID,UnitPrice,Quantity,Discount) VALUES (10657,47,9.5,10,0);
INSERT INTO OrderDetails (OrderID,ProductID,UnitPrice,Quantity,Discount) VALUES (10657,56,38,45,0);
INSERT INTO OrderDetails (OrderID,ProductID,UnitPrice,Quantity,Discount) VALUES (10657,60,34,30,0);
INSERT INTO OrderDetails (OrderID,ProductID,UnitPrice,Quantity,Discount) VALUES (10658,21,10,60,0);
INSERT INTO OrderDetails (OrderID,ProductID,UnitPrice,Quantity,Discount) VALUES (10658,40,18.4,70,0.05);
INSERT INTO OrderDetails (OrderID,ProductID,UnitPrice,Quantity,Discount) VALUES (10658,60,34,55,0.05);
INSERT INTO OrderDetails (OrderID,ProductID,UnitPrice,Quantity,Discount) VALUES (10658,77,13,70,0.05);
INSERT INTO OrderDetails (OrderID,ProductID,UnitPrice,Quantity,Discount) VALUES (10659,31,12.5,20,0.05);
INSERT INTO OrderDetails (OrderID,ProductID,UnitPrice,Quantity,Discount) VALUES (10659,40,18.4,24,0.05);
INSERT INTO OrderDetails (OrderID,ProductID,UnitPrice,Quantity,Discount) VALUES (10659,70,15,40,0.05);
INSERT INTO OrderDetails (OrderID,ProductID,UnitPrice,Quantity,Discount) VALUES (10660,20,81,21,0);
INSERT INTO OrderDetails (OrderID,ProductID,UnitPrice,Quantity,Discount) VALUES (10661,39,18,3,0.2);
INSERT INTO OrderDetails (OrderID,ProductID,UnitPrice,Quantity,Discount) VALUES (10661,58,13.25,49,0.2);
INSERT INTO OrderDetails (OrderID,ProductID,UnitPrice,Quantity,Discount) VALUES (10662,68,12.5,10,0);
INSERT INTO OrderDetails (OrderID,ProductID,UnitPrice,Quantity,Discount) VALUES (10663,40,18.4,30,0.05);
INSERT INTO OrderDetails (OrderID,ProductID,UnitPrice,Quantity,Discount) VALUES (10663,42,14,30,0.05);
INSERT INTO OrderDetails (OrderID,ProductID,UnitPrice,Quantity,Discount) VALUES (10663,51,53,20,0.05);
INSERT INTO OrderDetails (OrderID,ProductID,UnitPrice,Quantity,Discount) VALUES (10664,10,31,24,0.15);
INSERT INTO OrderDetails (OrderID,ProductID,UnitPrice,Quantity,Discount) VALUES (10664,56,38,12,0.15);
INSERT INTO OrderDetails (OrderID,ProductID,UnitPrice,Quantity,Discount) VALUES (10664,65,21.05,15,0.15);
INSERT INTO OrderDetails (OrderID,ProductID,UnitPrice,Quantity,Discount) VALUES (10665,51,53,20,0);
INSERT INTO OrderDetails (OrderID,ProductID,UnitPrice,Quantity,Discount) VALUES (10665,59,55,1,0);
INSERT INTO OrderDetails (OrderID,ProductID,UnitPrice,Quantity,Discount) VALUES (10665,76,18,10,0);
INSERT INTO OrderDetails (OrderID,ProductID,UnitPrice,Quantity,Discount) VALUES (10666,29,123.79,36,0);
INSERT INTO OrderDetails (OrderID,ProductID,UnitPrice,Quantity,Discount) VALUES (10666,65,21.05,10,0);
INSERT INTO OrderDetails (OrderID,ProductID,UnitPrice,Quantity,Discount) VALUES (10667,69,36,45,0.2);
INSERT INTO OrderDetails (OrderID,ProductID,UnitPrice,Quantity,Discount) VALUES (10667,71,21.5,14,0.2);
INSERT INTO OrderDetails (OrderID,ProductID,UnitPrice,Quantity,Discount) VALUES (10668,31,12.5,8,0.1);
INSERT INTO OrderDetails (OrderID,ProductID,UnitPrice,Quantity,Discount) VALUES (10668,55,24,4,0.1);
INSERT INTO OrderDetails (OrderID,ProductID,UnitPrice,Quantity,Discount) VALUES (10668,64,33.25,15,0.1);
INSERT INTO OrderDetails (OrderID,ProductID,UnitPrice,Quantity,Discount) VALUES (10669,36,19,30,0);
INSERT INTO OrderDetails (OrderID,ProductID,UnitPrice,Quantity,Discount) VALUES (10670,23,9,32,0);
INSERT INTO OrderDetails (OrderID,ProductID,UnitPrice,Quantity,Discount) VALUES (10670,46,12,60,0);
INSERT INTO OrderDetails (OrderID,ProductID,UnitPrice,Quantity,Discount) VALUES (10670,67,14,25,0);
INSERT INTO OrderDetails (OrderID,ProductID,UnitPrice,Quantity,Discount) VALUES (10670,73,15,50,0);
INSERT INTO OrderDetails (OrderID,ProductID,UnitPrice,Quantity,Discount) VALUES (10670,75,7.75,25,0);
INSERT INTO OrderDetails (OrderID,ProductID,UnitPrice,Quantity,Discount) VALUES (10671,16,17.45,10,0);
INSERT INTO OrderDetails (OrderID,ProductID,UnitPrice,Quantity,Discount) VALUES (10671,62,49.3,10,0);
INSERT INTO OrderDetails (OrderID,ProductID,UnitPrice,Quantity,Discount) VALUES (10671,65,21.05,12,0);
INSERT INTO OrderDetails (OrderID,ProductID,UnitPrice,Quantity,Discount) VALUES (10672,38,263.5,15,0.1);
INSERT INTO OrderDetails (OrderID,ProductID,UnitPrice,Quantity,Discount) VALUES (10672,71,21.5,12,0);
INSERT INTO OrderDetails (OrderID,ProductID,UnitPrice,Quantity,Discount) VALUES (10673,16,17.45,3,0);
INSERT INTO OrderDetails (OrderID,ProductID,UnitPrice,Quantity,Discount) VALUES (10673,42,14,6,0);
INSERT INTO OrderDetails (OrderID,ProductID,UnitPrice,Quantity,Discount) VALUES (10673,43,46,6,0);
INSERT INTO OrderDetails (OrderID,ProductID,UnitPrice,Quantity,Discount) VALUES (10674,23,9,5,0);
INSERT INTO OrderDetails (OrderID,ProductID,UnitPrice,Quantity,Discount) VALUES (10675,14,23.25,30,0);
INSERT INTO OrderDetails (OrderID,ProductID,UnitPrice,Quantity,Discount) VALUES (10675,53,32.8,10,0);
INSERT INTO OrderDetails (OrderID,ProductID,UnitPrice,Quantity,Discount) VALUES (10675,58,13.25,30,0);
INSERT INTO OrderDetails (OrderID,ProductID,UnitPrice,Quantity,Discount) VALUES (10676,10,31,2,0);
INSERT INTO OrderDetails (OrderID,ProductID,UnitPrice,Quantity,Discount) VALUES (10676,19,9.2,7,0);
INSERT INTO OrderDetails (OrderID,ProductID,UnitPrice,Quantity,Discount) VALUES (10676,44,19.45,21,0);
INSERT INTO OrderDetails (OrderID,ProductID,UnitPrice,Quantity,Discount) VALUES (10677,26,31.23,30,0.15);
INSERT INTO OrderDetails (OrderID,ProductID,UnitPrice,Quantity,Discount) VALUES (10677,33,2.5,8,0.15);
INSERT INTO OrderDetails (OrderID,ProductID,UnitPrice,Quantity,Discount) VALUES (10678,12,38,100,0);
INSERT INTO OrderDetails (OrderID,ProductID,UnitPrice,Quantity,Discount) VALUES (10678,33,2.5,30,0);
INSERT INTO OrderDetails (OrderID,ProductID,UnitPrice,Quantity,Discount) VALUES (10678,41,9.65,120,0);
INSERT INTO OrderDetails (OrderID,ProductID,UnitPrice,Quantity,Discount) VALUES (10678,54,7.45,30,0);
INSERT INTO OrderDetails (OrderID,ProductID,UnitPrice,Quantity,Discount) VALUES (10679,59,55,12,0);
INSERT INTO OrderDetails (OrderID,ProductID,UnitPrice,Quantity,Discount) VALUES (10680,16,17.45,50,0.25);
INSERT INTO OrderDetails (OrderID,ProductID,UnitPrice,Quantity,Discount) VALUES (10680,31,12.5,20,0.25);
INSERT INTO OrderDetails (OrderID,ProductID,UnitPrice,Quantity,Discount) VALUES (10680,42,14,40,0.25);
INSERT INTO OrderDetails (OrderID,ProductID,UnitPrice,Quantity,Discount) VALUES (10681,19,9.2,30,0.1);
INSERT INTO OrderDetails (OrderID,ProductID,UnitPrice,Quantity,Discount) VALUES (10681,21,10,12,0.1);
INSERT INTO OrderDetails (OrderID,ProductID,UnitPrice,Quantity,Discount) VALUES (10681,64,33.25,28,0);
INSERT INTO OrderDetails (OrderID,ProductID,UnitPrice,Quantity,Discount) VALUES (10682,33,2.5,30,0);
INSERT INTO OrderDetails (OrderID,ProductID,UnitPrice,Quantity,Discount) VALUES (10682,66,17,4,0);
INSERT INTO OrderDetails (OrderID,ProductID,UnitPrice,Quantity,Discount) VALUES (10682,75,7.75,30,0);
INSERT INTO OrderDetails (OrderID,ProductID,UnitPrice,Quantity,Discount) VALUES (10683,52,7,9,0);
INSERT INTO OrderDetails (OrderID,ProductID,UnitPrice,Quantity,Discount) VALUES (10684,40,18.4,20,0);
INSERT INTO OrderDetails (OrderID,ProductID,UnitPrice,Quantity,Discount) VALUES (10684,47,9.5,40,0);
INSERT INTO OrderDetails (OrderID,ProductID,UnitPrice,Quantity,Discount) VALUES (10684,60,34,30,0);
INSERT INTO OrderDetails (OrderID,ProductID,UnitPrice,Quantity,Discount) VALUES (10685,10,31,20,0);
INSERT INTO OrderDetails (OrderID,ProductID,UnitPrice,Quantity,Discount) VALUES (10685,41,9.65,4,0);
INSERT INTO OrderDetails (OrderID,ProductID,UnitPrice,Quantity,Discount) VALUES (10685,47,9.5,15,0);
INSERT INTO OrderDetails (OrderID,ProductID,UnitPrice,Quantity,Discount) VALUES (10686,17,39,30,0.2);
INSERT INTO OrderDetails (OrderID,ProductID,UnitPrice,Quantity,Discount) VALUES (10686,26,31.23,15,0);
INSERT INTO OrderDetails (OrderID,ProductID,UnitPrice,Quantity,Discount) VALUES (10687,9,97,50,0.25);
INSERT INTO OrderDetails (OrderID,ProductID,UnitPrice,Quantity,Discount) VALUES (10687,29,123.79,10,0);
INSERT INTO OrderDetails (OrderID,ProductID,UnitPrice,Quantity,Discount) VALUES (10687,36,19,6,0.25);
INSERT INTO OrderDetails (OrderID,ProductID,UnitPrice,Quantity,Discount) VALUES (10688,10,31,18,0.1);
INSERT INTO OrderDetails (OrderID,ProductID,UnitPrice,Quantity,Discount) VALUES (10688,28,45.6,60,0.1);
INSERT INTO OrderDetails (OrderID,ProductID,UnitPrice,Quantity,Discount) VALUES (10688,34,14,14,0);
INSERT INTO OrderDetails (OrderID,ProductID,UnitPrice,Quantity,Discount) VALUES (10689,1,18,35,0.25);
INSERT INTO OrderDetails (OrderID,ProductID,UnitPrice,Quantity,Discount) VALUES (10690,56,38,20,0.25);
INSERT INTO OrderDetails (OrderID,ProductID,UnitPrice,Quantity,Discount) VALUES (10690,77,13,30,0.25);
INSERT INTO OrderDetails (OrderID,ProductID,UnitPrice,Quantity,Discount) VALUES (10691,1,18,30,0);
INSERT INTO OrderDetails (OrderID,ProductID,UnitPrice,Quantity,Discount) VALUES (10691,29,123.79,40,0);
INSERT INTO OrderDetails (OrderID,ProductID,UnitPrice,Quantity,Discount) VALUES (10691,43,46,40,0);
INSERT INTO OrderDetails (OrderID,ProductID,UnitPrice,Quantity,Discount) VALUES (10691,44,19.45,24,0);
INSERT INTO OrderDetails (OrderID,ProductID,UnitPrice,Quantity,Discount) VALUES (10691,62,49.3,48,0);
INSERT INTO OrderDetails (OrderID,ProductID,UnitPrice,Quantity,Discount) VALUES (10692,63,43.9,20,0);
INSERT INTO OrderDetails (OrderID,ProductID,UnitPrice,Quantity,Discount) VALUES (10693,9,97,6,0);
INSERT INTO OrderDetails (OrderID,ProductID,UnitPrice,Quantity,Discount) VALUES (10693,54,7.45,60,0.15);
INSERT INTO OrderDetails (OrderID,ProductID,UnitPrice,Quantity,Discount) VALUES (10693,69,36,30,0.15);
INSERT INTO OrderDetails (OrderID,ProductID,UnitPrice,Quantity,Discount) VALUES (10693,73,15,15,0.15);
INSERT INTO OrderDetails (OrderID,ProductID,UnitPrice,Quantity,Discount) VALUES (10694,7,30,90,0);
INSERT INTO OrderDetails (OrderID,ProductID,UnitPrice,Quantity,Discount) VALUES (10694,59,55,25,0);
INSERT INTO OrderDetails (OrderID,ProductID,UnitPrice,Quantity,Discount) VALUES (10694,70,15,50,0);
INSERT INTO OrderDetails (OrderID,ProductID,UnitPrice,Quantity,Discount) VALUES (10695,8,40,10,0);
INSERT INTO OrderDetails (OrderID,ProductID,UnitPrice,Quantity,Discount) VALUES (10695,12,38,4,0);
INSERT INTO OrderDetails (OrderID,ProductID,UnitPrice,Quantity,Discount) VALUES (10695,24,4.5,20,0);
INSERT INTO OrderDetails (OrderID,ProductID,UnitPrice,Quantity,Discount) VALUES (10696,17,39,20,0);
INSERT INTO OrderDetails (OrderID,ProductID,UnitPrice,Quantity,Discount) VALUES (10696,46,12,18,0);
INSERT INTO OrderDetails (OrderID,ProductID,UnitPrice,Quantity,Discount) VALUES (10697,19,9.2,7,0.25);
INSERT INTO OrderDetails (OrderID,ProductID,UnitPrice,Quantity,Discount) VALUES (10697,35,18,9,0.25);
INSERT INTO OrderDetails (OrderID,ProductID,UnitPrice,Quantity,Discount) VALUES (10697,58,13.25,30,0.25);
INSERT INTO OrderDetails (OrderID,ProductID,UnitPrice,Quantity,Discount) VALUES (10697,70,15,30,0.25);
INSERT INTO OrderDetails (OrderID,ProductID,UnitPrice,Quantity,Discount) VALUES (10698,11,21,15,0);
INSERT INTO OrderDetails (OrderID,ProductID,UnitPrice,Quantity,Discount) VALUES (10698,17,39,8,0.05);
INSERT INTO OrderDetails (OrderID,ProductID,UnitPrice,Quantity,Discount) VALUES (10698,29,123.79,12,0.05);
INSERT INTO OrderDetails (OrderID,ProductID,UnitPrice,Quantity,Discount) VALUES (10698,65,21.05,65,0.05);
INSERT INTO OrderDetails (OrderID,ProductID,UnitPrice,Quantity,Discount) VALUES (10698,70,15,8,0.05);
INSERT INTO OrderDetails (OrderID,ProductID,UnitPrice,Quantity,Discount) VALUES (10699,47,9.5,12,0);
INSERT INTO OrderDetails (OrderID,ProductID,UnitPrice,Quantity,Discount) VALUES (10700,1,18,5,0.2);
INSERT INTO OrderDetails (OrderID,ProductID,UnitPrice,Quantity,Discount) VALUES (10700,34,14,12,0.2);
INSERT INTO OrderDetails (OrderID,ProductID,UnitPrice,Quantity,Discount) VALUES (10700,68,12.5,40,0.2);
INSERT INTO OrderDetails (OrderID,ProductID,UnitPrice,Quantity,Discount) VALUES (10700,71,21.5,60,0.2);
INSERT INTO OrderDetails (OrderID,ProductID,UnitPrice,Quantity,Discount) VALUES (10701,59,55,42,0.15);
INSERT INTO OrderDetails (OrderID,ProductID,UnitPrice,Quantity,Discount) VALUES (10701,71,21.5,20,0.15);
INSERT INTO OrderDetails (OrderID,ProductID,UnitPrice,Quantity,Discount) VALUES (10701,76,18,35,0.15);
INSERT INTO OrderDetails (OrderID,ProductID,UnitPrice,Quantity,Discount) VALUES (10702,3,10,6,0);
INSERT INTO OrderDetails (OrderID,ProductID,UnitPrice,Quantity,Discount) VALUES (10702,76,18,15,0);
INSERT INTO OrderDetails (OrderID,ProductID,UnitPrice,Quantity,Discount) VALUES (10703,2,19,5,0);
INSERT INTO OrderDetails (OrderID,ProductID,UnitPrice,Quantity,Discount) VALUES (10703,59,55,35,0);
INSERT INTO OrderDetails (OrderID,ProductID,UnitPrice,Quantity,Discount) VALUES (10703,73,15,35,0);
INSERT INTO OrderDetails (OrderID,ProductID,UnitPrice,Quantity,Discount) VALUES (10704,4,22,6,0);
INSERT INTO OrderDetails (OrderID,ProductID,UnitPrice,Quantity,Discount) VALUES (10704,24,4.5,35,0);
INSERT INTO OrderDetails (OrderID,ProductID,UnitPrice,Quantity,Discount) VALUES (10704,48,12.75,24,0);
INSERT INTO OrderDetails (OrderID,ProductID,UnitPrice,Quantity,Discount) VALUES (10705,31,12.5,20,0);
INSERT INTO OrderDetails (OrderID,ProductID,UnitPrice,Quantity,Discount) VALUES (10705,32,32,4,0);
INSERT INTO OrderDetails (OrderID,ProductID,UnitPrice,Quantity,Discount) VALUES (10706,16,17.45,20,0);
INSERT INTO OrderDetails (OrderID,ProductID,UnitPrice,Quantity,Discount) VALUES (10706,43,46,24,0);
INSERT INTO OrderDetails (OrderID,ProductID,UnitPrice,Quantity,Discount) VALUES (10706,59,55,8,0);
INSERT INTO OrderDetails (OrderID,ProductID,UnitPrice,Quantity,Discount) VALUES (10707,55,24,21,0);
INSERT INTO OrderDetails (OrderID,ProductID,UnitPrice,Quantity,Discount) VALUES (10707,57,19.5,40,0);
INSERT INTO OrderDetails (OrderID,ProductID,UnitPrice,Quantity,Discount) VALUES (10707,70,15,28,0.15);
INSERT INTO OrderDetails (OrderID,ProductID,UnitPrice,Quantity,Discount) VALUES (10708,5,21.35,4,0);
INSERT INTO OrderDetails (OrderID,ProductID,UnitPrice,Quantity,Discount) VALUES (10708,36,19,5,0);
INSERT INTO OrderDetails (OrderID,ProductID,UnitPrice,Quantity,Discount) VALUES (10709,8,40,40,0);
INSERT INTO OrderDetails (OrderID,ProductID,UnitPrice,Quantity,Discount) VALUES (10709,51,53,28,0);
INSERT INTO OrderDetails (OrderID,ProductID,UnitPrice,Quantity,Discount) VALUES (10709,60,34,10,0);
INSERT INTO OrderDetails (OrderID,ProductID,UnitPrice,Quantity,Discount) VALUES (10710,19,9.2,5,0);
INSERT INTO OrderDetails (OrderID,ProductID,UnitPrice,Quantity,Discount) VALUES (10710,47,9.5,5,0);
INSERT INTO OrderDetails (OrderID,ProductID,UnitPrice,Quantity,Discount) VALUES (10711,19,9.2,12,0);
INSERT INTO OrderDetails (OrderID,ProductID,UnitPrice,Quantity,Discount) VALUES (10711,41,9.65,42,0);
INSERT INTO OrderDetails (OrderID,ProductID,UnitPrice,Quantity,Discount) VALUES (10711,53,32.8,120,0);
INSERT INTO OrderDetails (OrderID,ProductID,UnitPrice,Quantity,Discount) VALUES (10712,53,32.8,3,0.05);
INSERT INTO OrderDetails (OrderID,ProductID,UnitPrice,Quantity,Discount) VALUES (10712,56,38,30,0);
INSERT INTO OrderDetails (OrderID,ProductID,UnitPrice,Quantity,Discount) VALUES (10713,10,31,18,0);
INSERT INTO OrderDetails (OrderID,ProductID,UnitPrice,Quantity,Discount) VALUES (10713,26,31.23,30,0);
INSERT INTO OrderDetails (OrderID,ProductID,UnitPrice,Quantity,Discount) VALUES (10713,45,9.5,110,0);
INSERT INTO OrderDetails (OrderID,ProductID,UnitPrice,Quantity,Discount) VALUES (10713,46,12,24,0);
INSERT INTO OrderDetails (OrderID,ProductID,UnitPrice,Quantity,Discount) VALUES (10714,2,19,30,0.25);
INSERT INTO OrderDetails (OrderID,ProductID,UnitPrice,Quantity,Discount) VALUES (10714,17,39,27,0.25);
INSERT INTO OrderDetails (OrderID,ProductID,UnitPrice,Quantity,Discount) VALUES (10714,47,9.5,50,0.25);
INSERT INTO OrderDetails (OrderID,ProductID,UnitPrice,Quantity,Discount) VALUES (10714,56,38,18,0.25);
INSERT INTO OrderDetails (OrderID,ProductID,UnitPrice,Quantity,Discount) VALUES (10714,58,13.25,12,0.25);
INSERT INTO OrderDetails (OrderID,ProductID,UnitPrice,Quantity,Discount) VALUES (10715,10,31,21,0);
INSERT INTO OrderDetails (OrderID,ProductID,UnitPrice,Quantity,Discount) VALUES (10715,71,21.5,30,0);
INSERT INTO OrderDetails (OrderID,ProductID,UnitPrice,Quantity,Discount) VALUES (10716,21,10,5,0);
INSERT INTO OrderDetails (OrderID,ProductID,UnitPrice,Quantity,Discount) VALUES (10716,51,53,7,0);
INSERT INTO OrderDetails (OrderID,ProductID,UnitPrice,Quantity,Discount) VALUES (10716,61,28.5,10,0);
INSERT INTO OrderDetails (OrderID,ProductID,UnitPrice,Quantity,Discount) VALUES (10717,21,10,32,0.05);
INSERT INTO OrderDetails (OrderID,ProductID,UnitPrice,Quantity,Discount) VALUES (10717,54,7.45,15,0);
INSERT INTO OrderDetails (OrderID,ProductID,UnitPrice,Quantity,Discount) VALUES (10717,69,36,25,0.05);
INSERT INTO OrderDetails (OrderID,ProductID,UnitPrice,Quantity,Discount) VALUES (10718,12,38,36,0);
INSERT INTO OrderDetails (OrderID,ProductID,UnitPrice,Quantity,Discount) VALUES (10718,16,17.45,20,0);
INSERT INTO OrderDetails (OrderID,ProductID,UnitPrice,Quantity,Discount) VALUES (10718,36,19,40,0);
INSERT INTO OrderDetails (OrderID,ProductID,UnitPrice,Quantity,Discount) VALUES (10718,62,49.3,20,0);
INSERT INTO OrderDetails (OrderID,ProductID,UnitPrice,Quantity,Discount) VALUES (10719,18,62.5,12,0.25);
INSERT INTO OrderDetails (OrderID,ProductID,UnitPrice,Quantity,Discount) VALUES (10719,30,25.89,3,0.25);
INSERT INTO OrderDetails (OrderID,ProductID,UnitPrice,Quantity,Discount) VALUES (10719,54,7.45,40,0.25);
INSERT INTO OrderDetails (OrderID,ProductID,UnitPrice,Quantity,Discount) VALUES (10720,35,18,21,0);
INSERT INTO OrderDetails (OrderID,ProductID,UnitPrice,Quantity,Discount) VALUES (10720,71,21.5,8,0);
INSERT INTO OrderDetails (OrderID,ProductID,UnitPrice,Quantity,Discount) VALUES (10721,44,19.45,50,0.05);
INSERT INTO OrderDetails (OrderID,ProductID,UnitPrice,Quantity,Discount) VALUES (10722,2,19,3,0);
INSERT INTO OrderDetails (OrderID,ProductID,UnitPrice,Quantity,Discount) VALUES (10722,31,12.5,50,0);
INSERT INTO OrderDetails (OrderID,ProductID,UnitPrice,Quantity,Discount) VALUES (10722,68,12.5,45,0);
INSERT INTO OrderDetails (OrderID,ProductID,UnitPrice,Quantity,Discount) VALUES (10722,75,7.75,42,0);
INSERT INTO OrderDetails (OrderID,ProductID,UnitPrice,Quantity,Discount) VALUES (10723,26,31.23,15,0);
INSERT INTO OrderDetails (OrderID,ProductID,UnitPrice,Quantity,Discount) VALUES (10724,10,31,16,0);
INSERT INTO OrderDetails (OrderID,ProductID,UnitPrice,Quantity,Discount) VALUES (10724,61,28.5,5,0);
INSERT INTO OrderDetails (OrderID,ProductID,UnitPrice,Quantity,Discount) VALUES (10725,41,9.65,12,0);
INSERT INTO OrderDetails (OrderID,ProductID,UnitPrice,Quantity,Discount) VALUES (10725,52,7,4,0);
INSERT INTO OrderDetails (OrderID,ProductID,UnitPrice,Quantity,Discount) VALUES (10725,55,24,6,0);
INSERT INTO OrderDetails (OrderID,ProductID,UnitPrice,Quantity,Discount) VALUES (10726,4,22,25,0);
INSERT INTO OrderDetails (OrderID,ProductID,UnitPrice,Quantity,Discount) VALUES (10726,11,21,5,0);
INSERT INTO OrderDetails (OrderID,ProductID,UnitPrice,Quantity,Discount) VALUES (10727,17,39,20,0.05);
INSERT INTO OrderDetails (OrderID,ProductID,UnitPrice,Quantity,Discount) VALUES (10727,56,38,10,0.05);
INSERT INTO OrderDetails (OrderID,ProductID,UnitPrice,Quantity,Discount) VALUES (10727,59,55,10,0.05);
INSERT INTO OrderDetails (OrderID,ProductID,UnitPrice,Quantity,Discount) VALUES (10728,30,25.89,15,0);
INSERT INTO OrderDetails (OrderID,ProductID,UnitPrice,Quantity,Discount) VALUES (10728,40,18.4,6,0);
INSERT INTO OrderDetails (OrderID,ProductID,UnitPrice,Quantity,Discount) VALUES (10728,55,24,12,0);
INSERT INTO OrderDetails (OrderID,ProductID,UnitPrice,Quantity,Discount) VALUES (10728,60,34,15,0);
INSERT INTO OrderDetails (OrderID,ProductID,UnitPrice,Quantity,Discount) VALUES (10729,1,18,50,0);
INSERT INTO OrderDetails (OrderID,ProductID,UnitPrice,Quantity,Discount) VALUES (10729,21,10,30,0);
INSERT INTO OrderDetails (OrderID,ProductID,UnitPrice,Quantity,Discount) VALUES (10729,50,16.25,40,0);
INSERT INTO OrderDetails (OrderID,ProductID,UnitPrice,Quantity,Discount) VALUES (10730,16,17.45,15,0.05);
INSERT INTO OrderDetails (OrderID,ProductID,UnitPrice,Quantity,Discount) VALUES (10730,31,12.5,3,0.05);
INSERT INTO OrderDetails (OrderID,ProductID,UnitPrice,Quantity,Discount) VALUES (10730,65,21.05,10,0.05);
INSERT INTO OrderDetails (OrderID,ProductID,UnitPrice,Quantity,Discount) VALUES (10731,21,10,40,0.05);
INSERT INTO OrderDetails (OrderID,ProductID,UnitPrice,Quantity,Discount) VALUES (10731,51,53,30,0.05);
INSERT INTO OrderDetails (OrderID,ProductID,UnitPrice,Quantity,Discount) VALUES (10732,76,18,20,0);
INSERT INTO OrderDetails (OrderID,ProductID,UnitPrice,Quantity,Discount) VALUES (10733,14,23.25,16,0);
INSERT INTO OrderDetails (OrderID,ProductID,UnitPrice,Quantity,Discount) VALUES (10733,28,45.6,20,0);
INSERT INTO OrderDetails (OrderID,ProductID,UnitPrice,Quantity,Discount) VALUES (10733,52,7,25,0);
INSERT INTO OrderDetails (OrderID,ProductID,UnitPrice,Quantity,Discount) VALUES (10734,6,25,30,0);
INSERT INTO OrderDetails (OrderID,ProductID,UnitPrice,Quantity,Discount) VALUES (10734,30,25.89,15,0);
INSERT INTO OrderDetails (OrderID,ProductID,UnitPrice,Quantity,Discount) VALUES (10734,76,18,20,0);
INSERT INTO OrderDetails (OrderID,ProductID,UnitPrice,Quantity,Discount) VALUES (10735,61,28.5,20,0.1);
INSERT INTO OrderDetails (OrderID,ProductID,UnitPrice,Quantity,Discount) VALUES (10735,77,13,2,0.1);
INSERT INTO OrderDetails (OrderID,ProductID,UnitPrice,Quantity,Discount) VALUES (10736,65,21.05,40,0);
INSERT INTO OrderDetails (OrderID,ProductID,UnitPrice,Quantity,Discount) VALUES (10736,75,7.75,20,0);
INSERT INTO OrderDetails (OrderID,ProductID,UnitPrice,Quantity,Discount) VALUES (10737,13,6,4,0);
INSERT INTO OrderDetails (OrderID,ProductID,UnitPrice,Quantity,Discount) VALUES (10737,41,9.65,12,0);
INSERT INTO OrderDetails (OrderID,ProductID,UnitPrice,Quantity,Discount) VALUES (10738,16,17.45,3,0);
INSERT INTO OrderDetails (OrderID,ProductID,UnitPrice,Quantity,Discount) VALUES (10739,36,19,6,0);
INSERT INTO OrderDetails (OrderID,ProductID,UnitPrice,Quantity,Discount) VALUES (10739,52,7,18,0);
INSERT INTO OrderDetails (OrderID,ProductID,UnitPrice,Quantity,Discount) VALUES (10740,28,45.6,5,0.2);
INSERT INTO OrderDetails (OrderID,ProductID,UnitPrice,Quantity,Discount) VALUES (10740,35,18,35,0.2);
INSERT INTO OrderDetails (OrderID,ProductID,UnitPrice,Quantity,Discount) VALUES (10740,45,9.5,40,0.2);
INSERT INTO OrderDetails (OrderID,ProductID,UnitPrice,Quantity,Discount) VALUES (10740,56,38,14,0.2);
INSERT INTO OrderDetails (OrderID,ProductID,UnitPrice,Quantity,Discount) VALUES (10741,2,19,15,0.2);
INSERT INTO OrderDetails (OrderID,ProductID,UnitPrice,Quantity,Discount) VALUES (10742,3,10,20,0);
INSERT INTO OrderDetails (OrderID,ProductID,UnitPrice,Quantity,Discount) VALUES (10742,60,34,50,0);
INSERT INTO OrderDetails (OrderID,ProductID,UnitPrice,Quantity,Discount) VALUES (10742,72,34.8,35,0);
INSERT INTO OrderDetails (OrderID,ProductID,UnitPrice,Quantity,Discount) VALUES (10743,46,12,28,0.05);
INSERT INTO OrderDetails (OrderID,ProductID,UnitPrice,Quantity,Discount) VALUES (10744,40,18.4,50,0.2);
INSERT INTO OrderDetails (OrderID,ProductID,UnitPrice,Quantity,Discount) VALUES (10745,18,62.5,24,0);
INSERT INTO OrderDetails (OrderID,ProductID,UnitPrice,Quantity,Discount) VALUES (10745,44,19.45,16,0);
INSERT INTO OrderDetails (OrderID,ProductID,UnitPrice,Quantity,Discount) VALUES (10745,59,55,45,0);
INSERT INTO OrderDetails (OrderID,ProductID,UnitPrice,Quantity,Discount) VALUES (10745,72,34.8,7,0);
INSERT INTO OrderDetails (OrderID,ProductID,UnitPrice,Quantity,Discount) VALUES (10746,13,6,6,0);
INSERT INTO OrderDetails (OrderID,ProductID,UnitPrice,Quantity,Discount) VALUES (10746,42,14,28,0);
INSERT INTO OrderDetails (OrderID,ProductID,UnitPrice,Quantity,Discount) VALUES (10746,62,49.3,9,0);
INSERT INTO OrderDetails (OrderID,ProductID,UnitPrice,Quantity,Discount) VALUES (10746,69,36,40,0);
INSERT INTO OrderDetails (OrderID,ProductID,UnitPrice,Quantity,Discount) VALUES (10747,31,12.5,8,0);
INSERT INTO OrderDetails (OrderID,ProductID,UnitPrice,Quantity,Discount) VALUES (10747,41,9.65,35,0);
INSERT INTO OrderDetails (OrderID,ProductID,UnitPrice,Quantity,Discount) VALUES (10747,63,43.9,9,0);
INSERT INTO OrderDetails (OrderID,ProductID,UnitPrice,Quantity,Discount) VALUES (10747,69,36,30,0);
INSERT INTO OrderDetails (OrderID,ProductID,UnitPrice,Quantity,Discount) VALUES (10748,23,9,44,0);
INSERT INTO OrderDetails (OrderID,ProductID,UnitPrice,Quantity,Discount) VALUES (10748,40,18.4,40,0);
INSERT INTO OrderDetails (OrderID,ProductID,UnitPrice,Quantity,Discount) VALUES (10748,56,38,28,0);
INSERT INTO OrderDetails (OrderID,ProductID,UnitPrice,Quantity,Discount) VALUES (10749,56,38,15,0);
INSERT INTO OrderDetails (OrderID,ProductID,UnitPrice,Quantity,Discount) VALUES (10749,59,55,6,0);
INSERT INTO OrderDetails (OrderID,ProductID,UnitPrice,Quantity,Discount) VALUES (10749,76,18,10,0);
INSERT INTO OrderDetails (OrderID,ProductID,UnitPrice,Quantity,Discount) VALUES (10750,14,23.25,5,0.15);
INSERT INTO OrderDetails (OrderID,ProductID,UnitPrice,Quantity,Discount) VALUES (10750,45,9.5,40,0.15);
INSERT INTO OrderDetails (OrderID,ProductID,UnitPrice,Quantity,Discount) VALUES (10750,59,55,25,0.15);
INSERT INTO OrderDetails (OrderID,ProductID,UnitPrice,Quantity,Discount) VALUES (10751,26,31.23,12,0.1);
INSERT INTO OrderDetails (OrderID,ProductID,UnitPrice,Quantity,Discount) VALUES (10751,30,25.89,30,0);
INSERT INTO OrderDetails (OrderID,ProductID,UnitPrice,Quantity,Discount) VALUES (10751,50,16.25,20,0.1);
INSERT INTO OrderDetails (OrderID,ProductID,UnitPrice,Quantity,Discount) VALUES (10751,73,15,15,0);
INSERT INTO OrderDetails (OrderID,ProductID,UnitPrice,Quantity,Discount) VALUES (10752,1,18,8,0);
INSERT INTO OrderDetails (OrderID,ProductID,UnitPrice,Quantity,Discount) VALUES (10752,69,36,3,0);
INSERT INTO OrderDetails (OrderID,ProductID,UnitPrice,Quantity,Discount) VALUES (10753,45,9.5,4,0);
INSERT INTO OrderDetails (OrderID,ProductID,UnitPrice,Quantity,Discount) VALUES (10753,74,10,5,0);
INSERT INTO OrderDetails (OrderID,ProductID,UnitPrice,Quantity,Discount) VALUES (10754,40,18.4,3,0);
INSERT INTO OrderDetails (OrderID,ProductID,UnitPrice,Quantity,Discount) VALUES (10755,47,9.5,30,0.25);
INSERT INTO OrderDetails (OrderID,ProductID,UnitPrice,Quantity,Discount) VALUES (10755,56,38,30,0.25);
INSERT INTO OrderDetails (OrderID,ProductID,UnitPrice,Quantity,Discount) VALUES (10755,57,19.5,14,0.25);
INSERT INTO OrderDetails (OrderID,ProductID,UnitPrice,Quantity,Discount) VALUES (10755,69,36,25,0.25);
INSERT INTO OrderDetails (OrderID,ProductID,UnitPrice,Quantity,Discount) VALUES (10756,18,62.5,21,0.2);
INSERT INTO OrderDetails (OrderID,ProductID,UnitPrice,Quantity,Discount) VALUES (10756,36,19,20,0.2);
INSERT INTO OrderDetails (OrderID,ProductID,UnitPrice,Quantity,Discount) VALUES (10756,68,12.5,6,0.2);
INSERT INTO OrderDetails (OrderID,ProductID,UnitPrice,Quantity,Discount) VALUES (10756,69,36,20,0.2);
INSERT INTO OrderDetails (OrderID,ProductID,UnitPrice,Quantity,Discount) VALUES (10757,34,14,30,0);
INSERT INTO OrderDetails (OrderID,ProductID,UnitPrice,Quantity,Discount) VALUES (10757,59,55,7,0);
INSERT INTO OrderDetails (OrderID,ProductID,UnitPrice,Quantity,Discount) VALUES (10757,62,49.3,30,0);
INSERT INTO OrderDetails (OrderID,ProductID,UnitPrice,Quantity,Discount) VALUES (10757,64,33.25,24,0);
INSERT INTO OrderDetails (OrderID,ProductID,UnitPrice,Quantity,Discount) VALUES (10758,26,31.23,20,0);
INSERT INTO OrderDetails (OrderID,ProductID,UnitPrice,Quantity,Discount) VALUES (10758,52,7,60,0);
INSERT INTO OrderDetails (OrderID,ProductID,UnitPrice,Quantity,Discount) VALUES (10758,70,15,40,0);
INSERT INTO OrderDetails (OrderID,ProductID,UnitPrice,Quantity,Discount) VALUES (10759,32,32,10,0);
INSERT INTO OrderDetails (OrderID,ProductID,UnitPrice,Quantity,Discount) VALUES (10760,25,14,12,0.25);
INSERT INTO OrderDetails (OrderID,ProductID,UnitPrice,Quantity,Discount) VALUES (10760,27,43.9,40,0);
INSERT INTO OrderDetails (OrderID,ProductID,UnitPrice,Quantity,Discount) VALUES (10760,43,46,30,0.25);
INSERT INTO OrderDetails (OrderID,ProductID,UnitPrice,Quantity,Discount) VALUES (10761,25,14,35,0.25);
INSERT INTO OrderDetails (OrderID,ProductID,UnitPrice,Quantity,Discount) VALUES (10761,75,7.75,18,0);
INSERT INTO OrderDetails (OrderID,ProductID,UnitPrice,Quantity,Discount) VALUES (10762,39,18,16,0);
INSERT INTO OrderDetails (OrderID,ProductID,UnitPrice,Quantity,Discount) VALUES (10762,47,9.5,30,0);
INSERT INTO OrderDetails (OrderID,ProductID,UnitPrice,Quantity,Discount) VALUES (10762,51,53,28,0);
INSERT INTO OrderDetails (OrderID,ProductID,UnitPrice,Quantity,Discount) VALUES (10762,56,38,60,0);
INSERT INTO OrderDetails (OrderID,ProductID,UnitPrice,Quantity,Discount) VALUES (10763,21,10,40,0);
INSERT INTO OrderDetails (OrderID,ProductID,UnitPrice,Quantity,Discount) VALUES (10763,22,21,6,0);
INSERT INTO OrderDetails (OrderID,ProductID,UnitPrice,Quantity,Discount) VALUES (10763,24,4.5,20,0);
INSERT INTO OrderDetails (OrderID,ProductID,UnitPrice,Quantity,Discount) VALUES (10764,3,10,20,0.1);
INSERT INTO OrderDetails (OrderID,ProductID,UnitPrice,Quantity,Discount) VALUES (10764,39,18,130,0.1);
INSERT INTO OrderDetails (OrderID,ProductID,UnitPrice,Quantity,Discount) VALUES (10765,65,21.05,80,0.1);
INSERT INTO OrderDetails (OrderID,ProductID,UnitPrice,Quantity,Discount) VALUES (10766,2,19,40,0);
INSERT INTO OrderDetails (OrderID,ProductID,UnitPrice,Quantity,Discount) VALUES (10766,7,30,35,0);
INSERT INTO OrderDetails (OrderID,ProductID,UnitPrice,Quantity,Discount) VALUES (10766,68,12.5,40,0);
INSERT INTO OrderDetails (OrderID,ProductID,UnitPrice,Quantity,Discount) VALUES (10767,42,14,2,0);
INSERT INTO OrderDetails (OrderID,ProductID,UnitPrice,Quantity,Discount) VALUES (10768,22,21,4,0);
INSERT INTO OrderDetails (OrderID,ProductID,UnitPrice,Quantity,Discount) VALUES (10768,31,12.5,50,0);
INSERT INTO OrderDetails (OrderID,ProductID,UnitPrice,Quantity,Discount) VALUES (10768,60,34,15,0);
INSERT INTO OrderDetails (OrderID,ProductID,UnitPrice,Quantity,Discount) VALUES (10768,71,21.5,12,0);
INSERT INTO OrderDetails (OrderID,ProductID,UnitPrice,Quantity,Discount) VALUES (10769,41,9.65,30,0.05);
INSERT INTO OrderDetails (OrderID,ProductID,UnitPrice,Quantity,Discount) VALUES (10769,52,7,15,0.05);
INSERT INTO OrderDetails (OrderID,ProductID,UnitPrice,Quantity,Discount) VALUES (10769,61,28.5,20,0);
INSERT INTO OrderDetails (OrderID,ProductID,UnitPrice,Quantity,Discount) VALUES (10769,62,49.3,15,0);
INSERT INTO OrderDetails (OrderID,ProductID,UnitPrice,Quantity,Discount) VALUES (10770,11,21,15,0.25);
INSERT INTO OrderDetails (OrderID,ProductID,UnitPrice,Quantity,Discount) VALUES (10771,71,21.5,16,0);
INSERT INTO OrderDetails (OrderID,ProductID,UnitPrice,Quantity,Discount) VALUES (10772,29,123.79,18,0);
INSERT INTO OrderDetails (OrderID,ProductID,UnitPrice,Quantity,Discount) VALUES (10772,59,55,25,0);
INSERT INTO OrderDetails (OrderID,ProductID,UnitPrice,Quantity,Discount) VALUES (10773,17,39,33,0);
INSERT INTO OrderDetails (OrderID,ProductID,UnitPrice,Quantity,Discount) VALUES (10773,31,12.5,70,0.2);
INSERT INTO OrderDetails (OrderID,ProductID,UnitPrice,Quantity,Discount) VALUES (10773,75,7.75,7,0.2);
INSERT INTO OrderDetails (OrderID,ProductID,UnitPrice,Quantity,Discount) VALUES (10774,31,12.5,2,0.25);
INSERT INTO OrderDetails (OrderID,ProductID,UnitPrice,Quantity,Discount) VALUES (10774,66,17,50,0);
INSERT INTO OrderDetails (OrderID,ProductID,UnitPrice,Quantity,Discount) VALUES (10775,10,31,6,0);
INSERT INTO OrderDetails (OrderID,ProductID,UnitPrice,Quantity,Discount) VALUES (10775,67,14,3,0);
INSERT INTO OrderDetails (OrderID,ProductID,UnitPrice,Quantity,Discount) VALUES (10776,31,12.5,16,0.05);
INSERT INTO OrderDetails (OrderID,ProductID,UnitPrice,Quantity,Discount) VALUES (10776,42,14,12,0.05);
INSERT INTO OrderDetails (OrderID,ProductID,UnitPrice,Quantity,Discount) VALUES (10776,45,9.5,27,0.05);
INSERT INTO OrderDetails (OrderID,ProductID,UnitPrice,Quantity,Discount) VALUES (10776,51,53,120,0.05);
INSERT INTO OrderDetails (OrderID,ProductID,UnitPrice,Quantity,Discount) VALUES (10777,42,14,20,0.2);
INSERT INTO OrderDetails (OrderID,ProductID,UnitPrice,Quantity,Discount) VALUES (10778,41,9.65,10,0);
INSERT INTO OrderDetails (OrderID,ProductID,UnitPrice,Quantity,Discount) VALUES (10779,16,17.45,20,0);
INSERT INTO OrderDetails (OrderID,ProductID,UnitPrice,Quantity,Discount) VALUES (10779,62,49.3,20,0);
INSERT INTO OrderDetails (OrderID,ProductID,UnitPrice,Quantity,Discount) VALUES (10780,70,15,35,0);
INSERT INTO OrderDetails (OrderID,ProductID,UnitPrice,Quantity,Discount) VALUES (10780,77,13,15,0);
INSERT INTO OrderDetails (OrderID,ProductID,UnitPrice,Quantity,Discount) VALUES (10781,54,7.45,3,0.2);
INSERT INTO OrderDetails (OrderID,ProductID,UnitPrice,Quantity,Discount) VALUES (10781,56,38,20,0.2);
INSERT INTO OrderDetails (OrderID,ProductID,UnitPrice,Quantity,Discount) VALUES (10781,74,10,35,0);
INSERT INTO OrderDetails (OrderID,ProductID,UnitPrice,Quantity,Discount) VALUES (10782,31,12.5,1,0);
INSERT INTO OrderDetails (OrderID,ProductID,UnitPrice,Quantity,Discount) VALUES (10783,31,12.5,10,0);
INSERT INTO OrderDetails (OrderID,ProductID,UnitPrice,Quantity,Discount) VALUES (10783,38,263.5,5,0);
INSERT INTO OrderDetails (OrderID,ProductID,UnitPrice,Quantity,Discount) VALUES (10784,36,19,30,0);
INSERT INTO OrderDetails (OrderID,ProductID,UnitPrice,Quantity,Discount) VALUES (10784,39,18,2,0.15);
INSERT INTO OrderDetails (OrderID,ProductID,UnitPrice,Quantity,Discount) VALUES (10784,72,34.8,30,0.15);
INSERT INTO OrderDetails (OrderID,ProductID,UnitPrice,Quantity,Discount) VALUES (10785,10,31,10,0);
INSERT INTO OrderDetails (OrderID,ProductID,UnitPrice,Quantity,Discount) VALUES (10785,75,7.75,10,0);
INSERT INTO OrderDetails (OrderID,ProductID,UnitPrice,Quantity,Discount) VALUES (10786,8,40,30,0.2);
INSERT INTO OrderDetails (OrderID,ProductID,UnitPrice,Quantity,Discount) VALUES (10786,30,25.89,15,0.2);
INSERT INTO OrderDetails (OrderID,ProductID,UnitPrice,Quantity,Discount) VALUES (10786,75,7.75,42,0.2);
INSERT INTO OrderDetails (OrderID,ProductID,UnitPrice,Quantity,Discount) VALUES (10787,2,19,15,0.05);
INSERT INTO OrderDetails (OrderID,ProductID,UnitPrice,Quantity,Discount) VALUES (10787,29,123.79,20,0.05);
INSERT INTO OrderDetails (OrderID,ProductID,UnitPrice,Quantity,Discount) VALUES (10788,19,9.2,50,0.05);
INSERT INTO OrderDetails (OrderID,ProductID,UnitPrice,Quantity,Discount) VALUES (10788,75,7.75,40,0.05);
INSERT INTO OrderDetails (OrderID,ProductID,UnitPrice,Quantity,Discount) VALUES (10789,18,62.5,30,0);
INSERT INTO OrderDetails (OrderID,ProductID,UnitPrice,Quantity,Discount) VALUES (10789,35,18,15,0);
INSERT INTO OrderDetails (OrderID,ProductID,UnitPrice,Quantity,Discount) VALUES (10789,63,43.9,30,0);
INSERT INTO OrderDetails (OrderID,ProductID,UnitPrice,Quantity,Discount) VALUES (10789,68,12.5,18,0);
INSERT INTO OrderDetails (OrderID,ProductID,UnitPrice,Quantity,Discount) VALUES (10790,7,30,3,0.15);
INSERT INTO OrderDetails (OrderID,ProductID,UnitPrice,Quantity,Discount) VALUES (10790,56,38,20,0.15);
INSERT INTO OrderDetails (OrderID,ProductID,UnitPrice,Quantity,Discount) VALUES (10791,29,123.79,14,0.05);
INSERT INTO OrderDetails (OrderID,ProductID,UnitPrice,Quantity,Discount) VALUES (10791,41,9.65,20,0.05);
INSERT INTO OrderDetails (OrderID,ProductID,UnitPrice,Quantity,Discount) VALUES (10792,2,19,10,0);
INSERT INTO OrderDetails (OrderID,ProductID,UnitPrice,Quantity,Discount) VALUES (10792,54,7.45,3,0);
INSERT INTO OrderDetails (OrderID,ProductID,UnitPrice,Quantity,Discount) VALUES (10792,68,12.5,15,0);
INSERT INTO OrderDetails (OrderID,ProductID,UnitPrice,Quantity,Discount) VALUES (10793,41,9.65,14,0);
INSERT INTO OrderDetails (OrderID,ProductID,UnitPrice,Quantity,Discount) VALUES (10793,52,7,8,0);
INSERT INTO OrderDetails (OrderID,ProductID,UnitPrice,Quantity,Discount) VALUES (10794,14,23.25,15,0.2);
INSERT INTO OrderDetails (OrderID,ProductID,UnitPrice,Quantity,Discount) VALUES (10794,54,7.45,6,0.2);
INSERT INTO OrderDetails (OrderID,ProductID,UnitPrice,Quantity,Discount) VALUES (10795,16,17.45,65,0);
INSERT INTO OrderDetails (OrderID,ProductID,UnitPrice,Quantity,Discount) VALUES (10795,17,39,35,0.25);
INSERT INTO OrderDetails (OrderID,ProductID,UnitPrice,Quantity,Discount) VALUES (10796,26,31.23,21,0.2);
INSERT INTO OrderDetails (OrderID,ProductID,UnitPrice,Quantity,Discount) VALUES (10796,44,19.45,10,0);
INSERT INTO OrderDetails (OrderID,ProductID,UnitPrice,Quantity,Discount) VALUES (10796,64,33.25,35,0.2);
INSERT INTO OrderDetails (OrderID,ProductID,UnitPrice,Quantity,Discount) VALUES (10796,69,36,24,0.2);
INSERT INTO OrderDetails (OrderID,ProductID,UnitPrice,Quantity,Discount) VALUES (10797,11,21,20,0);
INSERT INTO OrderDetails (OrderID,ProductID,UnitPrice,Quantity,Discount) VALUES (10798,62,49.3,2,0);
INSERT INTO OrderDetails (OrderID,ProductID,UnitPrice,Quantity,Discount) VALUES (10798,72,34.8,10,0);
INSERT INTO OrderDetails (OrderID,ProductID,UnitPrice,Quantity,Discount) VALUES (10799,13,6,20,0.15);
INSERT INTO OrderDetails (OrderID,ProductID,UnitPrice,Quantity,Discount) VALUES (10799,24,4.5,20,0.15);
INSERT INTO OrderDetails (OrderID,ProductID,UnitPrice,Quantity,Discount) VALUES (10799,59,55,25,0);
INSERT INTO OrderDetails (OrderID,ProductID,UnitPrice,Quantity,Discount) VALUES (10800,11,21,50,0.1);
INSERT INTO OrderDetails (OrderID,ProductID,UnitPrice,Quantity,Discount) VALUES (10800,51,53,10,0.1);
INSERT INTO OrderDetails (OrderID,ProductID,UnitPrice,Quantity,Discount) VALUES (10800,54,7.45,7,0.1);
INSERT INTO OrderDetails (OrderID,ProductID,UnitPrice,Quantity,Discount) VALUES (10801,17,39,40,0.25);
INSERT INTO OrderDetails (OrderID,ProductID,UnitPrice,Quantity,Discount) VALUES (10801,29,123.79,20,0.25);
INSERT INTO OrderDetails (OrderID,ProductID,UnitPrice,Quantity,Discount) VALUES (10802,30,25.89,25,0.25);
INSERT INTO OrderDetails (OrderID,ProductID,UnitPrice,Quantity,Discount) VALUES (10802,51,53,30,0.25);
INSERT INTO OrderDetails (OrderID,ProductID,UnitPrice,Quantity,Discount) VALUES (10802,55,24,60,0.25);
INSERT INTO OrderDetails (OrderID,ProductID,UnitPrice,Quantity,Discount) VALUES (10802,62,49.3,5,0.25);
INSERT INTO OrderDetails (OrderID,ProductID,UnitPrice,Quantity,Discount) VALUES (10803,19,9.2,24,0.05);
INSERT INTO OrderDetails (OrderID,ProductID,UnitPrice,Quantity,Discount) VALUES (10803,25,14,15,0.05);
INSERT INTO OrderDetails (OrderID,ProductID,UnitPrice,Quantity,Discount) VALUES (10803,59,55,15,0.05);
INSERT INTO OrderDetails (OrderID,ProductID,UnitPrice,Quantity,Discount) VALUES (10804,10,31,36,0);
INSERT INTO OrderDetails (OrderID,ProductID,UnitPrice,Quantity,Discount) VALUES (10804,28,45.6,24,0);
INSERT INTO OrderDetails (OrderID,ProductID,UnitPrice,Quantity,Discount) VALUES (10804,49,20,4,0.15);
INSERT INTO OrderDetails (OrderID,ProductID,UnitPrice,Quantity,Discount) VALUES (10805,34,14,10,0);
INSERT INTO OrderDetails (OrderID,ProductID,UnitPrice,Quantity,Discount) VALUES (10805,38,263.5,10,0);
INSERT INTO OrderDetails (OrderID,ProductID,UnitPrice,Quantity,Discount) VALUES (10806,2,19,20,0.25);
INSERT INTO OrderDetails (OrderID,ProductID,UnitPrice,Quantity,Discount) VALUES (10806,65,21.05,2,0);
INSERT INTO OrderDetails (OrderID,ProductID,UnitPrice,Quantity,Discount) VALUES (10806,74,10,15,0.25);
INSERT INTO OrderDetails (OrderID,ProductID,UnitPrice,Quantity,Discount) VALUES (10807,40,18.4,1,0);
INSERT INTO OrderDetails (OrderID,ProductID,UnitPrice,Quantity,Discount) VALUES (10808,56,38,20,0.15);
INSERT INTO OrderDetails (OrderID,ProductID,UnitPrice,Quantity,Discount) VALUES (10808,76,18,50,0.15);
INSERT INTO OrderDetails (OrderID,ProductID,UnitPrice,Quantity,Discount) VALUES (10809,52,7,20,0);
INSERT INTO OrderDetails (OrderID,ProductID,UnitPrice,Quantity,Discount) VALUES (10810,13,6,7,0);
INSERT INTO OrderDetails (OrderID,ProductID,UnitPrice,Quantity,Discount) VALUES (10810,25,14,5,0);
INSERT INTO OrderDetails (OrderID,ProductID,UnitPrice,Quantity,Discount) VALUES (10810,70,15,5,0);
INSERT INTO OrderDetails (OrderID,ProductID,UnitPrice,Quantity,Discount) VALUES (10811,19,9.2,15,0);
INSERT INTO OrderDetails (OrderID,ProductID,UnitPrice,Quantity,Discount) VALUES (10811,23,9,18,0);
INSERT INTO OrderDetails (OrderID,ProductID,UnitPrice,Quantity,Discount) VALUES (10811,40,18.4,30,0);
INSERT INTO OrderDetails (OrderID,ProductID,UnitPrice,Quantity,Discount) VALUES (10812,31,12.5,16,0.1);
INSERT INTO OrderDetails (OrderID,ProductID,UnitPrice,Quantity,Discount) VALUES (10812,72,34.8,40,0.1);
INSERT INTO OrderDetails (OrderID,ProductID,UnitPrice,Quantity,Discount) VALUES (10812,77,13,20,0);
INSERT INTO OrderDetails (OrderID,ProductID,UnitPrice,Quantity,Discount) VALUES (10813,2,19,12,0.2);
INSERT INTO OrderDetails (OrderID,ProductID,UnitPrice,Quantity,Discount) VALUES (10813,46,12,35,0);
INSERT INTO OrderDetails (OrderID,ProductID,UnitPrice,Quantity,Discount) VALUES (10814,41,9.65,20,0);
INSERT INTO OrderDetails (OrderID,ProductID,UnitPrice,Quantity,Discount) VALUES (10814,43,46,20,0.15);
INSERT INTO OrderDetails (OrderID,ProductID,UnitPrice,Quantity,Discount) VALUES (10814,48,12.75,8,0.15);
INSERT INTO OrderDetails (OrderID,ProductID,UnitPrice,Quantity,Discount) VALUES (10814,61,28.5,30,0.15);
INSERT INTO OrderDetails (OrderID,ProductID,UnitPrice,Quantity,Discount) VALUES (10815,33,2.5,16,0);
INSERT INTO OrderDetails (OrderID,ProductID,UnitPrice,Quantity,Discount) VALUES (10816,38,263.5,30,0.05);
INSERT INTO OrderDetails (OrderID,ProductID,UnitPrice,Quantity,Discount) VALUES (10816,62,49.3,20,0.05);
INSERT INTO OrderDetails (OrderID,ProductID,UnitPrice,Quantity,Discount) VALUES (10817,26,31.23,40,0.15);
INSERT INTO OrderDetails (OrderID,ProductID,UnitPrice,Quantity,Discount) VALUES (10817,38,263.5,30,0);
INSERT INTO OrderDetails (OrderID,ProductID,UnitPrice,Quantity,Discount) VALUES (10817,40,18.4,60,0.15);
INSERT INTO OrderDetails (OrderID,ProductID,UnitPrice,Quantity,Discount) VALUES (10817,62,49.3,25,0.15);
INSERT INTO OrderDetails (OrderID,ProductID,UnitPrice,Quantity,Discount) VALUES (10818,32,32,20,0);
INSERT INTO OrderDetails (OrderID,ProductID,UnitPrice,Quantity,Discount) VALUES (10818,41,9.65,20,0);
INSERT INTO OrderDetails (OrderID,ProductID,UnitPrice,Quantity,Discount) VALUES (10819,43,46,7,0);
INSERT INTO OrderDetails (OrderID,ProductID,UnitPrice,Quantity,Discount) VALUES (10819,75,7.75,20,0);
INSERT INTO OrderDetails (OrderID,ProductID,UnitPrice,Quantity,Discount) VALUES (10820,56,38,30,0);
INSERT INTO OrderDetails (OrderID,ProductID,UnitPrice,Quantity,Discount) VALUES (10821,35,18,20,0);
INSERT INTO OrderDetails (OrderID,ProductID,UnitPrice,Quantity,Discount) VALUES (10821,51,53,6,0);
INSERT INTO OrderDetails (OrderID,ProductID,UnitPrice,Quantity,Discount) VALUES (10822,62,49.3,3,0);
INSERT INTO OrderDetails (OrderID,ProductID,UnitPrice,Quantity,Discount) VALUES (10822,70,15,6,0);
INSERT INTO OrderDetails (OrderID,ProductID,UnitPrice,Quantity,Discount) VALUES (10823,11,21,20,0.1);
INSERT INTO OrderDetails (OrderID,ProductID,UnitPrice,Quantity,Discount) VALUES (10823,57,19.5,15,0);
INSERT INTO OrderDetails (OrderID,ProductID,UnitPrice,Quantity,Discount) VALUES (10823,59,55,40,0.1);
INSERT INTO OrderDetails (OrderID,ProductID,UnitPrice,Quantity,Discount) VALUES (10823,77,13,15,0.1);
INSERT INTO OrderDetails (OrderID,ProductID,UnitPrice,Quantity,Discount) VALUES (10824,41,9.65,12,0);
INSERT INTO OrderDetails (OrderID,ProductID,UnitPrice,Quantity,Discount) VALUES (10824,70,15,9,0);
INSERT INTO OrderDetails (OrderID,ProductID,UnitPrice,Quantity,Discount) VALUES (10825,26,31.23,12,0);
INSERT INTO OrderDetails (OrderID,ProductID,UnitPrice,Quantity,Discount) VALUES (10825,53,32.8,20,0);
INSERT INTO OrderDetails (OrderID,ProductID,UnitPrice,Quantity,Discount) VALUES (10826,31,12.5,35,0);
INSERT INTO OrderDetails (OrderID,ProductID,UnitPrice,Quantity,Discount) VALUES (10826,57,19.5,15,0);
INSERT INTO OrderDetails (OrderID,ProductID,UnitPrice,Quantity,Discount) VALUES (10827,10,31,15,0);
INSERT INTO OrderDetails (OrderID,ProductID,UnitPrice,Quantity,Discount) VALUES (10827,39,18,21,0);
INSERT INTO OrderDetails (OrderID,ProductID,UnitPrice,Quantity,Discount) VALUES (10828,20,81,5,0);
INSERT INTO OrderDetails (OrderID,ProductID,UnitPrice,Quantity,Discount) VALUES (10828,38,263.5,2,0);
INSERT INTO OrderDetails (OrderID,ProductID,UnitPrice,Quantity,Discount) VALUES (10829,2,19,10,0);
INSERT INTO OrderDetails (OrderID,ProductID,UnitPrice,Quantity,Discount) VALUES (10829,8,40,20,0);
INSERT INTO OrderDetails (OrderID,ProductID,UnitPrice,Quantity,Discount) VALUES (10829,13,6,10,0);
INSERT INTO OrderDetails (OrderID,ProductID,UnitPrice,Quantity,Discount) VALUES (10829,60,34,21,0);
INSERT INTO OrderDetails (OrderID,ProductID,UnitPrice,Quantity,Discount) VALUES (10830,6,25,6,0);
INSERT INTO OrderDetails (OrderID,ProductID,UnitPrice,Quantity,Discount) VALUES (10830,39,18,28,0);
INSERT INTO OrderDetails (OrderID,ProductID,UnitPrice,Quantity,Discount) VALUES (10830,60,34,30,0);
INSERT INTO OrderDetails (OrderID,ProductID,UnitPrice,Quantity,Discount) VALUES (10830,68,12.5,24,0);
INSERT INTO OrderDetails (OrderID,ProductID,UnitPrice,Quantity,Discount) VALUES (10831,19,9.2,2,0);
INSERT INTO OrderDetails (OrderID,ProductID,UnitPrice,Quantity,Discount) VALUES (10831,35,18,8,0);
INSERT INTO OrderDetails (OrderID,ProductID,UnitPrice,Quantity,Discount) VALUES (10831,38,263.5,8,0);
INSERT INTO OrderDetails (OrderID,ProductID,UnitPrice,Quantity,Discount) VALUES (10831,43,46,9,0);
INSERT INTO OrderDetails (OrderID,ProductID,UnitPrice,Quantity,Discount) VALUES (10832,13,6,3,0.2);
INSERT INTO OrderDetails (OrderID,ProductID,UnitPrice,Quantity,Discount) VALUES (10832,25,14,10,0.2);
INSERT INTO OrderDetails (OrderID,ProductID,UnitPrice,Quantity,Discount) VALUES (10832,44,19.45,16,0.2);
INSERT INTO OrderDetails (OrderID,ProductID,UnitPrice,Quantity,Discount) VALUES (10832,64,33.25,3,0);
INSERT INTO OrderDetails (OrderID,ProductID,UnitPrice,Quantity,Discount) VALUES (10833,7,30,20,0.1);
INSERT INTO OrderDetails (OrderID,ProductID,UnitPrice,Quantity,Discount) VALUES (10833,31,12.5,9,0.1);
INSERT INTO OrderDetails (OrderID,ProductID,UnitPrice,Quantity,Discount) VALUES (10833,53,32.8,9,0.1);
INSERT INTO OrderDetails (OrderID,ProductID,UnitPrice,Quantity,Discount) VALUES (10834,29,123.79,8,0.05);
INSERT INTO OrderDetails (OrderID,ProductID,UnitPrice,Quantity,Discount) VALUES (10834,30,25.89,20,0.05);
INSERT INTO OrderDetails (OrderID,ProductID,UnitPrice,Quantity,Discount) VALUES (10835,59,55,15,0);
INSERT INTO OrderDetails (OrderID,ProductID,UnitPrice,Quantity,Discount) VALUES (10835,77,13,2,0.2);
INSERT INTO OrderDetails (OrderID,ProductID,UnitPrice,Quantity,Discount) VALUES (10836,22,21,52,0);
INSERT INTO OrderDetails (OrderID,ProductID,UnitPrice,Quantity,Discount) VALUES (10836,35,18,6,0);
INSERT INTO OrderDetails (OrderID,ProductID,UnitPrice,Quantity,Discount) VALUES (10836,57,19.5,24,0);
INSERT INTO OrderDetails (OrderID,ProductID,UnitPrice,Quantity,Discount) VALUES (10836,60,34,60,0);
INSERT INTO OrderDetails (OrderID,ProductID,UnitPrice,Quantity,Discount) VALUES (10836,64,33.25,30,0);
INSERT INTO OrderDetails (OrderID,ProductID,UnitPrice,Quantity,Discount) VALUES (10837,13,6,6,0);
INSERT INTO OrderDetails (OrderID,ProductID,UnitPrice,Quantity,Discount) VALUES (10837,40,18.4,25,0);
INSERT INTO OrderDetails (OrderID,ProductID,UnitPrice,Quantity,Discount) VALUES (10837,47,9.5,40,0.25);
INSERT INTO OrderDetails (OrderID,ProductID,UnitPrice,Quantity,Discount) VALUES (10837,76,18,21,0.25);
INSERT INTO OrderDetails (OrderID,ProductID,UnitPrice,Quantity,Discount) VALUES (10838,1,18,4,0.25);
INSERT INTO OrderDetails (OrderID,ProductID,UnitPrice,Quantity,Discount) VALUES (10838,18,62.5,25,0.25);
INSERT INTO OrderDetails (OrderID,ProductID,UnitPrice,Quantity,Discount) VALUES (10838,36,19,50,0.25);
INSERT INTO OrderDetails (OrderID,ProductID,UnitPrice,Quantity,Discount) VALUES (10839,58,13.25,30,0.1);
INSERT INTO OrderDetails (OrderID,ProductID,UnitPrice,Quantity,Discount) VALUES (10839,72,34.8,15,0.1);
INSERT INTO OrderDetails (OrderID,ProductID,UnitPrice,Quantity,Discount) VALUES (10840,25,14,6,0.2);
INSERT INTO OrderDetails (OrderID,ProductID,UnitPrice,Quantity,Discount) VALUES (10840,39,18,10,0.2);
INSERT INTO OrderDetails (OrderID,ProductID,UnitPrice,Quantity,Discount) VALUES (10841,10,31,16,0);
INSERT INTO OrderDetails (OrderID,ProductID,UnitPrice,Quantity,Discount) VALUES (10841,56,38,30,0);
INSERT INTO OrderDetails (OrderID,ProductID,UnitPrice,Quantity,Discount) VALUES (10841,59,55,50,0);
INSERT INTO OrderDetails (OrderID,ProductID,UnitPrice,Quantity,Discount) VALUES (10841,77,13,15,0);
INSERT INTO OrderDetails (OrderID,ProductID,UnitPrice,Quantity,Discount) VALUES (10842,11,21,15,0);
INSERT INTO OrderDetails (OrderID,ProductID,UnitPrice,Quantity,Discount) VALUES (10842,43,46,5,0);
INSERT INTO OrderDetails (OrderID,ProductID,UnitPrice,Quantity,Discount) VALUES (10842,68,12.5,20,0);
INSERT INTO OrderDetails (OrderID,ProductID,UnitPrice,Quantity,Discount) VALUES (10842,70,15,12,0);
INSERT INTO OrderDetails (OrderID,ProductID,UnitPrice,Quantity,Discount) VALUES (10843,51,53,4,0.25);
INSERT INTO OrderDetails (OrderID,ProductID,UnitPrice,Quantity,Discount) VALUES (10844,22,21,35,0);
INSERT INTO OrderDetails (OrderID,ProductID,UnitPrice,Quantity,Discount) VALUES (10845,23,9,70,0.1);
INSERT INTO OrderDetails (OrderID,ProductID,UnitPrice,Quantity,Discount) VALUES (10845,35,18,25,0.1);
INSERT INTO OrderDetails (OrderID,ProductID,UnitPrice,Quantity,Discount) VALUES (10845,42,14,42,0.1);
INSERT INTO OrderDetails (OrderID,ProductID,UnitPrice,Quantity,Discount) VALUES (10845,58,13.25,60,0.1);
INSERT INTO OrderDetails (OrderID,ProductID,UnitPrice,Quantity,Discount) VALUES (10845,64,33.25,48,0);
INSERT INTO OrderDetails (OrderID,ProductID,UnitPrice,Quantity,Discount) VALUES (10846,4,22,21,0);
INSERT INTO OrderDetails (OrderID,ProductID,UnitPrice,Quantity,Discount) VALUES (10846,70,15,30,0);
INSERT INTO OrderDetails (OrderID,ProductID,UnitPrice,Quantity,Discount) VALUES (10846,74,10,20,0);
INSERT INTO OrderDetails (OrderID,ProductID,UnitPrice,Quantity,Discount) VALUES (10847,1,18,80,0.2);
INSERT INTO OrderDetails (OrderID,ProductID,UnitPrice,Quantity,Discount) VALUES (10847,19,9.2,12,0.2);
INSERT INTO OrderDetails (OrderID,ProductID,UnitPrice,Quantity,Discount) VALUES (10847,37,26,60,0.2);
INSERT INTO OrderDetails (OrderID,ProductID,UnitPrice,Quantity,Discount) VALUES (10847,45,9.5,36,0.2);
INSERT INTO OrderDetails (OrderID,ProductID,UnitPrice,Quantity,Discount) VALUES (10847,60,34,45,0.2);
INSERT INTO OrderDetails (OrderID,ProductID,UnitPrice,Quantity,Discount) VALUES (10847,71,21.5,55,0.2);
INSERT INTO OrderDetails (OrderID,ProductID,UnitPrice,Quantity,Discount) VALUES (10848,5,21.35,30,0);
INSERT INTO OrderDetails (OrderID,ProductID,UnitPrice,Quantity,Discount) VALUES (10848,9,97,3,0);
INSERT INTO OrderDetails (OrderID,ProductID,UnitPrice,Quantity,Discount) VALUES (10849,3,10,49,0);
INSERT INTO OrderDetails (OrderID,ProductID,UnitPrice,Quantity,Discount) VALUES (10849,26,31.23,18,0.15);
INSERT INTO OrderDetails (OrderID,ProductID,UnitPrice,Quantity,Discount) VALUES (10850,25,14,20,0.15);
INSERT INTO OrderDetails (OrderID,ProductID,UnitPrice,Quantity,Discount) VALUES (10850,33,2.5,4,0.15);
INSERT INTO OrderDetails (OrderID,ProductID,UnitPrice,Quantity,Discount) VALUES (10850,70,15,30,0.15);
INSERT INTO OrderDetails (OrderID,ProductID,UnitPrice,Quantity,Discount) VALUES (10851,2,19,5,0.05);
INSERT INTO OrderDetails (OrderID,ProductID,UnitPrice,Quantity,Discount) VALUES (10851,25,14,10,0.05);
INSERT INTO OrderDetails (OrderID,ProductID,UnitPrice,Quantity,Discount) VALUES (10851,57,19.5,10,0.05);
INSERT INTO OrderDetails (OrderID,ProductID,UnitPrice,Quantity,Discount) VALUES (10851,59,55,42,0.05);
INSERT INTO OrderDetails (OrderID,ProductID,UnitPrice,Quantity,Discount) VALUES (10852,2,19,15,0);
INSERT INTO OrderDetails (OrderID,ProductID,UnitPrice,Quantity,Discount) VALUES (10852,17,39,6,0);
INSERT INTO OrderDetails (OrderID,ProductID,UnitPrice,Quantity,Discount) VALUES (10852,62,49.3,50,0);
INSERT INTO OrderDetails (OrderID,ProductID,UnitPrice,Quantity,Discount) VALUES (10853,18,62.5,10,0);
INSERT INTO OrderDetails (OrderID,ProductID,UnitPrice,Quantity,Discount) VALUES (10854,10,31,100,0.15);
INSERT INTO OrderDetails (OrderID,ProductID,UnitPrice,Quantity,Discount) VALUES (10854,13,6,65,0.15);
INSERT INTO OrderDetails (OrderID,ProductID,UnitPrice,Quantity,Discount) VALUES (10855,16,17.45,50,0);
INSERT INTO OrderDetails (OrderID,ProductID,UnitPrice,Quantity,Discount) VALUES (10855,31,12.5,14,0);
INSERT INTO OrderDetails (OrderID,ProductID,UnitPrice,Quantity,Discount) VALUES (10855,56,38,24,0);
INSERT INTO OrderDetails (OrderID,ProductID,UnitPrice,Quantity,Discount) VALUES (10855,65,21.05,15,0.15);
INSERT INTO OrderDetails (OrderID,ProductID,UnitPrice,Quantity,Discount) VALUES (10856,2,19,20,0);
INSERT INTO OrderDetails (OrderID,ProductID,UnitPrice,Quantity,Discount) VALUES (10856,42,14,20,0);
INSERT INTO OrderDetails (OrderID,ProductID,UnitPrice,Quantity,Discount) VALUES (10857,3,10,30,0);
INSERT INTO OrderDetails (OrderID,ProductID,UnitPrice,Quantity,Discount) VALUES (10857,26,31.23,35,0.25);
INSERT INTO OrderDetails (OrderID,ProductID,UnitPrice,Quantity,Discount) VALUES (10857,29,123.79,10,0.25);
INSERT INTO OrderDetails (OrderID,ProductID,UnitPrice,Quantity,Discount) VALUES (10858,7,30,5,0);
INSERT INTO OrderDetails (OrderID,ProductID,UnitPrice,Quantity,Discount) VALUES (10858,27,43.9,10,0);
INSERT INTO OrderDetails (OrderID,ProductID,UnitPrice,Quantity,Discount) VALUES (10858,70,15,4,0);
INSERT INTO OrderDetails (OrderID,ProductID,UnitPrice,Quantity,Discount) VALUES (10859,24,4.5,40,0.25);
INSERT INTO OrderDetails (OrderID,ProductID,UnitPrice,Quantity,Discount) VALUES (10859,54,7.45,35,0.25);
INSERT INTO OrderDetails (OrderID,ProductID,UnitPrice,Quantity,Discount) VALUES (10859,64,33.25,30,0.25);
INSERT INTO OrderDetails (OrderID,ProductID,UnitPrice,Quantity,Discount) VALUES (10860,51,53,3,0);
INSERT INTO OrderDetails (OrderID,ProductID,UnitPrice,Quantity,Discount) VALUES (10860,76,18,20,0);
INSERT INTO OrderDetails (OrderID,ProductID,UnitPrice,Quantity,Discount) VALUES (10861,17,39,42,0);
INSERT INTO OrderDetails (OrderID,ProductID,UnitPrice,Quantity,Discount) VALUES (10861,18,62.5,20,0);
INSERT INTO OrderDetails (OrderID,ProductID,UnitPrice,Quantity,Discount) VALUES (10861,21,10,40,0);
INSERT INTO OrderDetails (OrderID,ProductID,UnitPrice,Quantity,Discount) VALUES (10861,33,2.5,35,0);
INSERT INTO OrderDetails (OrderID,ProductID,UnitPrice,Quantity,Discount) VALUES (10861,62,49.3,3,0);
INSERT INTO OrderDetails (OrderID,ProductID,UnitPrice,Quantity,Discount) VALUES (10862,11,21,25,0);
INSERT INTO OrderDetails (OrderID,ProductID,UnitPrice,Quantity,Discount) VALUES (10862,52,7,8,0);
INSERT INTO OrderDetails (OrderID,ProductID,UnitPrice,Quantity,Discount) VALUES (10863,1,18,20,0.15);
INSERT INTO OrderDetails (OrderID,ProductID,UnitPrice,Quantity,Discount) VALUES (10863,58,13.25,12,0.15);
INSERT INTO OrderDetails (OrderID,ProductID,UnitPrice,Quantity,Discount) VALUES (10864,35,18,4,0);
INSERT INTO OrderDetails (OrderID,ProductID,UnitPrice,Quantity,Discount) VALUES (10864,67,14,15,0);
INSERT INTO OrderDetails (OrderID,ProductID,UnitPrice,Quantity,Discount) VALUES (10865,38,263.5,60,0.05);
INSERT INTO OrderDetails (OrderID,ProductID,UnitPrice,Quantity,Discount) VALUES (10865,39,18,80,0.05);
INSERT INTO OrderDetails (OrderID,ProductID,UnitPrice,Quantity,Discount) VALUES (10866,2,19,21,0.25);
INSERT INTO OrderDetails (OrderID,ProductID,UnitPrice,Quantity,Discount) VALUES (10866,24,4.5,6,0.25);
INSERT INTO OrderDetails (OrderID,ProductID,UnitPrice,Quantity,Discount) VALUES (10866,30,25.89,40,0.25);
INSERT INTO OrderDetails (OrderID,ProductID,UnitPrice,Quantity,Discount) VALUES (10867,53,32.8,3,0);
INSERT INTO OrderDetails (OrderID,ProductID,UnitPrice,Quantity,Discount) VALUES (10868,26,31.23,20,0);
INSERT INTO OrderDetails (OrderID,ProductID,UnitPrice,Quantity,Discount) VALUES (10868,35,18,30,0);
INSERT INTO OrderDetails (OrderID,ProductID,UnitPrice,Quantity,Discount) VALUES (10868,49,20,42,0.1);
INSERT INTO OrderDetails (OrderID,ProductID,UnitPrice,Quantity,Discount) VALUES (10869,1,18,40,0);
INSERT INTO OrderDetails (OrderID,ProductID,UnitPrice,Quantity,Discount) VALUES (10869,11,21,10,0);
INSERT INTO OrderDetails (OrderID,ProductID,UnitPrice,Quantity,Discount) VALUES (10869,23,9,50,0);
INSERT INTO OrderDetails (OrderID,ProductID,UnitPrice,Quantity,Discount) VALUES (10869,68,12.5,20,0);
INSERT INTO OrderDetails (OrderID,ProductID,UnitPrice,Quantity,Discount) VALUES (10870,35,18,3,0);
INSERT INTO OrderDetails (OrderID,ProductID,UnitPrice,Quantity,Discount) VALUES (10870,51,53,2,0);
INSERT INTO OrderDetails (OrderID,ProductID,UnitPrice,Quantity,Discount) VALUES (10871,6,25,50,0.05);
INSERT INTO OrderDetails (OrderID,ProductID,UnitPrice,Quantity,Discount) VALUES (10871,16,17.45,12,0.05);
INSERT INTO OrderDetails (OrderID,ProductID,UnitPrice,Quantity,Discount) VALUES (10871,17,39,16,0.05);
INSERT INTO OrderDetails (OrderID,ProductID,UnitPrice,Quantity,Discount) VALUES (10872,55,24,10,0.05);
INSERT INTO OrderDetails (OrderID,ProductID,UnitPrice,Quantity,Discount) VALUES (10872,62,49.3,20,0.05);
INSERT INTO OrderDetails (OrderID,ProductID,UnitPrice,Quantity,Discount) VALUES (10872,64,33.25,15,0.05);
INSERT INTO OrderDetails (OrderID,ProductID,UnitPrice,Quantity,Discount) VALUES (10872,65,21.05,21,0.05);
INSERT INTO OrderDetails (OrderID,ProductID,UnitPrice,Quantity,Discount) VALUES (10873,21,10,20,0);
INSERT INTO OrderDetails (OrderID,ProductID,UnitPrice,Quantity,Discount) VALUES (10873,28,45.6,3,0);
INSERT INTO OrderDetails (OrderID,ProductID,UnitPrice,Quantity,Discount) VALUES (10874,10,31,10,0);
INSERT INTO OrderDetails (OrderID,ProductID,UnitPrice,Quantity,Discount) VALUES (10875,19,9.2,25,0);
INSERT INTO OrderDetails (OrderID,ProductID,UnitPrice,Quantity,Discount) VALUES (10875,47,9.5,21,0.1);
INSERT INTO OrderDetails (OrderID,ProductID,UnitPrice,Quantity,Discount) VALUES (10875,49,20,15,0);
INSERT INTO OrderDetails (OrderID,ProductID,UnitPrice,Quantity,Discount) VALUES (10876,46,12,21,0);
INSERT INTO OrderDetails (OrderID,ProductID,UnitPrice,Quantity,Discount) VALUES (10876,64,33.25,20,0);
INSERT INTO OrderDetails (OrderID,ProductID,UnitPrice,Quantity,Discount) VALUES (10877,16,17.45,30,0.25);
INSERT INTO OrderDetails (OrderID,ProductID,UnitPrice,Quantity,Discount) VALUES (10877,18,62.5,25,0);
INSERT INTO OrderDetails (OrderID,ProductID,UnitPrice,Quantity,Discount) VALUES (10878,20,81,20,0.05);
INSERT INTO OrderDetails (OrderID,ProductID,UnitPrice,Quantity,Discount) VALUES (10879,40,18.4,12,0);
INSERT INTO OrderDetails (OrderID,ProductID,UnitPrice,Quantity,Discount) VALUES (10879,65,21.05,10,0);
INSERT INTO OrderDetails (OrderID,ProductID,UnitPrice,Quantity,Discount) VALUES (10879,76,18,10,0);
INSERT INTO OrderDetails (OrderID,ProductID,UnitPrice,Quantity,Discount) VALUES (10880,23,9,30,0.2);
INSERT INTO OrderDetails (OrderID,ProductID,UnitPrice,Quantity,Discount) VALUES (10880,61,28.5,30,0.2);
INSERT INTO OrderDetails (OrderID,ProductID,UnitPrice,Quantity,Discount) VALUES (10880,70,15,50,0.2);
INSERT INTO OrderDetails (OrderID,ProductID,UnitPrice,Quantity,Discount) VALUES (10881,73,15,10,0);
INSERT INTO OrderDetails (OrderID,ProductID,UnitPrice,Quantity,Discount) VALUES (10882,42,14,25,0);
INSERT INTO OrderDetails (OrderID,ProductID,UnitPrice,Quantity,Discount) VALUES (10882,49,20,20,0.15);
INSERT INTO OrderDetails (OrderID,ProductID,UnitPrice,Quantity,Discount) VALUES (10882,54,7.45,32,0.15);
INSERT INTO OrderDetails (OrderID,ProductID,UnitPrice,Quantity,Discount) VALUES (10883,24,4.5,8,0);
INSERT INTO OrderDetails (OrderID,ProductID,UnitPrice,Quantity,Discount) VALUES (10884,21,10,40,0.05);
INSERT INTO OrderDetails (OrderID,ProductID,UnitPrice,Quantity,Discount) VALUES (10884,56,38,21,0.05);
INSERT INTO OrderDetails (OrderID,ProductID,UnitPrice,Quantity,Discount) VALUES (10884,65,21.05,12,0.05);
INSERT INTO OrderDetails (OrderID,ProductID,UnitPrice,Quantity,Discount) VALUES (10885,2,19,20,0);
INSERT INTO OrderDetails (OrderID,ProductID,UnitPrice,Quantity,Discount) VALUES (10885,24,4.5,12,0);
INSERT INTO OrderDetails (OrderID,ProductID,UnitPrice,Quantity,Discount) VALUES (10885,70,15,30,0);
INSERT INTO OrderDetails (OrderID,ProductID,UnitPrice,Quantity,Discount) VALUES (10885,77,13,25,0);
INSERT INTO OrderDetails (OrderID,ProductID,UnitPrice,Quantity,Discount) VALUES (10886,10,31,70,0);
INSERT INTO OrderDetails (OrderID,ProductID,UnitPrice,Quantity,Discount) VALUES (10886,31,12.5,35,0);
INSERT INTO OrderDetails (OrderID,ProductID,UnitPrice,Quantity,Discount) VALUES (10886,77,13,40,0);
INSERT INTO OrderDetails (OrderID,ProductID,UnitPrice,Quantity,Discount) VALUES (10887,25,14,5,0);
INSERT INTO OrderDetails (OrderID,ProductID,UnitPrice,Quantity,Discount) VALUES (10888,2,19,20,0);
INSERT INTO OrderDetails (OrderID,ProductID,UnitPrice,Quantity,Discount) VALUES (10888,68,12.5,18,0);
INSERT INTO OrderDetails (OrderID,ProductID,UnitPrice,Quantity,Discount) VALUES (10889,11,21,40,0);
INSERT INTO OrderDetails (OrderID,ProductID,UnitPrice,Quantity,Discount) VALUES (10889,38,263.5,40,0);
INSERT INTO OrderDetails (OrderID,ProductID,UnitPrice,Quantity,Discount) VALUES (10890,17,39,15,0);
INSERT INTO OrderDetails (OrderID,ProductID,UnitPrice,Quantity,Discount) VALUES (10890,34,14,10,0);
INSERT INTO OrderDetails (OrderID,ProductID,UnitPrice,Quantity,Discount) VALUES (10890,41,9.65,14,0);
INSERT INTO OrderDetails (OrderID,ProductID,UnitPrice,Quantity,Discount) VALUES (10891,30,25.89,15,0.05);
INSERT INTO OrderDetails (OrderID,ProductID,UnitPrice,Quantity,Discount) VALUES (10892,59,55,40,0.05);
INSERT INTO OrderDetails (OrderID,ProductID,UnitPrice,Quantity,Discount) VALUES (10893,8,40,30,0);
INSERT INTO OrderDetails (OrderID,ProductID,UnitPrice,Quantity,Discount) VALUES (10893,24,4.5,10,0);
INSERT INTO OrderDetails (OrderID,ProductID,UnitPrice,Quantity,Discount) VALUES (10893,29,123.79,24,0);
INSERT INTO OrderDetails (OrderID,ProductID,UnitPrice,Quantity,Discount) VALUES (10893,30,25.89,35,0);
INSERT INTO OrderDetails (OrderID,ProductID,UnitPrice,Quantity,Discount) VALUES (10893,36,19,20,0);
INSERT INTO OrderDetails (OrderID,ProductID,UnitPrice,Quantity,Discount) VALUES (10894,13,6,28,0.05);
INSERT INTO OrderDetails (OrderID,ProductID,UnitPrice,Quantity,Discount) VALUES (10894,69,36,50,0.05);
INSERT INTO OrderDetails (OrderID,ProductID,UnitPrice,Quantity,Discount) VALUES (10894,75,7.75,120,0.05);
INSERT INTO OrderDetails (OrderID,ProductID,UnitPrice,Quantity,Discount) VALUES (10895,24,4.5,110,0);
INSERT INTO OrderDetails (OrderID,ProductID,UnitPrice,Quantity,Discount) VALUES (10895,39,18,45,0);
INSERT INTO OrderDetails (OrderID,ProductID,UnitPrice,Quantity,Discount) VALUES (10895,40,18.4,91,0);
INSERT INTO OrderDetails (OrderID,ProductID,UnitPrice,Quantity,Discount) VALUES (10895,60,34,100,0);
INSERT INTO OrderDetails (OrderID,ProductID,UnitPrice,Quantity,Discount) VALUES (10896,45,9.5,15,0);
INSERT INTO OrderDetails (OrderID,ProductID,UnitPrice,Quantity,Discount) VALUES (10896,56,38,16,0);
INSERT INTO OrderDetails (OrderID,ProductID,UnitPrice,Quantity,Discount) VALUES (10897,29,123.79,80,0);
INSERT INTO OrderDetails (OrderID,ProductID,UnitPrice,Quantity,Discount) VALUES (10897,30,25.89,36,0);
INSERT INTO OrderDetails (OrderID,ProductID,UnitPrice,Quantity,Discount) VALUES (10898,13,6,5,0);
INSERT INTO OrderDetails (OrderID,ProductID,UnitPrice,Quantity,Discount) VALUES (10899,39,18,8,0.15);
INSERT INTO OrderDetails (OrderID,ProductID,UnitPrice,Quantity,Discount) VALUES (10900,70,15,3,0.25);
INSERT INTO OrderDetails (OrderID,ProductID,UnitPrice,Quantity,Discount) VALUES (10901,41,9.65,30,0);
INSERT INTO OrderDetails (OrderID,ProductID,UnitPrice,Quantity,Discount) VALUES (10901,71,21.5,30,0);
INSERT INTO OrderDetails (OrderID,ProductID,UnitPrice,Quantity,Discount) VALUES (10902,55,24,30,0.15);
INSERT INTO OrderDetails (OrderID,ProductID,UnitPrice,Quantity,Discount) VALUES (10902,62,49.3,6,0.15);
INSERT INTO OrderDetails (OrderID,ProductID,UnitPrice,Quantity,Discount) VALUES (10903,13,6,40,0);
INSERT INTO OrderDetails (OrderID,ProductID,UnitPrice,Quantity,Discount) VALUES (10903,65,21.05,21,0);
INSERT INTO OrderDetails (OrderID,ProductID,UnitPrice,Quantity,Discount) VALUES (10903,68,12.5,20,0);
INSERT INTO OrderDetails (OrderID,ProductID,UnitPrice,Quantity,Discount) VALUES (10904,58,13.25,15,0);
INSERT INTO OrderDetails (OrderID,ProductID,UnitPrice,Quantity,Discount) VALUES (10904,62,49.3,35,0);
INSERT INTO OrderDetails (OrderID,ProductID,UnitPrice,Quantity,Discount) VALUES (10905,1,18,20,0.05);
INSERT INTO OrderDetails (OrderID,ProductID,UnitPrice,Quantity,Discount) VALUES (10906,61,28.5,15,0);
INSERT INTO OrderDetails (OrderID,ProductID,UnitPrice,Quantity,Discount) VALUES (10907,75,7.75,14,0);
INSERT INTO OrderDetails (OrderID,ProductID,UnitPrice,Quantity,Discount) VALUES (10908,7,30,20,0.05);
INSERT INTO OrderDetails (OrderID,ProductID,UnitPrice,Quantity,Discount) VALUES (10908,52,7,14,0.05);
INSERT INTO OrderDetails (OrderID,ProductID,UnitPrice,Quantity,Discount) VALUES (10909,7,30,12,0);
INSERT INTO OrderDetails (OrderID,ProductID,UnitPrice,Quantity,Discount) VALUES (10909,16,17.45,15,0);
INSERT INTO OrderDetails (OrderID,ProductID,UnitPrice,Quantity,Discount) VALUES (10909,41,9.65,5,0);
INSERT INTO OrderDetails (OrderID,ProductID,UnitPrice,Quantity,Discount) VALUES (10910,19,9.2,12,0);
INSERT INTO OrderDetails (OrderID,ProductID,UnitPrice,Quantity,Discount) VALUES (10910,49,20,10,0);
INSERT INTO OrderDetails (OrderID,ProductID,UnitPrice,Quantity,Discount) VALUES (10910,61,28.5,5,0);
INSERT INTO OrderDetails (OrderID,ProductID,UnitPrice,Quantity,Discount) VALUES (10911,1,18,10,0);
INSERT INTO OrderDetails (OrderID,ProductID,UnitPrice,Quantity,Discount) VALUES (10911,17,39,12,0);
INSERT INTO OrderDetails (OrderID,ProductID,UnitPrice,Quantity,Discount) VALUES (10911,67,14,15,0);
INSERT INTO OrderDetails (OrderID,ProductID,UnitPrice,Quantity,Discount) VALUES (10912,11,21,40,0.25);
INSERT INTO OrderDetails (OrderID,ProductID,UnitPrice,Quantity,Discount) VALUES (10912,29,123.79,60,0.25);
INSERT INTO OrderDetails (OrderID,ProductID,UnitPrice,Quantity,Discount) VALUES (10913,4,22,30,0.25);
INSERT INTO OrderDetails (OrderID,ProductID,UnitPrice,Quantity,Discount) VALUES (10913,33,2.5,40,0.25);
INSERT INTO OrderDetails (OrderID,ProductID,UnitPrice,Quantity,Discount) VALUES (10913,58,13.25,15,0);
INSERT INTO OrderDetails (OrderID,ProductID,UnitPrice,Quantity,Discount) VALUES (10914,71,21.5,25,0);
INSERT INTO OrderDetails (OrderID,ProductID,UnitPrice,Quantity,Discount) VALUES (10915,17,39,10,0);
INSERT INTO OrderDetails (OrderID,ProductID,UnitPrice,Quantity,Discount) VALUES (10915,33,2.5,30,0);
INSERT INTO OrderDetails (OrderID,ProductID,UnitPrice,Quantity,Discount) VALUES (10915,54,7.45,10,0);
INSERT INTO OrderDetails (OrderID,ProductID,UnitPrice,Quantity,Discount) VALUES (10916,16,17.45,6,0);
INSERT INTO OrderDetails (OrderID,ProductID,UnitPrice,Quantity,Discount) VALUES (10916,32,32,6,0);
INSERT INTO OrderDetails (OrderID,ProductID,UnitPrice,Quantity,Discount) VALUES (10916,57,19.5,20,0);
INSERT INTO OrderDetails (OrderID,ProductID,UnitPrice,Quantity,Discount) VALUES (10917,30,25.89,1,0);
INSERT INTO OrderDetails (OrderID,ProductID,UnitPrice,Quantity,Discount) VALUES (10917,60,34,10,0);
INSERT INTO OrderDetails (OrderID,ProductID,UnitPrice,Quantity,Discount) VALUES (10918,1,18,60,0.25);
INSERT INTO OrderDetails (OrderID,ProductID,UnitPrice,Quantity,Discount) VALUES (10918,60,34,25,0.25);
INSERT INTO OrderDetails (OrderID,ProductID,UnitPrice,Quantity,Discount) VALUES (10919,16,17.45,24,0);
INSERT INTO OrderDetails (OrderID,ProductID,UnitPrice,Quantity,Discount) VALUES (10919,25,14,24,0);
INSERT INTO OrderDetails (OrderID,ProductID,UnitPrice,Quantity,Discount) VALUES (10919,40,18.4,20,0);
INSERT INTO OrderDetails (OrderID,ProductID,UnitPrice,Quantity,Discount) VALUES (10920,50,16.25,24,0);
INSERT INTO OrderDetails (OrderID,ProductID,UnitPrice,Quantity,Discount) VALUES (10921,35,18,10,0);
INSERT INTO OrderDetails (OrderID,ProductID,UnitPrice,Quantity,Discount) VALUES (10921,63,43.9,40,0);
INSERT INTO OrderDetails (OrderID,ProductID,UnitPrice,Quantity,Discount) VALUES (10922,17,39,15,0);
INSERT INTO OrderDetails (OrderID,ProductID,UnitPrice,Quantity,Discount) VALUES (10922,24,4.5,35,0);
INSERT INTO OrderDetails (OrderID,ProductID,UnitPrice,Quantity,Discount) VALUES (10923,42,14,10,0.2);
INSERT INTO OrderDetails (OrderID,ProductID,UnitPrice,Quantity,Discount) VALUES (10923,43,46,10,0.2);
INSERT INTO OrderDetails (OrderID,ProductID,UnitPrice,Quantity,Discount) VALUES (10923,67,14,24,0.2);
INSERT INTO OrderDetails (OrderID,ProductID,UnitPrice,Quantity,Discount) VALUES (10924,10,31,20,0.1);
INSERT INTO OrderDetails (OrderID,ProductID,UnitPrice,Quantity,Discount) VALUES (10924,28,45.6,30,0.1);
INSERT INTO OrderDetails (OrderID,ProductID,UnitPrice,Quantity,Discount) VALUES (10924,75,7.75,6,0);
INSERT INTO OrderDetails (OrderID,ProductID,UnitPrice,Quantity,Discount) VALUES (10925,36,19,25,0.15);
INSERT INTO OrderDetails (OrderID,ProductID,UnitPrice,Quantity,Discount) VALUES (10925,52,7,12,0.15);
INSERT INTO OrderDetails (OrderID,ProductID,UnitPrice,Quantity,Discount) VALUES (10926,11,21,2,0);
INSERT INTO OrderDetails (OrderID,ProductID,UnitPrice,Quantity,Discount) VALUES (10926,13,6,10,0);
INSERT INTO OrderDetails (OrderID,ProductID,UnitPrice,Quantity,Discount) VALUES (10926,19,9.2,7,0);
INSERT INTO OrderDetails (OrderID,ProductID,UnitPrice,Quantity,Discount) VALUES (10926,72,34.8,10,0);
INSERT INTO OrderDetails (OrderID,ProductID,UnitPrice,Quantity,Discount) VALUES (10927,20,81,5,0);
INSERT INTO OrderDetails (OrderID,ProductID,UnitPrice,Quantity,Discount) VALUES (10927,52,7,5,0);
INSERT INTO OrderDetails (OrderID,ProductID,UnitPrice,Quantity,Discount) VALUES (10927,76,18,20,0);
INSERT INTO OrderDetails (OrderID,ProductID,UnitPrice,Quantity,Discount) VALUES (10928,47,9.5,5,0);
INSERT INTO OrderDetails (OrderID,ProductID,UnitPrice,Quantity,Discount) VALUES (10928,76,18,5,0);
INSERT INTO OrderDetails (OrderID,ProductID,UnitPrice,Quantity,Discount) VALUES (10929,21,10,60,0);
INSERT INTO OrderDetails (OrderID,ProductID,UnitPrice,Quantity,Discount) VALUES (10929,75,7.75,49,0);
INSERT INTO OrderDetails (OrderID,ProductID,UnitPrice,Quantity,Discount) VALUES (10929,77,13,15,0);
INSERT INTO OrderDetails (OrderID,ProductID,UnitPrice,Quantity,Discount) VALUES (10930,21,10,36,0);
INSERT INTO OrderDetails (OrderID,ProductID,UnitPrice,Quantity,Discount) VALUES (10930,27,43.9,25,0);
INSERT INTO OrderDetails (OrderID,ProductID,UnitPrice,Quantity,Discount) VALUES (10930,55,24,25,0.2);
INSERT INTO OrderDetails (OrderID,ProductID,UnitPrice,Quantity,Discount) VALUES (10930,58,13.25,30,0.2);
INSERT INTO OrderDetails (OrderID,ProductID,UnitPrice,Quantity,Discount) VALUES (10931,13,6,42,0.15);
INSERT INTO OrderDetails (OrderID,ProductID,UnitPrice,Quantity,Discount) VALUES (10931,57,19.5,30,0);
INSERT INTO OrderDetails (OrderID,ProductID,UnitPrice,Quantity,Discount) VALUES (10932,16,17.45,30,0.1);
INSERT INTO OrderDetails (OrderID,ProductID,UnitPrice,Quantity,Discount) VALUES (10932,62,49.3,14,0.1);
INSERT INTO OrderDetails (OrderID,ProductID,UnitPrice,Quantity,Discount) VALUES (10932,72,34.8,16,0);
INSERT INTO OrderDetails (OrderID,ProductID,UnitPrice,Quantity,Discount) VALUES (10932,75,7.75,20,0.1);
INSERT INTO OrderDetails (OrderID,ProductID,UnitPrice,Quantity,Discount) VALUES (10933,53,32.8,2,0);
INSERT INTO OrderDetails (OrderID,ProductID,UnitPrice,Quantity,Discount) VALUES (10933,61,28.5,30,0);
INSERT INTO OrderDetails (OrderID,ProductID,UnitPrice,Quantity,Discount) VALUES (10934,6,25,20,0);
INSERT INTO OrderDetails (OrderID,ProductID,UnitPrice,Quantity,Discount) VALUES (10935,1,18,21,0);
INSERT INTO OrderDetails (OrderID,ProductID,UnitPrice,Quantity,Discount) VALUES (10935,18,62.5,4,0.25);
INSERT INTO OrderDetails (OrderID,ProductID,UnitPrice,Quantity,Discount) VALUES (10935,23,9,8,0.25);
INSERT INTO OrderDetails (OrderID,ProductID,UnitPrice,Quantity,Discount) VALUES (10936,36,19,30,0.2);
INSERT INTO OrderDetails (OrderID,ProductID,UnitPrice,Quantity,Discount) VALUES (10937,28,45.6,8,0);
INSERT INTO OrderDetails (OrderID,ProductID,UnitPrice,Quantity,Discount) VALUES (10937,34,14,20,0);
INSERT INTO OrderDetails (OrderID,ProductID,UnitPrice,Quantity,Discount) VALUES (10938,13,6,20,0.25);
INSERT INTO OrderDetails (OrderID,ProductID,UnitPrice,Quantity,Discount) VALUES (10938,43,46,24,0.25);
INSERT INTO OrderDetails (OrderID,ProductID,UnitPrice,Quantity,Discount) VALUES (10938,60,34,49,0.25);
INSERT INTO OrderDetails (OrderID,ProductID,UnitPrice,Quantity,Discount) VALUES (10938,71,21.5,35,0.25);
INSERT INTO OrderDetails (OrderID,ProductID,UnitPrice,Quantity,Discount) VALUES (10939,2,19,10,0.15);
INSERT INTO OrderDetails (OrderID,ProductID,UnitPrice,Quantity,Discount) VALUES (10939,67,14,40,0.15);
INSERT INTO OrderDetails (OrderID,ProductID,UnitPrice,Quantity,Discount) VALUES (10940,7,30,8,0);
INSERT INTO OrderDetails (OrderID,ProductID,UnitPrice,Quantity,Discount) VALUES (10940,13,6,20,0);
INSERT INTO OrderDetails (OrderID,ProductID,UnitPrice,Quantity,Discount) VALUES (10941,31,12.5,44,0.25);
INSERT INTO OrderDetails (OrderID,ProductID,UnitPrice,Quantity,Discount) VALUES (10941,62,49.3,30,0.25);
INSERT INTO OrderDetails (OrderID,ProductID,UnitPrice,Quantity,Discount) VALUES (10941,68,12.5,80,0.25);
INSERT INTO OrderDetails (OrderID,ProductID,UnitPrice,Quantity,Discount) VALUES (10941,72,34.8,50,0);
INSERT INTO OrderDetails (OrderID,ProductID,UnitPrice,Quantity,Discount) VALUES (10942,49,20,28,0);
INSERT INTO OrderDetails (OrderID,ProductID,UnitPrice,Quantity,Discount) VALUES (10943,13,6,15,0);
INSERT INTO OrderDetails (OrderID,ProductID,UnitPrice,Quantity,Discount) VALUES (10943,22,21,21,0);
INSERT INTO OrderDetails (OrderID,ProductID,UnitPrice,Quantity,Discount) VALUES (10943,46,12,15,0);
INSERT INTO OrderDetails (OrderID,ProductID,UnitPrice,Quantity,Discount) VALUES (10944,11,21,5,0.25);
INSERT INTO OrderDetails (OrderID,ProductID,UnitPrice,Quantity,Discount) VALUES (10944,44,19.45,18,0.25);
INSERT INTO OrderDetails (OrderID,ProductID,UnitPrice,Quantity,Discount) VALUES (10944,56,38,18,0);
INSERT INTO OrderDetails (OrderID,ProductID,UnitPrice,Quantity,Discount) VALUES (10945,13,6,20,0);
INSERT INTO OrderDetails (OrderID,ProductID,UnitPrice,Quantity,Discount) VALUES (10945,31,12.5,10,0);
INSERT INTO OrderDetails (OrderID,ProductID,UnitPrice,Quantity,Discount) VALUES (10946,10,31,25,0);
INSERT INTO OrderDetails (OrderID,ProductID,UnitPrice,Quantity,Discount) VALUES (10946,24,4.5,25,0);
INSERT INTO OrderDetails (OrderID,ProductID,UnitPrice,Quantity,Discount) VALUES (10946,77,13,40,0);
INSERT INTO OrderDetails (OrderID,ProductID,UnitPrice,Quantity,Discount) VALUES (10947,59,55,4,0);
INSERT INTO OrderDetails (OrderID,ProductID,UnitPrice,Quantity,Discount) VALUES (10948,50,16.25,9,0);
INSERT INTO OrderDetails (OrderID,ProductID,UnitPrice,Quantity,Discount) VALUES (10948,51,53,40,0);
INSERT INTO OrderDetails (OrderID,ProductID,UnitPrice,Quantity,Discount) VALUES (10948,55,24,4,0);
INSERT INTO OrderDetails (OrderID,ProductID,UnitPrice,Quantity,Discount) VALUES (10949,6,25,12,0);
INSERT INTO OrderDetails (OrderID,ProductID,UnitPrice,Quantity,Discount) VALUES (10949,10,31,30,0);
INSERT INTO OrderDetails (OrderID,ProductID,UnitPrice,Quantity,Discount) VALUES (10949,17,39,6,0);
INSERT INTO OrderDetails (OrderID,ProductID,UnitPrice,Quantity,Discount) VALUES (10949,62,49.3,60,0);
INSERT INTO OrderDetails (OrderID,ProductID,UnitPrice,Quantity,Discount) VALUES (10950,4,22,5,0);
INSERT INTO OrderDetails (OrderID,ProductID,UnitPrice,Quantity,Discount) VALUES (10951,33,2.5,15,0.05);
INSERT INTO OrderDetails (OrderID,ProductID,UnitPrice,Quantity,Discount) VALUES (10951,41,9.65,6,0.05);
INSERT INTO OrderDetails (OrderID,ProductID,UnitPrice,Quantity,Discount) VALUES (10951,75,7.75,50,0.05);
INSERT INTO OrderDetails (OrderID,ProductID,UnitPrice,Quantity,Discount) VALUES (10952,6,25,16,0.05);
INSERT INTO OrderDetails (OrderID,ProductID,UnitPrice,Quantity,Discount) VALUES (10952,28,45.6,2,0);
INSERT INTO OrderDetails (OrderID,ProductID,UnitPrice,Quantity,Discount) VALUES (10953,20,81,50,0.05);
INSERT INTO OrderDetails (OrderID,ProductID,UnitPrice,Quantity,Discount) VALUES (10953,31,12.5,50,0.05);
INSERT INTO OrderDetails (OrderID,ProductID,UnitPrice,Quantity,Discount) VALUES (10954,16,17.45,28,0.15);
INSERT INTO OrderDetails (OrderID,ProductID,UnitPrice,Quantity,Discount) VALUES (10954,31,12.5,25,0.15);
INSERT INTO OrderDetails (OrderID,ProductID,UnitPrice,Quantity,Discount) VALUES (10954,45,9.5,30,0);
INSERT INTO OrderDetails (OrderID,ProductID,UnitPrice,Quantity,Discount) VALUES (10954,60,34,24,0.15);
INSERT INTO OrderDetails (OrderID,ProductID,UnitPrice,Quantity,Discount) VALUES (10955,75,7.75,12,0.2);
INSERT INTO OrderDetails (OrderID,ProductID,UnitPrice,Quantity,Discount) VALUES (10956,21,10,12,0);
INSERT INTO OrderDetails (OrderID,ProductID,UnitPrice,Quantity,Discount) VALUES (10956,47,9.5,14,0);
INSERT INTO OrderDetails (OrderID,ProductID,UnitPrice,Quantity,Discount) VALUES (10956,51,53,8,0);
INSERT INTO OrderDetails (OrderID,ProductID,UnitPrice,Quantity,Discount) VALUES (10957,30,25.89,30,0);
INSERT INTO OrderDetails (OrderID,ProductID,UnitPrice,Quantity,Discount) VALUES (10957,35,18,40,0);
INSERT INTO OrderDetails (OrderID,ProductID,UnitPrice,Quantity,Discount) VALUES (10957,64,33.25,8,0);
INSERT INTO OrderDetails (OrderID,ProductID,UnitPrice,Quantity,Discount) VALUES (10958,5,21.35,20,0);
INSERT INTO OrderDetails (OrderID,ProductID,UnitPrice,Quantity,Discount) VALUES (10958,7,30,6,0);
INSERT INTO OrderDetails (OrderID,ProductID,UnitPrice,Quantity,Discount) VALUES (10958,72,34.8,5,0);
INSERT INTO OrderDetails (OrderID,ProductID,UnitPrice,Quantity,Discount) VALUES (10959,75,7.75,20,0.15);
INSERT INTO OrderDetails (OrderID,ProductID,UnitPrice,Quantity,Discount) VALUES (10960,24,4.5,10,0.25);
INSERT INTO OrderDetails (OrderID,ProductID,UnitPrice,Quantity,Discount) VALUES (10960,41,9.65,24,0);
INSERT INTO OrderDetails (OrderID,ProductID,UnitPrice,Quantity,Discount) VALUES (10961,52,7,6,0.05);
INSERT INTO OrderDetails (OrderID,ProductID,UnitPrice,Quantity,Discount) VALUES (10961,76,18,60,0);
INSERT INTO OrderDetails (OrderID,ProductID,UnitPrice,Quantity,Discount) VALUES (10962,7,30,45,0);
INSERT INTO OrderDetails (OrderID,ProductID,UnitPrice,Quantity,Discount) VALUES (10962,13,6,77,0);
INSERT INTO OrderDetails (OrderID,ProductID,UnitPrice,Quantity,Discount) VALUES (10962,53,32.8,20,0);
INSERT INTO OrderDetails (OrderID,ProductID,UnitPrice,Quantity,Discount) VALUES (10962,69,36,9,0);
INSERT INTO OrderDetails (OrderID,ProductID,UnitPrice,Quantity,Discount) VALUES (10962,76,18,44,0);
INSERT INTO OrderDetails (OrderID,ProductID,UnitPrice,Quantity,Discount) VALUES (10963,60,34,2,0.15);
INSERT INTO OrderDetails (OrderID,ProductID,UnitPrice,Quantity,Discount) VALUES (10964,18,62.5,6,0);
INSERT INTO OrderDetails (OrderID,ProductID,UnitPrice,Quantity,Discount) VALUES (10964,38,263.5,5,0);
INSERT INTO OrderDetails (OrderID,ProductID,UnitPrice,Quantity,Discount) VALUES (10964,69,36,10,0);
INSERT INTO OrderDetails (OrderID,ProductID,UnitPrice,Quantity,Discount) VALUES (10965,51,53,16,0);
INSERT INTO OrderDetails (OrderID,ProductID,UnitPrice,Quantity,Discount) VALUES (10966,37,26,8,0);
INSERT INTO OrderDetails (OrderID,ProductID,UnitPrice,Quantity,Discount) VALUES (10966,56,38,12,0.15);
INSERT INTO OrderDetails (OrderID,ProductID,UnitPrice,Quantity,Discount) VALUES (10966,62,49.3,12,0.15);
INSERT INTO OrderDetails (OrderID,ProductID,UnitPrice,Quantity,Discount) VALUES (10967,19,9.2,12,0);
INSERT INTO OrderDetails (OrderID,ProductID,UnitPrice,Quantity,Discount) VALUES (10967,49,20,40,0);
INSERT INTO OrderDetails (OrderID,ProductID,UnitPrice,Quantity,Discount) VALUES (10968,12,38,30,0);
INSERT INTO OrderDetails (OrderID,ProductID,UnitPrice,Quantity,Discount) VALUES (10968,24,4.5,30,0);
INSERT INTO OrderDetails (OrderID,ProductID,UnitPrice,Quantity,Discount) VALUES (10968,64,33.25,4,0);
INSERT INTO OrderDetails (OrderID,ProductID,UnitPrice,Quantity,Discount) VALUES (10969,46,12,9,0);
INSERT INTO OrderDetails (OrderID,ProductID,UnitPrice,Quantity,Discount) VALUES (10970,52,7,40,0.2);
INSERT INTO OrderDetails (OrderID,ProductID,UnitPrice,Quantity,Discount) VALUES (10971,29,123.79,14,0);
INSERT INTO OrderDetails (OrderID,ProductID,UnitPrice,Quantity,Discount) VALUES (10972,17,39,6,0);
INSERT INTO OrderDetails (OrderID,ProductID,UnitPrice,Quantity,Discount) VALUES (10972,33,2.5,7,0);
INSERT INTO OrderDetails (OrderID,ProductID,UnitPrice,Quantity,Discount) VALUES (10973,26,31.23,5,0);
INSERT INTO OrderDetails (OrderID,ProductID,UnitPrice,Quantity,Discount) VALUES (10973,41,9.65,6,0);
INSERT INTO OrderDetails (OrderID,ProductID,UnitPrice,Quantity,Discount) VALUES (10973,75,7.75,10,0);
INSERT INTO OrderDetails (OrderID,ProductID,UnitPrice,Quantity,Discount) VALUES (10974,63,43.9,10,0);
INSERT INTO OrderDetails (OrderID,ProductID,UnitPrice,Quantity,Discount) VALUES (10975,8,40,16,0);
INSERT INTO OrderDetails (OrderID,ProductID,UnitPrice,Quantity,Discount) VALUES (10975,75,7.75,10,0);
INSERT INTO OrderDetails (OrderID,ProductID,UnitPrice,Quantity,Discount) VALUES (10976,28,45.6,20,0);
INSERT INTO OrderDetails (OrderID,ProductID,UnitPrice,Quantity,Discount) VALUES (10977,39,18,30,0);
INSERT INTO OrderDetails (OrderID,ProductID,UnitPrice,Quantity,Discount) VALUES (10977,47,9.5,30,0);
INSERT INTO OrderDetails (OrderID,ProductID,UnitPrice,Quantity,Discount) VALUES (10977,51,53,10,0);
INSERT INTO OrderDetails (OrderID,ProductID,UnitPrice,Quantity,Discount) VALUES (10977,63,43.9,20,0);
INSERT INTO OrderDetails (OrderID,ProductID,UnitPrice,Quantity,Discount) VALUES (10978,8,40,20,0.15);
INSERT INTO OrderDetails (OrderID,ProductID,UnitPrice,Quantity,Discount) VALUES (10978,21,10,40,0.15);
INSERT INTO OrderDetails (OrderID,ProductID,UnitPrice,Quantity,Discount) VALUES (10978,40,18.4,10,0);
INSERT INTO OrderDetails (OrderID,ProductID,UnitPrice,Quantity,Discount) VALUES (10978,44,19.45,6,0.15);
INSERT INTO OrderDetails (OrderID,ProductID,UnitPrice,Quantity,Discount) VALUES (10979,7,30,18,0);
INSERT INTO OrderDetails (OrderID,ProductID,UnitPrice,Quantity,Discount) VALUES (10979,12,38,20,0);
INSERT INTO OrderDetails (OrderID,ProductID,UnitPrice,Quantity,Discount) VALUES (10979,24,4.5,80,0);
INSERT INTO OrderDetails (OrderID,ProductID,UnitPrice,Quantity,Discount) VALUES (10979,27,43.9,30,0);
INSERT INTO OrderDetails (OrderID,ProductID,UnitPrice,Quantity,Discount) VALUES (10979,31,12.5,24,0);
INSERT INTO OrderDetails (OrderID,ProductID,UnitPrice,Quantity,Discount) VALUES (10979,63,43.9,35,0);
INSERT INTO OrderDetails (OrderID,ProductID,UnitPrice,Quantity,Discount) VALUES (10980,75,7.75,40,0.2);
INSERT INTO OrderDetails (OrderID,ProductID,UnitPrice,Quantity,Discount) VALUES (10981,38,263.5,60,0);
INSERT INTO OrderDetails (OrderID,ProductID,UnitPrice,Quantity,Discount) VALUES (10982,7,30,20,0);
INSERT INTO OrderDetails (OrderID,ProductID,UnitPrice,Quantity,Discount) VALUES (10982,43,46,9,0);
INSERT INTO OrderDetails (OrderID,ProductID,UnitPrice,Quantity,Discount) VALUES (10983,13,6,84,0.15);
INSERT INTO OrderDetails (OrderID,ProductID,UnitPrice,Quantity,Discount) VALUES (10983,57,19.5,15,0);
INSERT INTO OrderDetails (OrderID,ProductID,UnitPrice,Quantity,Discount) VALUES (10984,16,17.45,55,0);
INSERT INTO OrderDetails (OrderID,ProductID,UnitPrice,Quantity,Discount) VALUES (10984,24,4.5,20,0);
INSERT INTO OrderDetails (OrderID,ProductID,UnitPrice,Quantity,Discount) VALUES (10984,36,19,40,0);
INSERT INTO OrderDetails (OrderID,ProductID,UnitPrice,Quantity,Discount) VALUES (10985,16,17.45,36,0.1);
INSERT INTO OrderDetails (OrderID,ProductID,UnitPrice,Quantity,Discount) VALUES (10985,18,62.5,8,0.1);
INSERT INTO OrderDetails (OrderID,ProductID,UnitPrice,Quantity,Discount) VALUES (10985,32,32,35,0.1);
INSERT INTO OrderDetails (OrderID,ProductID,UnitPrice,Quantity,Discount) VALUES (10986,11,21,30,0);
INSERT INTO OrderDetails (OrderID,ProductID,UnitPrice,Quantity,Discount) VALUES (10986,20,81,15,0);
INSERT INTO OrderDetails (OrderID,ProductID,UnitPrice,Quantity,Discount) VALUES (10986,76,18,10,0);
INSERT INTO OrderDetails (OrderID,ProductID,UnitPrice,Quantity,Discount) VALUES (10986,77,13,15,0);
INSERT INTO OrderDetails (OrderID,ProductID,UnitPrice,Quantity,Discount) VALUES (10987,7,30,60,0);
INSERT INTO OrderDetails (OrderID,ProductID,UnitPrice,Quantity,Discount) VALUES (10987,43,46,6,0);
INSERT INTO OrderDetails (OrderID,ProductID,UnitPrice,Quantity,Discount) VALUES (10987,72,34.8,20,0);
INSERT INTO OrderDetails (OrderID,ProductID,UnitPrice,Quantity,Discount) VALUES (10988,7,30,60,0);
INSERT INTO OrderDetails (OrderID,ProductID,UnitPrice,Quantity,Discount) VALUES (10988,62,49.3,40,0.1);
INSERT INTO OrderDetails (OrderID,ProductID,UnitPrice,Quantity,Discount) VALUES (10989,6,25,40,0);
INSERT INTO OrderDetails (OrderID,ProductID,UnitPrice,Quantity,Discount) VALUES (10989,11,21,15,0);
INSERT INTO OrderDetails (OrderID,ProductID,UnitPrice,Quantity,Discount) VALUES (10989,41,9.65,4,0);
INSERT INTO OrderDetails (OrderID,ProductID,UnitPrice,Quantity,Discount) VALUES (10990,21,10,65,0);
INSERT INTO OrderDetails (OrderID,ProductID,UnitPrice,Quantity,Discount) VALUES (10990,34,14,60,0.15);
INSERT INTO OrderDetails (OrderID,ProductID,UnitPrice,Quantity,Discount) VALUES (10990,55,24,65,0.15);
INSERT INTO OrderDetails (OrderID,ProductID,UnitPrice,Quantity,Discount) VALUES (10990,61,28.5,66,0.15);
INSERT INTO OrderDetails (OrderID,ProductID,UnitPrice,Quantity,Discount) VALUES (10991,2,19,50,0.2);
INSERT INTO OrderDetails (OrderID,ProductID,UnitPrice,Quantity,Discount) VALUES (10991,70,15,20,0.2);
INSERT INTO OrderDetails (OrderID,ProductID,UnitPrice,Quantity,Discount) VALUES (10991,76,18,90,0.2);
INSERT INTO OrderDetails (OrderID,ProductID,UnitPrice,Quantity,Discount) VALUES (10992,72,34.8,2,0);
INSERT INTO OrderDetails (OrderID,ProductID,UnitPrice,Quantity,Discount) VALUES (10993,29,123.79,50,0.25);
INSERT INTO OrderDetails (OrderID,ProductID,UnitPrice,Quantity,Discount) VALUES (10993,41,9.65,35,0.25);
INSERT INTO OrderDetails (OrderID,ProductID,UnitPrice,Quantity,Discount) VALUES (10994,59,55,18,0.05);
INSERT INTO OrderDetails (OrderID,ProductID,UnitPrice,Quantity,Discount) VALUES (10995,51,53,20,0);
INSERT INTO OrderDetails (OrderID,ProductID,UnitPrice,Quantity,Discount) VALUES (10995,60,34,4,0);
INSERT INTO OrderDetails (OrderID,ProductID,UnitPrice,Quantity,Discount) VALUES (10996,42,14,40,0);
INSERT INTO OrderDetails (OrderID,ProductID,UnitPrice,Quantity,Discount) VALUES (10997,32,32,50,0);
INSERT INTO OrderDetails (OrderID,ProductID,UnitPrice,Quantity,Discount) VALUES (10997,46,12,20,0.25);
INSERT INTO OrderDetails (OrderID,ProductID,UnitPrice,Quantity,Discount) VALUES (10997,52,7,20,0.25);
INSERT INTO OrderDetails (OrderID,ProductID,UnitPrice,Quantity,Discount) VALUES (10998,24,4.5,12,0);
INSERT INTO OrderDetails (OrderID,ProductID,UnitPrice,Quantity,Discount) VALUES (10998,61,28.5,7,0);
INSERT INTO OrderDetails (OrderID,ProductID,UnitPrice,Quantity,Discount) VALUES (10998,74,10,20,0);
INSERT INTO OrderDetails (OrderID,ProductID,UnitPrice,Quantity,Discount) VALUES (10998,75,7.75,30,0);
INSERT INTO OrderDetails (OrderID,ProductID,UnitPrice,Quantity,Discount) VALUES (10999,41,9.65,20,0.05);
INSERT INTO OrderDetails (OrderID,ProductID,UnitPrice,Quantity,Discount) VALUES (10999,51,53,15,0.05);
INSERT INTO OrderDetails (OrderID,ProductID,UnitPrice,Quantity,Discount) VALUES (10999,77,13,21,0.05);
INSERT INTO OrderDetails (OrderID,ProductID,UnitPrice,Quantity,Discount) VALUES (11000,4,22,25,0.25);
INSERT INTO OrderDetails (OrderID,ProductID,UnitPrice,Quantity,Discount) VALUES (11000,24,4.5,30,0.25);
INSERT INTO OrderDetails (OrderID,ProductID,UnitPrice,Quantity,Discount) VALUES (11000,77,13,30,0);
INSERT INTO OrderDetails (OrderID,ProductID,UnitPrice,Quantity,Discount) VALUES (11001,7,30,60,0);
INSERT INTO OrderDetails (OrderID,ProductID,UnitPrice,Quantity,Discount) VALUES (11001,22,21,25,0);
INSERT INTO OrderDetails (OrderID,ProductID,UnitPrice,Quantity,Discount) VALUES (11001,46,12,25,0);
INSERT INTO OrderDetails (OrderID,ProductID,UnitPrice,Quantity,Discount) VALUES (11001,55,24,6,0);
INSERT INTO OrderDetails (OrderID,ProductID,UnitPrice,Quantity,Discount) VALUES (11002,13,6,56,0);
INSERT INTO OrderDetails (OrderID,ProductID,UnitPrice,Quantity,Discount) VALUES (11002,35,18,15,0.15);
INSERT INTO OrderDetails (OrderID,ProductID,UnitPrice,Quantity,Discount) VALUES (11002,42,14,24,0.15);
INSERT INTO OrderDetails (OrderID,ProductID,UnitPrice,Quantity,Discount) VALUES (11002,55,24,40,0);
INSERT INTO OrderDetails (OrderID,ProductID,UnitPrice,Quantity,Discount) VALUES (11003,1,18,4,0);
INSERT INTO OrderDetails (OrderID,ProductID,UnitPrice,Quantity,Discount) VALUES (11003,40,18.4,10,0);
INSERT INTO OrderDetails (OrderID,ProductID,UnitPrice,Quantity,Discount) VALUES (11003,52,7,10,0);
INSERT INTO OrderDetails (OrderID,ProductID,UnitPrice,Quantity,Discount) VALUES (11004,26,31.23,6,0);
INSERT INTO OrderDetails (OrderID,ProductID,UnitPrice,Quantity,Discount) VALUES (11004,76,18,6,0);
INSERT INTO OrderDetails (OrderID,ProductID,UnitPrice,Quantity,Discount) VALUES (11005,1,18,2,0);
INSERT INTO OrderDetails (OrderID,ProductID,UnitPrice,Quantity,Discount) VALUES (11005,59,55,10,0);
INSERT INTO OrderDetails (OrderID,ProductID,UnitPrice,Quantity,Discount) VALUES (11006,1,18,8,0);
INSERT INTO OrderDetails (OrderID,ProductID,UnitPrice,Quantity,Discount) VALUES (11006,29,123.79,2,0.25);
INSERT INTO OrderDetails (OrderID,ProductID,UnitPrice,Quantity,Discount) VALUES (11007,8,40,30,0);
INSERT INTO OrderDetails (OrderID,ProductID,UnitPrice,Quantity,Discount) VALUES (11007,29,123.79,10,0);
INSERT INTO OrderDetails (OrderID,ProductID,UnitPrice,Quantity,Discount) VALUES (11007,42,14,14,0);
INSERT INTO OrderDetails (OrderID,ProductID,UnitPrice,Quantity,Discount) VALUES (11008,28,45.6,70,0.05);
INSERT INTO OrderDetails (OrderID,ProductID,UnitPrice,Quantity,Discount) VALUES (11008,34,14,90,0.05);
INSERT INTO OrderDetails (OrderID,ProductID,UnitPrice,Quantity,Discount) VALUES (11008,71,21.5,21,0);
INSERT INTO OrderDetails (OrderID,ProductID,UnitPrice,Quantity,Discount) VALUES (11009,24,4.5,12,0);
INSERT INTO OrderDetails (OrderID,ProductID,UnitPrice,Quantity,Discount) VALUES (11009,36,19,18,0.25);
INSERT INTO OrderDetails (OrderID,ProductID,UnitPrice,Quantity,Discount) VALUES (11009,60,34,9,0);
INSERT INTO OrderDetails (OrderID,ProductID,UnitPrice,Quantity,Discount) VALUES (11010,7,30,20,0);
INSERT INTO OrderDetails (OrderID,ProductID,UnitPrice,Quantity,Discount) VALUES (11010,24,4.5,10,0);
INSERT INTO OrderDetails (OrderID,ProductID,UnitPrice,Quantity,Discount) VALUES (11011,58,13.25,40,0.05);
INSERT INTO OrderDetails (OrderID,ProductID,UnitPrice,Quantity,Discount) VALUES (11011,71,21.5,20,0);
INSERT INTO OrderDetails (OrderID,ProductID,UnitPrice,Quantity,Discount) VALUES (11012,19,9.2,50,0.05);
INSERT INTO OrderDetails (OrderID,ProductID,UnitPrice,Quantity,Discount) VALUES (11012,60,34,36,0.05);
INSERT INTO OrderDetails (OrderID,ProductID,UnitPrice,Quantity,Discount) VALUES (11012,71,21.5,60,0.05);
INSERT INTO OrderDetails (OrderID,ProductID,UnitPrice,Quantity,Discount) VALUES (11013,23,9,10,0);
INSERT INTO OrderDetails (OrderID,ProductID,UnitPrice,Quantity,Discount) VALUES (11013,42,14,4,0);
INSERT INTO OrderDetails (OrderID,ProductID,UnitPrice,Quantity,Discount) VALUES (11013,45,9.5,20,0);
INSERT INTO OrderDetails (OrderID,ProductID,UnitPrice,Quantity,Discount) VALUES (11013,68,12.5,2,0);
INSERT INTO OrderDetails (OrderID,ProductID,UnitPrice,Quantity,Discount) VALUES (11014,41,9.65,28,0.1);
INSERT INTO OrderDetails (OrderID,ProductID,UnitPrice,Quantity,Discount) VALUES (11015,30,25.89,15,0);
INSERT INTO OrderDetails (OrderID,ProductID,UnitPrice,Quantity,Discount) VALUES (11015,77,13,18,0);
INSERT INTO OrderDetails (OrderID,ProductID,UnitPrice,Quantity,Discount) VALUES (11016,31,12.5,15,0);
INSERT INTO OrderDetails (OrderID,ProductID,UnitPrice,Quantity,Discount) VALUES (11016,36,19,16,0);
INSERT INTO OrderDetails (OrderID,ProductID,UnitPrice,Quantity,Discount) VALUES (11017,3,10,25,0);
INSERT INTO OrderDetails (OrderID,ProductID,UnitPrice,Quantity,Discount) VALUES (11017,59,55,110,0);
INSERT INTO OrderDetails (OrderID,ProductID,UnitPrice,Quantity,Discount) VALUES (11017,70,15,30,0);
INSERT INTO OrderDetails (OrderID,ProductID,UnitPrice,Quantity,Discount) VALUES (11018,12,38,20,0);
INSERT INTO OrderDetails (OrderID,ProductID,UnitPrice,Quantity,Discount) VALUES (11018,18,62.5,10,0);
INSERT INTO OrderDetails (OrderID,ProductID,UnitPrice,Quantity,Discount) VALUES (11018,56,38,5,0);
INSERT INTO OrderDetails (OrderID,ProductID,UnitPrice,Quantity,Discount) VALUES (11019,46,12,3,0);
INSERT INTO OrderDetails (OrderID,ProductID,UnitPrice,Quantity,Discount) VALUES (11019,49,20,2,0);
INSERT INTO OrderDetails (OrderID,ProductID,UnitPrice,Quantity,Discount) VALUES (11020,10,31,24,0.15);
INSERT INTO OrderDetails (OrderID,ProductID,UnitPrice,Quantity,Discount) VALUES (11021,2,19,11,0.25);
INSERT INTO OrderDetails (OrderID,ProductID,UnitPrice,Quantity,Discount) VALUES (11021,20,81,15,0);
INSERT INTO OrderDetails (OrderID,ProductID,UnitPrice,Quantity,Discount) VALUES (11021,26,31.23,63,0);
INSERT INTO OrderDetails (OrderID,ProductID,UnitPrice,Quantity,Discount) VALUES (11021,51,53,44,0.25);
INSERT INTO OrderDetails (OrderID,ProductID,UnitPrice,Quantity,Discount) VALUES (11021,72,34.8,35,0);
INSERT INTO OrderDetails (OrderID,ProductID,UnitPrice,Quantity,Discount) VALUES (11022,19,9.2,35,0);
INSERT INTO OrderDetails (OrderID,ProductID,UnitPrice,Quantity,Discount) VALUES (11022,69,36,30,0);
INSERT INTO OrderDetails (OrderID,ProductID,UnitPrice,Quantity,Discount) VALUES (11023,7,30,4,0);
INSERT INTO OrderDetails (OrderID,ProductID,UnitPrice,Quantity,Discount) VALUES (11023,43,46,30,0);
INSERT INTO OrderDetails (OrderID,ProductID,UnitPrice,Quantity,Discount) VALUES (11024,26,31.23,12,0);
INSERT INTO OrderDetails (OrderID,ProductID,UnitPrice,Quantity,Discount) VALUES (11024,33,2.5,30,0);
INSERT INTO OrderDetails (OrderID,ProductID,UnitPrice,Quantity,Discount) VALUES (11024,65,21.05,21,0);
INSERT INTO OrderDetails (OrderID,ProductID,UnitPrice,Quantity,Discount) VALUES (11024,71,21.5,50,0);
INSERT INTO OrderDetails (OrderID,ProductID,UnitPrice,Quantity,Discount) VALUES (11025,1,18,10,0.1);
INSERT INTO OrderDetails (OrderID,ProductID,UnitPrice,Quantity,Discount) VALUES (11025,13,6,20,0.1);
INSERT INTO OrderDetails (OrderID,ProductID,UnitPrice,Quantity,Discount) VALUES (11026,18,62.5,8,0);
INSERT INTO OrderDetails (OrderID,ProductID,UnitPrice,Quantity,Discount) VALUES (11026,51,53,10,0);
INSERT INTO OrderDetails (OrderID,ProductID,UnitPrice,Quantity,Discount) VALUES (11027,24,4.5,30,0.25);
INSERT INTO OrderDetails (OrderID,ProductID,UnitPrice,Quantity,Discount) VALUES (11027,62,49.3,21,0.25);
INSERT INTO OrderDetails (OrderID,ProductID,UnitPrice,Quantity,Discount) VALUES (11028,55,24,35,0);
INSERT INTO OrderDetails (OrderID,ProductID,UnitPrice,Quantity,Discount) VALUES (11028,59,55,24,0);
INSERT INTO OrderDetails (OrderID,ProductID,UnitPrice,Quantity,Discount) VALUES (11029,56,38,20,0);
INSERT INTO OrderDetails (OrderID,ProductID,UnitPrice,Quantity,Discount) VALUES (11029,63,43.9,12,0);
INSERT INTO OrderDetails (OrderID,ProductID,UnitPrice,Quantity,Discount) VALUES (11030,2,19,100,0.25);
INSERT INTO OrderDetails (OrderID,ProductID,UnitPrice,Quantity,Discount) VALUES (11030,5,21.35,70,0);
INSERT INTO OrderDetails (OrderID,ProductID,UnitPrice,Quantity,Discount) VALUES (11030,29,123.79,60,0.25);
INSERT INTO OrderDetails (OrderID,ProductID,UnitPrice,Quantity,Discount) VALUES (11030,59,55,100,0.25);
INSERT INTO OrderDetails (OrderID,ProductID,UnitPrice,Quantity,Discount) VALUES (11031,1,18,45,0);
INSERT INTO OrderDetails (OrderID,ProductID,UnitPrice,Quantity,Discount) VALUES (11031,13,6,80,0);
INSERT INTO OrderDetails (OrderID,ProductID,UnitPrice,Quantity,Discount) VALUES (11031,24,4.5,21,0);
INSERT INTO OrderDetails (OrderID,ProductID,UnitPrice,Quantity,Discount) VALUES (11031,64,33.25,20,0);
INSERT INTO OrderDetails (OrderID,ProductID,UnitPrice,Quantity,Discount) VALUES (11031,71,21.5,16,0);
INSERT INTO OrderDetails (OrderID,ProductID,UnitPrice,Quantity,Discount) VALUES (11032,36,19,35,0);
INSERT INTO OrderDetails (OrderID,ProductID,UnitPrice,Quantity,Discount) VALUES (11032,38,263.5,25,0);
INSERT INTO OrderDetails (OrderID,ProductID,UnitPrice,Quantity,Discount) VALUES (11032,59,55,30,0);
INSERT INTO OrderDetails (OrderID,ProductID,UnitPrice,Quantity,Discount) VALUES (11033,53,32.8,70,0.1);
INSERT INTO OrderDetails (OrderID,ProductID,UnitPrice,Quantity,Discount) VALUES (11033,69,36,36,0.1);
INSERT INTO OrderDetails (OrderID,ProductID,UnitPrice,Quantity,Discount) VALUES (11034,21,10,15,0.1);
INSERT INTO OrderDetails (OrderID,ProductID,UnitPrice,Quantity,Discount) VALUES (11034,44,19.45,12,0);
INSERT INTO OrderDetails (OrderID,ProductID,UnitPrice,Quantity,Discount) VALUES (11034,61,28.5,6,0);
INSERT INTO OrderDetails (OrderID,ProductID,UnitPrice,Quantity,Discount) VALUES (11035,1,18,10,0);
INSERT INTO OrderDetails (OrderID,ProductID,UnitPrice,Quantity,Discount) VALUES (11035,35,18,60,0);
INSERT INTO OrderDetails (OrderID,ProductID,UnitPrice,Quantity,Discount) VALUES (11035,42,14,30,0);
INSERT INTO OrderDetails (OrderID,ProductID,UnitPrice,Quantity,Discount) VALUES (11035,54,7.45,10,0);
INSERT INTO OrderDetails (OrderID,ProductID,UnitPrice,Quantity,Discount) VALUES (11036,13,6,7,0);
INSERT INTO OrderDetails (OrderID,ProductID,UnitPrice,Quantity,Discount) VALUES (11036,59,55,30,0);
INSERT INTO OrderDetails (OrderID,ProductID,UnitPrice,Quantity,Discount) VALUES (11037,70,15,4,0);
INSERT INTO OrderDetails (OrderID,ProductID,UnitPrice,Quantity,Discount) VALUES (11038,40,18.4,5,0.2);
INSERT INTO OrderDetails (OrderID,ProductID,UnitPrice,Quantity,Discount) VALUES (11038,52,7,2,0);
INSERT INTO OrderDetails (OrderID,ProductID,UnitPrice,Quantity,Discount) VALUES (11038,71,21.5,30,0);
INSERT INTO OrderDetails (OrderID,ProductID,UnitPrice,Quantity,Discount) VALUES (11039,28,45.6,20,0);
INSERT INTO OrderDetails (OrderID,ProductID,UnitPrice,Quantity,Discount) VALUES (11039,35,18,24,0);
INSERT INTO OrderDetails (OrderID,ProductID,UnitPrice,Quantity,Discount) VALUES (11039,49,20,60,0);
INSERT INTO OrderDetails (OrderID,ProductID,UnitPrice,Quantity,Discount) VALUES (11039,57,19.5,28,0);
INSERT INTO OrderDetails (OrderID,ProductID,UnitPrice,Quantity,Discount) VALUES (11040,21,10,20,0);
INSERT INTO OrderDetails (OrderID,ProductID,UnitPrice,Quantity,Discount) VALUES (11041,2,19,30,0.2);
INSERT INTO OrderDetails (OrderID,ProductID,UnitPrice,Quantity,Discount) VALUES (11041,63,43.9,30,0);
INSERT INTO OrderDetails (OrderID,ProductID,UnitPrice,Quantity,Discount) VALUES (11042,44,19.45,15,0);
INSERT INTO OrderDetails (OrderID,ProductID,UnitPrice,Quantity,Discount) VALUES (11042,61,28.5,4,0);
INSERT INTO OrderDetails (OrderID,ProductID,UnitPrice,Quantity,Discount) VALUES (11043,11,21,10,0);
INSERT INTO OrderDetails (OrderID,ProductID,UnitPrice,Quantity,Discount) VALUES (11044,62,49.3,12,0);
INSERT INTO OrderDetails (OrderID,ProductID,UnitPrice,Quantity,Discount) VALUES (11045,33,2.5,15,0);
INSERT INTO OrderDetails (OrderID,ProductID,UnitPrice,Quantity,Discount) VALUES (11045,51,53,24,0);
INSERT INTO OrderDetails (OrderID,ProductID,UnitPrice,Quantity,Discount) VALUES (11046,12,38,20,0.05);
INSERT INTO OrderDetails (OrderID,ProductID,UnitPrice,Quantity,Discount) VALUES (11046,32,32,15,0.05);
INSERT INTO OrderDetails (OrderID,ProductID,UnitPrice,Quantity,Discount) VALUES (11046,35,18,18,0.05);
INSERT INTO OrderDetails (OrderID,ProductID,UnitPrice,Quantity,Discount) VALUES (11047,1,18,25,0.25);
INSERT INTO OrderDetails (OrderID,ProductID,UnitPrice,Quantity,Discount) VALUES (11047,5,21.35,30,0.25);
INSERT INTO OrderDetails (OrderID,ProductID,UnitPrice,Quantity,Discount) VALUES (11048,68,12.5,42,0);
INSERT INTO OrderDetails (OrderID,ProductID,UnitPrice,Quantity,Discount) VALUES (11049,2,19,10,0.2);
INSERT INTO OrderDetails (OrderID,ProductID,UnitPrice,Quantity,Discount) VALUES (11049,12,38,4,0.2);
INSERT INTO OrderDetails (OrderID,ProductID,UnitPrice,Quantity,Discount) VALUES (11050,76,18,50,0.1);
INSERT INTO OrderDetails (OrderID,ProductID,UnitPrice,Quantity,Discount) VALUES (11051,24,4.5,10,0.2);
INSERT INTO OrderDetails (OrderID,ProductID,UnitPrice,Quantity,Discount) VALUES (11052,43,46,30,0.2);
INSERT INTO OrderDetails (OrderID,ProductID,UnitPrice,Quantity,Discount) VALUES (11052,61,28.5,10,0.2);
INSERT INTO OrderDetails (OrderID,ProductID,UnitPrice,Quantity,Discount) VALUES (11053,18,62.5,35,0.2);
INSERT INTO OrderDetails (OrderID,ProductID,UnitPrice,Quantity,Discount) VALUES (11053,32,32,20,0);
INSERT INTO OrderDetails (OrderID,ProductID,UnitPrice,Quantity,Discount) VALUES (11053,64,33.25,25,0.2);
INSERT INTO OrderDetails (OrderID,ProductID,UnitPrice,Quantity,Discount) VALUES (11054,33,2.5,10,0);
INSERT INTO OrderDetails (OrderID,ProductID,UnitPrice,Quantity,Discount) VALUES (11054,67,14,20,0);
INSERT INTO OrderDetails (OrderID,ProductID,UnitPrice,Quantity,Discount) VALUES (11055,24,4.5,15,0);
INSERT INTO OrderDetails (OrderID,ProductID,UnitPrice,Quantity,Discount) VALUES (11055,25,14,15,0);
INSERT INTO OrderDetails (OrderID,ProductID,UnitPrice,Quantity,Discount) VALUES (11055,51,53,20,0);
INSERT INTO OrderDetails (OrderID,ProductID,UnitPrice,Quantity,Discount) VALUES (11055,57,19.5,20,0);
INSERT INTO OrderDetails (OrderID,ProductID,UnitPrice,Quantity,Discount) VALUES (11056,7,30,40,0);
INSERT INTO OrderDetails (OrderID,ProductID,UnitPrice,Quantity,Discount) VALUES (11056,55,24,35,0);
INSERT INTO OrderDetails (OrderID,ProductID,UnitPrice,Quantity,Discount) VALUES (11056,60,34,50,0);
INSERT INTO OrderDetails (OrderID,ProductID,UnitPrice,Quantity,Discount) VALUES (11057,70,15,3,0);
INSERT INTO OrderDetails (OrderID,ProductID,UnitPrice,Quantity,Discount) VALUES (11058,21,10,3,0);
INSERT INTO OrderDetails (OrderID,ProductID,UnitPrice,Quantity,Discount) VALUES (11058,60,34,21,0);
INSERT INTO OrderDetails (OrderID,ProductID,UnitPrice,Quantity,Discount) VALUES (11058,61,28.5,4,0);
INSERT INTO OrderDetails (OrderID,ProductID,UnitPrice,Quantity,Discount) VALUES (11059,13,6,30,0);
INSERT INTO OrderDetails (OrderID,ProductID,UnitPrice,Quantity,Discount) VALUES (11059,17,39,12,0);
INSERT INTO OrderDetails (OrderID,ProductID,UnitPrice,Quantity,Discount) VALUES (11059,60,34,35,0);
INSERT INTO OrderDetails (OrderID,ProductID,UnitPrice,Quantity,Discount) VALUES (11060,60,34,4,0);
INSERT INTO OrderDetails (OrderID,ProductID,UnitPrice,Quantity,Discount) VALUES (11060,77,13,10,0);
INSERT INTO OrderDetails (OrderID,ProductID,UnitPrice,Quantity,Discount) VALUES (11061,60,34,15,0);
INSERT INTO OrderDetails (OrderID,ProductID,UnitPrice,Quantity,Discount) VALUES (11062,53,32.8,10,0.2);
INSERT INTO OrderDetails (OrderID,ProductID,UnitPrice,Quantity,Discount) VALUES (11062,70,15,12,0.2);
INSERT INTO OrderDetails (OrderID,ProductID,UnitPrice,Quantity,Discount) VALUES (11063,34,14,30,0);
INSERT INTO OrderDetails (OrderID,ProductID,UnitPrice,Quantity,Discount) VALUES (11063,40,18.4,40,0.1);
INSERT INTO OrderDetails (OrderID,ProductID,UnitPrice,Quantity,Discount) VALUES (11063,41,9.65,30,0.1);
INSERT INTO OrderDetails (OrderID,ProductID,UnitPrice,Quantity,Discount) VALUES (11064,17,39,77,0.1);
INSERT INTO OrderDetails (OrderID,ProductID,UnitPrice,Quantity,Discount) VALUES (11064,41,9.65,12,0);
INSERT INTO OrderDetails (OrderID,ProductID,UnitPrice,Quantity,Discount) VALUES (11064,53,32.8,25,0.1);
INSERT INTO OrderDetails (OrderID,ProductID,UnitPrice,Quantity,Discount) VALUES (11064,55,24,4,0.1);
INSERT INTO OrderDetails (OrderID,ProductID,UnitPrice,Quantity,Discount) VALUES (11064,68,12.5,55,0);
INSERT INTO OrderDetails (OrderID,ProductID,UnitPrice,Quantity,Discount) VALUES (11065,30,25.89,4,0.25);
INSERT INTO OrderDetails (OrderID,ProductID,UnitPrice,Quantity,Discount) VALUES (11065,54,7.45,20,0.25);
INSERT INTO OrderDetails (OrderID,ProductID,UnitPrice,Quantity,Discount) VALUES (11066,16,17.45,3,0);
INSERT INTO OrderDetails (OrderID,ProductID,UnitPrice,Quantity,Discount) VALUES (11066,19,9.2,42,0);
INSERT INTO OrderDetails (OrderID,ProductID,UnitPrice,Quantity,Discount) VALUES (11066,34,14,35,0);
INSERT INTO OrderDetails (OrderID,ProductID,UnitPrice,Quantity,Discount) VALUES (11067,41,9.65,9,0);
INSERT INTO OrderDetails (OrderID,ProductID,UnitPrice,Quantity,Discount) VALUES (11068,28,45.6,8,0.15);
INSERT INTO OrderDetails (OrderID,ProductID,UnitPrice,Quantity,Discount) VALUES (11068,43,46,36,0.15);
INSERT INTO OrderDetails (OrderID,ProductID,UnitPrice,Quantity,Discount) VALUES (11068,77,13,28,0.15);
INSERT INTO OrderDetails (OrderID,ProductID,UnitPrice,Quantity,Discount) VALUES (11069,39,18,20,0);
INSERT INTO OrderDetails (OrderID,ProductID,UnitPrice,Quantity,Discount) VALUES (11070,1,18,40,0.15);
INSERT INTO OrderDetails (OrderID,ProductID,UnitPrice,Quantity,Discount) VALUES (11070,2,19,20,0.15);
INSERT INTO OrderDetails (OrderID,ProductID,UnitPrice,Quantity,Discount) VALUES (11070,16,17.45,30,0.15);
INSERT INTO OrderDetails (OrderID,ProductID,UnitPrice,Quantity,Discount) VALUES (11070,31,12.5,20,0);
INSERT INTO OrderDetails (OrderID,ProductID,UnitPrice,Quantity,Discount) VALUES (11071,7,30,15,0.05);
INSERT INTO OrderDetails (OrderID,ProductID,UnitPrice,Quantity,Discount) VALUES (11071,13,6,10,0.05);
INSERT INTO OrderDetails (OrderID,ProductID,UnitPrice,Quantity,Discount) VALUES (11072,2,19,8,0);
INSERT INTO OrderDetails (OrderID,ProductID,UnitPrice,Quantity,Discount) VALUES (11072,41,9.65,40,0);
INSERT INTO OrderDetails (OrderID,ProductID,UnitPrice,Quantity,Discount) VALUES (11072,50,16.25,22,0);
INSERT INTO OrderDetails (OrderID,ProductID,UnitPrice,Quantity,Discount) VALUES (11072,64,33.25,130,0);
INSERT INTO OrderDetails (OrderID,ProductID,UnitPrice,Quantity,Discount) VALUES (11073,11,21,10,0);
INSERT INTO OrderDetails (OrderID,ProductID,UnitPrice,Quantity,Discount) VALUES (11073,24,4.5,20,0);
INSERT INTO OrderDetails (OrderID,ProductID,UnitPrice,Quantity,Discount) VALUES (11074,16,17.45,14,0.05);
INSERT INTO OrderDetails (OrderID,ProductID,UnitPrice,Quantity,Discount) VALUES (11075,2,19,10,0.15);
INSERT INTO OrderDetails (OrderID,ProductID,UnitPrice,Quantity,Discount) VALUES (11075,46,12,30,0.15);
INSERT INTO OrderDetails (OrderID,ProductID,UnitPrice,Quantity,Discount) VALUES (11075,76,18,2,0.15);
INSERT INTO OrderDetails (OrderID,ProductID,UnitPrice,Quantity,Discount) VALUES (11076,6,25,20,0.25);
INSERT INTO OrderDetails (OrderID,ProductID,UnitPrice,Quantity,Discount) VALUES (11076,14,23.25,20,0.25);
INSERT INTO OrderDetails (OrderID,ProductID,UnitPrice,Quantity,Discount) VALUES (11076,19,9.2,10,0.25);
INSERT INTO OrderDetails (OrderID,ProductID,UnitPrice,Quantity,Discount) VALUES (11077,2,19,24,0.2);
INSERT INTO OrderDetails (OrderID,ProductID,UnitPrice,Quantity,Discount) VALUES (11077,3,10,4,0);
INSERT INTO OrderDetails (OrderID,ProductID,UnitPrice,Quantity,Discount) VALUES (11077,4,22,1,0);
INSERT INTO OrderDetails (OrderID,ProductID,UnitPrice,Quantity,Discount) VALUES (11077,6,25,1,0.02);
INSERT INTO OrderDetails (OrderID,ProductID,UnitPrice,Quantity,Discount) VALUES (11077,7,30,1,0.05);
INSERT INTO OrderDetails (OrderID,ProductID,UnitPrice,Quantity,Discount) VALUES (11077,8,40,2,0.1);
INSERT INTO OrderDetails (OrderID,ProductID,UnitPrice,Quantity,Discount) VALUES (11077,10,31,1,0);
INSERT INTO OrderDetails (OrderID,ProductID,UnitPrice,Quantity,Discount) VALUES (11077,12,38,2,0.05);
INSERT INTO OrderDetails (OrderID,ProductID,UnitPrice,Quantity,Discount) VALUES (11077,13,6,4,0);
INSERT INTO OrderDetails (OrderID,ProductID,UnitPrice,Quantity,Discount) VALUES (11077,14,23.25,1,0.03);
INSERT INTO OrderDetails (OrderID,ProductID,UnitPrice,Quantity,Discount) VALUES (11077,16,17.45,2,0.03);
INSERT INTO OrderDetails (OrderID,ProductID,UnitPrice,Quantity,Discount) VALUES (11077,20,81,1,0.04);
INSERT INTO OrderDetails (OrderID,ProductID,UnitPrice,Quantity,Discount) VALUES (11077,23,9,2,0);
INSERT INTO OrderDetails (OrderID,ProductID,UnitPrice,Quantity,Discount) VALUES (11077,32,32,1,0);
INSERT INTO OrderDetails (OrderID,ProductID,UnitPrice,Quantity,Discount) VALUES (11077,39,18,2,0.05);
INSERT INTO OrderDetails (OrderID,ProductID,UnitPrice,Quantity,Discount) VALUES (11077,41,9.65,3,0);
INSERT INTO OrderDetails (OrderID,ProductID,UnitPrice,Quantity,Discount) VALUES (11077,46,12,3,0.02);
INSERT INTO OrderDetails (OrderID,ProductID,UnitPrice,Quantity,Discount) VALUES (11077,52,7,2,0);
INSERT INTO OrderDetails (OrderID,ProductID,UnitPrice,Quantity,Discount) VALUES (11077,55,24,2,0);
INSERT INTO OrderDetails (OrderID,ProductID,UnitPrice,Quantity,Discount) VALUES (11077,60,34,2,0.06);
INSERT INTO OrderDetails (OrderID,ProductID,UnitPrice,Quantity,Discount) VALUES (11077,64,33.25,2,0.03);
INSERT INTO OrderDetails (OrderID,ProductID,UnitPrice,Quantity,Discount) VALUES (11077,66,17,1,0);
INSERT INTO OrderDetails (OrderID,ProductID,UnitPrice,Quantity,Discount) VALUES (11077,73,15,2,0.01);
INSERT INTO OrderDetails (OrderID,ProductID,UnitPrice,Quantity,Discount) VALUES (11077,75,7.75,4,0);
INSERT INTO OrderDetails (OrderID,ProductID,UnitPrice,Quantity,Discount) VALUES (11077,77,13,2,0);